{
  "config": {
    "tool": "argus",
    "regime": "common",
    "model": "xgb",
    "task": "binary",
    "split": "temporal",
    "seed": 1,
    "include_port": true,
    "dataset": "dapt20",
    "n_features": 10,
    "subsample_benign": null,
    "max_train": 400000
  },
  "config_hash": "fb1daad279abf4b7",
  "git_commit": null,
  "n_train": 33251,
  "n_test": 14154,
  "n_test_unseen_class": 0,
  "features": [
    "duration",
    "pkts_fwd",
    "pkts_bwd",
    "bytes_fwd",
    "bytes_bwd",
    "tot_pkts",
    "tot_bytes",
    "is_tcp",
    "is_udp",
    "dst_port"
  ],
  "metrics": {
    "macro_f1": 0.4989508216863055,
    "weighted_f1": 0.8098418732112166,
    "balanced_accuracy": 0.5154594776851398,
    "per_class": {
      "0": {
        "precision": 0.868021757801317,
        "recall": 0.9913356220369463,
        "f1-score": 0.9255895596428299,
        "support": 12234.0
      },
      "1": {
        "precision": 0.4175824175824176,
        "recall": 0.03958333333333333,
        "f1-score": 0.07231208372978117,
        "support": 1920.0
      }
    },
    "fpr": 0.008664377963053785,
    "attack_recall": 0.03958333333333333,
    "attack_precision": 0.4175824175824176,
    "auc_pr": 0.25568449997038595,
    "confusion_matrix": [
      [
        12128,
        106
      ],
      [
        1844,
        76
      ]
    ],
    "class_order": [
      "0",
      "1"
    ]
  },
  "feature_importances": {
    "dst_port": 0.4544382095336914,
    "bytes_bwd": 0.20172344148159027,
    "is_tcp": 0.08392801135778427,
    "duration": 0.051836539059877396,
    "is_udp": 0.04604997858405113,
    "tot_bytes": 0.04494500532746315,
    "tot_pkts": 0.040680211037397385,
    "pkts_fwd": 0.029908452183008194,
    "pkts_bwd": 0.023653093725442886,
    "bytes_fwd": 0.022837070748209953
  },
  "wall_seconds": 0.6
}