{
  "config": {
    "tool": "cicflowmeter-orig",
    "regime": "common",
    "model": "xgb",
    "task": "multiclass",
    "split": "stratified",
    "seed": 0,
    "include_port": true,
    "dataset": "dapt20",
    "n_features": 10,
    "subsample_benign": null,
    "max_train": 400000
  },
  "config_hash": "99d3675ce4f8dfd7",
  "git_commit": null,
  "n_train": 57226,
  "n_test": 24526,
  "n_test_unseen_class": 0,
  "features": [
    "duration",
    "pkts_fwd",
    "pkts_bwd",
    "bytes_fwd",
    "bytes_bwd",
    "tot_pkts",
    "tot_bytes",
    "is_tcp",
    "is_udp",
    "dst_port"
  ],
  "metrics": {
    "macro_f1": 0.6741241845001528,
    "weighted_f1": 0.939634853892213,
    "balanced_accuracy": 0.665516079263033,
    "per_class": {
      "BENIGN": {
        "precision": 0.9641002483630616,
        "recall": 0.95938886704488,
        "f1-score": 0.9617387876910949,
        "support": 17803.0
      },
      "Data Exfiltration": {
        "precision": 0.0,
        "recall": 0.0,
        "f1-score": 0.0,
        "support": 1.0
      },
      "Establish Foothold": {
        "precision": 0.9782439782439782,
        "recall": 0.9740812379110252,
        "f1-score": 0.976158170188021,
        "support": 2585.0
      },
      "Lateral Movement": {
        "precision": 0.6615678776290631,
        "recall": 0.4759284731774415,
        "f1-score": 0.5536,
        "support": 727.0
      },
      "Reconnaissance": {
        "precision": 0.8432534338809587,
        "recall": 0.9181818181818182,
        "f1-score": 0.8791239646216482,
        "support": 3410.0
      }
    },
    "confusion_matrix": [
      [
        17080,
        0,
        19,
        173,
        531
      ],
      [
        1,
        0,
        0,
        0,
        0
      ],
      [
        27,
        0,
        2518,
        2,
        38
      ],
      [
        354,
        0,
        14,
        346,
        13
      ],
      [
        254,
        0,
        23,
        2,
        3131
      ]
    ],
    "class_order": [
      "BENIGN",
      "Data Exfiltration",
      "Establish Foothold",
      "Lateral Movement",
      "Reconnaissance"
    ]
  },
  "feature_importances": {
    "is_tcp": 0.7248907685279846,
    "dst_port": 0.1262868046760559,
    "bytes_bwd": 0.031206194311380386,
    "tot_pkts": 0.02729067951440811,
    "duration": 0.021840086206793785,
    "pkts_bwd": 0.017559394240379333,
    "is_udp": 0.015646450221538544,
    "pkts_fwd": 0.014964999631047249,
    "bytes_fwd": 0.010379644110798836,
    "tot_bytes": 0.009934945963323116
  },
  "wall_seconds": 2.9
}