{
  "config": {
    "tool": "cicflowmeter-orig",
    "regime": "common",
    "model": "rf",
    "task": "multiclass",
    "split": "stratified",
    "seed": 0,
    "include_port": true,
    "dataset": "dapt20",
    "n_features": 10,
    "subsample_benign": null,
    "max_train": 400000
  },
  "config_hash": "bb3002f2377d6ffa",
  "git_commit": null,
  "n_train": 57226,
  "n_test": 24526,
  "n_test_unseen_class": 0,
  "features": [
    "duration",
    "pkts_fwd",
    "pkts_bwd",
    "bytes_fwd",
    "bytes_bwd",
    "tot_pkts",
    "tot_bytes",
    "is_tcp",
    "is_udp",
    "dst_port"
  ],
  "metrics": {
    "macro_f1": 0.6309780325320818,
    "weighted_f1": 0.9011383786893178,
    "balanced_accuracy": 0.7176371633560871,
    "per_class": {
      "BENIGN": {
        "precision": 0.9735763385255723,
        "recall": 0.8671572206931416,
        "f1-score": 0.9172905525846702,
        "support": 17803.0
      },
      "Data Exfiltration": {
        "precision": 0.0,
        "recall": 0.0,
        "f1-score": 0.0,
        "support": 1.0
      },
      "Establish Foothold": {
        "precision": 0.9858490566037735,
        "recall": 0.9702127659574468,
        "f1-score": 0.9779684148956912,
        "support": 2585.0
      },
      "Lateral Movement": {
        "precision": 0.2556296914095079,
        "recall": 0.8431911966987621,
        "f1-score": 0.39232,
        "support": 727.0
      },
      "Reconnaissance": {
        "precision": 0.8304266165817011,
        "recall": 0.907624633431085,
        "f1-score": 0.8673111951800476,
        "support": 3410.0
      }
    },
    "confusion_matrix": [
      [
        15438,
        0,
        19,
        1775,
        571
      ],
      [
        0,
        0,
        0,
        1,
        0
      ],
      [
        24,
        0,
        2508,
        5,
        48
      ],
      [
        89,
        0,
        12,
        613,
        13
      ],
      [
        306,
        0,
        5,
        4,
        3095
      ]
    ],
    "class_order": [
      "BENIGN",
      "Data Exfiltration",
      "Establish Foothold",
      "Lateral Movement",
      "Reconnaissance"
    ]
  },
  "feature_importances": {
    "dst_port": 0.4520450798096759,
    "duration": 0.1224374501966215,
    "pkts_fwd": 0.09581972627756659,
    "is_tcp": 0.06833812682164249,
    "tot_pkts": 0.06389931738517211,
    "bytes_bwd": 0.05370480797088472,
    "bytes_fwd": 0.04160886823098641,
    "tot_bytes": 0.04018877428406248,
    "is_udp": 0.03754758003136412,
    "pkts_bwd": 0.02441026899202368
  },
  "wall_seconds": 1.7
}