{
  "config": {
    "tool": "cicflowmeter-orig",
    "regime": "common",
    "model": "xgb",
    "task": "multiclass",
    "split": "stratified",
    "seed": 1,
    "include_port": true,
    "dataset": "dapt20",
    "n_features": 10,
    "subsample_benign": null,
    "max_train": 400000
  },
  "config_hash": "3606e9d2a34e5890",
  "git_commit": null,
  "n_train": 57226,
  "n_test": 24526,
  "n_test_unseen_class": 0,
  "features": [
    "duration",
    "pkts_fwd",
    "pkts_bwd",
    "bytes_fwd",
    "bytes_bwd",
    "tot_pkts",
    "tot_bytes",
    "is_tcp",
    "is_udp",
    "dst_port"
  ],
  "metrics": {
    "macro_f1": 0.6787048340739522,
    "weighted_f1": 0.9410903716819451,
    "balanced_accuracy": 0.6711925539558674,
    "per_class": {
      "BENIGN": {
        "precision": 0.9676614092817429,
        "recall": 0.9580407796438802,
        "f1-score": 0.9628270625758559,
        "support": 17803.0
      },
      "Data Exfiltration": {
        "precision": 0.0,
        "recall": 0.0,
        "f1-score": 0.0,
        "support": 1.0
      },
      "Establish Foothold": {
        "precision": 0.9736536226268888,
        "recall": 0.972147001934236,
        "f1-score": 0.9728997289972899,
        "support": 2585.0
      },
      "Lateral Movement": {
        "precision": 0.6917148362235067,
        "recall": 0.4938101788170564,
        "f1-score": 0.5762439807383628,
        "support": 727.0
      },
      "Reconnaissance": {
        "precision": 0.8363157894736842,
        "recall": 0.9319648093841643,
        "f1-score": 0.8815533980582524,
        "support": 3410.0
      }
    },
    "confusion_matrix": [
      [
        17056,
        0,
        28,
        154,
        565
      ],
      [
        1,
        0,
        0,
        0,
        0
      ],
      [
        30,
        0,
        2513,
        3,
        39
      ],
      [
        336,
        0,
        14,
        359,
        18
      ],
      [
        203,
        0,
        26,
        3,
        3178
      ]
    ],
    "class_order": [
      "BENIGN",
      "Data Exfiltration",
      "Establish Foothold",
      "Lateral Movement",
      "Reconnaissance"
    ]
  },
  "feature_importances": {
    "is_tcp": 0.7192227244377136,
    "dst_port": 0.1271328330039978,
    "bytes_bwd": 0.0348687618970871,
    "tot_pkts": 0.02813471481204033,
    "duration": 0.02105756662786007,
    "pkts_bwd": 0.01911359280347824,
    "pkts_fwd": 0.015262944623827934,
    "is_udp": 0.014142422936856747,
    "bytes_fwd": 0.011478934437036514,
    "tot_bytes": 0.009585447609424591
  },
  "wall_seconds": 2.9
}