{
  "config": {
    "tool": "cicflowmeter-fixed",
    "regime": "common",
    "model": "rf",
    "task": "binary",
    "split": "temporal",
    "seed": 0,
    "include_port": true,
    "dataset": "dapt20",
    "n_features": 10,
    "subsample_benign": null,
    "max_train": 400000
  },
  "config_hash": "112f42c125319b2d",
  "git_commit": null,
  "n_train": 41667,
  "n_test": 16671,
  "n_test_unseen_class": 0,
  "features": [
    "duration",
    "pkts_fwd",
    "pkts_bwd",
    "bytes_fwd",
    "bytes_bwd",
    "tot_pkts",
    "tot_bytes",
    "is_tcp",
    "is_udp",
    "dst_port"
  ],
  "metrics": {
    "macro_f1": 0.7756209669497673,
    "weighted_f1": 0.994354508549306,
    "balanced_accuracy": 0.9246363316782926,
    "per_class": {
      "0": {
        "precision": 0.9992726391077706,
        "recall": 0.9938509766095973,
        "f1-score": 0.9965544338995346,
        "support": 16588.0
      },
      "1": {
        "precision": 0.41040462427745666,
        "recall": 0.8554216867469879,
        "f1-score": 0.5546875,
        "support": 83.0
      }
    },
    "fpr": 0.006149023390402701,
    "attack_recall": 0.8554216867469879,
    "attack_precision": 0.41040462427745666,
    "auc_pr": 0.5224470661360889,
    "confusion_matrix": [
      [
        16486,
        102
      ],
      [
        12,
        71
      ]
    ],
    "class_order": [
      "0",
      "1"
    ]
  },
  "feature_importances": {
    "dst_port": 0.23293756260390475,
    "bytes_bwd": 0.20765901355114816,
    "duration": 0.1756510652691636,
    "pkts_bwd": 0.11613469284236533,
    "is_tcp": 0.05928155342849417,
    "bytes_fwd": 0.05722306701968,
    "tot_bytes": 0.04696043679320186,
    "tot_pkts": 0.043404872737320556,
    "is_udp": 0.030596701030062613,
    "pkts_fwd": 0.030151034724658812
  },
  "wall_seconds": 1.4
}