{
  "config": {
    "tool": "cicflowmeter-fixed",
    "regime": "common",
    "model": "rf",
    "task": "multiclass",
    "split": "stratified",
    "seed": 0,
    "include_port": true,
    "dataset": "dapt20",
    "n_features": 10,
    "subsample_benign": null,
    "max_train": 400000
  },
  "config_hash": "7df84d1b35c27f9c",
  "git_commit": null,
  "n_train": 40836,
  "n_test": 17502,
  "n_test_unseen_class": 0,
  "features": [
    "duration",
    "pkts_fwd",
    "pkts_bwd",
    "bytes_fwd",
    "bytes_bwd",
    "tot_pkts",
    "tot_bytes",
    "is_tcp",
    "is_udp",
    "dst_port"
  ],
  "metrics": {
    "macro_f1": 0.7727085753729241,
    "weighted_f1": 0.9673192576646689,
    "balanced_accuracy": 0.7783595157508839,
    "per_class": {
      "BENIGN": {
        "precision": 0.9834133258046301,
        "recall": 0.979059799030286,
        "f1-score": 0.9812317335117434,
        "support": 14231.0
      },
      "Establish Foothold": {
        "precision": 0.9377713458755427,
        "recall": 0.9657228017883756,
        "f1-score": 0.9515418502202643,
        "support": 1342.0
      },
      "Lateral Movement": {
        "precision": 0.2692307692307692,
        "recall": 0.28,
        "f1-score": 0.27450980392156865,
        "support": 25.0
      },
      "Reconnaissance": {
        "precision": 0.8785046728971962,
        "recall": 0.8886554621848739,
        "f1-score": 0.8835509138381201,
        "support": 1904.0
      }
    },
    "confusion_matrix": [
      [
        13933,
        71,
        6,
        221
      ],
      [
        31,
        1296,
        8,
        7
      ],
      [
        4,
        8,
        7,
        6
      ],
      [
        200,
        7,
        5,
        1692
      ]
    ],
    "class_order": [
      "BENIGN",
      "Establish Foothold",
      "Lateral Movement",
      "Reconnaissance"
    ]
  },
  "feature_importances": {
    "duration": 0.22638850554494405,
    "dst_port": 0.22547128397315924,
    "tot_pkts": 0.10496505022176593,
    "bytes_fwd": 0.09338057077578606,
    "pkts_fwd": 0.0894560475062548,
    "bytes_bwd": 0.08782413673769343,
    "tot_bytes": 0.07652936319338169,
    "pkts_bwd": 0.05445616053662725,
    "is_tcp": 0.02743013007377795,
    "is_udp": 0.014098751436609661
  },
  "wall_seconds": 1.4
}