{
  "config": {
    "tool": "cicflowmeter-orig",
    "regime": "common",
    "model": "rf",
    "task": "multiclass",
    "split": "stratified",
    "seed": 2,
    "include_port": true,
    "dataset": "dapt20",
    "n_features": 10,
    "subsample_benign": null,
    "max_train": 400000
  },
  "config_hash": "0f42033da66ac77f",
  "git_commit": null,
  "n_train": 57226,
  "n_test": 24526,
  "n_test_unseen_class": 0,
  "features": [
    "duration",
    "pkts_fwd",
    "pkts_bwd",
    "bytes_fwd",
    "bytes_bwd",
    "tot_pkts",
    "tot_bytes",
    "is_tcp",
    "is_udp",
    "dst_port"
  ],
  "metrics": {
    "macro_f1": 0.635566800748866,
    "weighted_f1": 0.9045607946284875,
    "balanced_accuracy": 0.7216153124811255,
    "per_class": {
      "BENIGN": {
        "precision": 0.9760155710428832,
        "recall": 0.8731674436892658,
        "f1-score": 0.9217313963830418,
        "support": 17803.0
      },
      "Data Exfiltration": {
        "precision": 0.0,
        "recall": 0.0,
        "f1-score": 0.0,
        "support": 1.0
      },
      "Establish Foothold": {
        "precision": 0.9854043392504931,
        "recall": 0.9663442940038685,
        "f1-score": 0.97578125,
        "support": 2585.0
      },
      "Lateral Movement": {
        "precision": 0.27380952380952384,
        "recall": 0.8541953232462174,
        "f1-score": 0.41469115191986644,
        "support": 727.0
      },
      "Reconnaissance": {
        "precision": 0.8218239325250395,
        "recall": 0.9143695014662757,
        "f1-score": 0.8656302054414214,
        "support": 3410.0
      }
    },
    "confusion_matrix": [
      [
        15545,
        2,
        15,
        1634,
        607
      ],
      [
        0,
        0,
        0,
        1,
        0
      ],
      [
        26,
        0,
        2498,
        9,
        52
      ],
      [
        76,
        0,
        13,
        621,
        17
      ],
      [
        280,
        0,
        9,
        3,
        3118
      ]
    ],
    "class_order": [
      "BENIGN",
      "Data Exfiltration",
      "Establish Foothold",
      "Lateral Movement",
      "Reconnaissance"
    ]
  },
  "feature_importances": {
    "dst_port": 0.45718477710067446,
    "duration": 0.1154172432133474,
    "pkts_fwd": 0.07705467012680034,
    "tot_pkts": 0.06984020738937288,
    "is_tcp": 0.06941276099618095,
    "bytes_bwd": 0.05666724801959018,
    "bytes_fwd": 0.04571273247302052,
    "tot_bytes": 0.042297559877150184,
    "is_udp": 0.039832730533765584,
    "pkts_bwd": 0.02658007027009749
  },
  "wall_seconds": 1.7
}