{
  "config": {
    "tool": "cicflowmeter-orig",
    "regime": "common",
    "model": "rf",
    "task": "binary",
    "split": "temporal",
    "seed": 1,
    "include_port": true,
    "dataset": "dapt20",
    "n_features": 10,
    "subsample_benign": null,
    "max_train": 400000
  },
  "config_hash": "be281ffe13b35962",
  "git_commit": null,
  "n_train": 58653,
  "n_test": 23099,
  "n_test_unseen_class": 0,
  "features": [
    "duration",
    "pkts_fwd",
    "pkts_bwd",
    "bytes_fwd",
    "bytes_bwd",
    "tot_pkts",
    "tot_bytes",
    "is_tcp",
    "is_udp",
    "dst_port"
  ],
  "metrics": {
    "macro_f1": 0.507842348199431,
    "weighted_f1": 0.8498646550386868,
    "balanced_accuracy": 0.5154362981628625,
    "per_class": {
      "0": {
        "precision": 0.8979206049149339,
        "recall": 0.988003676292749,
        "f1-score": 0.9408106863196684,
        "support": 20673.0
      },
      "1": {
        "precision": 0.29545454545454547,
        "recall": 0.04286892003297609,
        "f1-score": 0.07487401007919367,
        "support": 2426.0
      }
    },
    "fpr": 0.011996323707251004,
    "attack_recall": 0.04286892003297609,
    "attack_precision": 0.29545454545454547,
    "auc_pr": 0.4060001411021566,
    "confusion_matrix": [
      [
        20425,
        248
      ],
      [
        2322,
        104
      ]
    ],
    "class_order": [
      "0",
      "1"
    ]
  },
  "feature_importances": {
    "dst_port": 0.3861435170649062,
    "duration": 0.19489757573534053,
    "is_tcp": 0.09482114614329694,
    "is_udp": 0.07722687744791004,
    "bytes_bwd": 0.04893997674870055,
    "tot_pkts": 0.0461137825695768,
    "pkts_bwd": 0.04164974578187799,
    "bytes_fwd": 0.04117722675868313,
    "tot_bytes": 0.03648807649846922,
    "pkts_fwd": 0.03254207525123856
  },
  "wall_seconds": 1.7
}