{
  "config": {
    "tool": "cicflowmeter-orig",
    "regime": "common",
    "model": "xgb",
    "task": "binary",
    "split": "temporal",
    "seed": 1,
    "include_port": true,
    "dataset": "dapt20",
    "n_features": 10,
    "subsample_benign": null,
    "max_train": 400000
  },
  "config_hash": "a51fb2cc987c70e5",
  "git_commit": null,
  "n_train": 58653,
  "n_test": 23099,
  "n_test_unseen_class": 0,
  "features": [
    "duration",
    "pkts_fwd",
    "pkts_bwd",
    "bytes_fwd",
    "bytes_bwd",
    "tot_pkts",
    "tot_bytes",
    "is_tcp",
    "is_udp",
    "dst_port"
  ],
  "metrics": {
    "macro_f1": 0.5084534746337696,
    "weighted_f1": 0.848723086240451,
    "balanced_accuracy": 0.515137600373962,
    "per_class": {
      "0": {
        "precision": 0.8978736544909123,
        "recall": 0.9845208726358051,
        "f1-score": 0.9392030640732794,
        "support": 20673.0
      },
      "1": {
        "precision": 0.25754060324825984,
        "recall": 0.045754328112118714,
        "f1-score": 0.07770388519425972,
        "support": 2426.0
      }
    },
    "fpr": 0.015479127364194843,
    "attack_recall": 0.045754328112118714,
    "attack_precision": 0.25754060324825984,
    "auc_pr": 0.18507423744819518,
    "confusion_matrix": [
      [
        20353,
        320
      ],
      [
        2315,
        111
      ]
    ],
    "class_order": [
      "0",
      "1"
    ]
  },
  "feature_importances": {
    "is_tcp": 0.8161107301712036,
    "dst_port": 0.13525256514549255,
    "tot_pkts": 0.012721892446279526,
    "duration": 0.009057775139808655,
    "bytes_bwd": 0.0075678410939872265,
    "pkts_fwd": 0.006067587062716484,
    "bytes_fwd": 0.0055239214561879635,
    "tot_bytes": 0.0038828938268125057,
    "pkts_bwd": 0.003814799478277564,
    "is_udp": 0.0
  },
  "wall_seconds": 1.0
}