{
  "config": {
    "tool": "go-flows",
    "regime": "common",
    "model": "xgb",
    "task": "binary",
    "split": "temporal",
    "seed": 1,
    "include_port": true,
    "dataset": "dapt20",
    "n_features": 10,
    "subsample_benign": null,
    "max_train": 400000
  },
  "config_hash": "884558d4857e8dfe",
  "git_commit": null,
  "n_train": 41854,
  "n_test": 16610,
  "n_test_unseen_class": 0,
  "features": [
    "duration",
    "pkts_fwd",
    "pkts_bwd",
    "bytes_fwd",
    "bytes_bwd",
    "tot_pkts",
    "tot_bytes",
    "is_tcp",
    "is_udp",
    "dst_port"
  ],
  "metrics": {
    "macro_f1": 0.4998044356977415,
    "weighted_f1": 0.8304302116599848,
    "balanced_accuracy": 0.5137630046302815,
    "per_class": {
      "0": {
        "precision": 0.8833059260612705,
        "recall": 0.9917937495725911,
        "f1-score": 0.9344114425616906,
        "support": 14623.0
      },
      "1": {
        "precision": 0.3717277486910995,
        "recall": 0.035732259687971814,
        "f1-score": 0.06519742883379247,
        "support": 1987.0
      }
    },
    "fpr": 0.008206250427408876,
    "attack_recall": 0.035732259687971814,
    "attack_precision": 0.3717277486910995,
    "auc_pr": 0.23751479614245338,
    "confusion_matrix": [
      [
        14503,
        120
      ],
      [
        1916,
        71
      ]
    ],
    "class_order": [
      "0",
      "1"
    ]
  },
  "feature_importances": {
    "tot_pkts": 0.48149630427360535,
    "tot_bytes": 0.3442889451980591,
    "is_tcp": 0.13296189904212952,
    "duration": 0.011426551267504692,
    "pkts_bwd": 0.01047643180936575,
    "bytes_bwd": 0.009070117026567459,
    "bytes_fwd": 0.005290064495056868,
    "pkts_fwd": 0.004989732056856155
  },
  "wall_seconds": 1.0
}