{
  "config": {
    "tool": "go-flows",
    "regime": "common",
    "model": "xgb",
    "task": "multiclass",
    "split": "stratified",
    "seed": 1,
    "include_port": true,
    "dataset": "dapt20",
    "n_features": 10,
    "subsample_benign": null,
    "max_train": 400000
  },
  "config_hash": "6593083440b16119",
  "git_commit": null,
  "n_train": 40924,
  "n_test": 17540,
  "n_test_unseen_class": 0,
  "features": [
    "duration",
    "pkts_fwd",
    "pkts_bwd",
    "bytes_fwd",
    "bytes_bwd",
    "tot_pkts",
    "tot_bytes",
    "is_tcp",
    "is_udp",
    "dst_port"
  ],
  "metrics": {
    "macro_f1": 0.6069319354307142,
    "weighted_f1": 0.9281287887452254,
    "balanced_accuracy": 0.5989802580318736,
    "per_class": {
      "BENIGN": {
        "precision": 0.9486875278066143,
        "recall": 0.972484037701429,
        "f1-score": 0.9604384055251107,
        "support": 13156.0
      },
      "Data Exfiltration": {
        "precision": 0.0,
        "recall": 0.0,
        "f1-score": 0.0,
        "support": 1.0
      },
      "Establish Foothold": {
        "precision": 0.9791929382093316,
        "recall": 0.9712320200125079,
        "f1-score": 0.9751962323390895,
        "support": 1599.0
      },
      "Lateral Movement": {
        "precision": 0.5615384615384615,
        "recall": 0.12248322147651007,
        "f1-score": 0.20110192837465565,
        "support": 596.0
      },
      "Reconnaissance": {
        "precision": 0.8691189050470488,
        "recall": 0.9287020109689214,
        "f1-score": 0.897923110914715,
        "support": 2188.0
      }
    },
    "confusion_matrix": [
      [
        12794,
        0,
        14,
        52,
        296
      ],
      [
        1,
        0,
        0,
        0,
        0
      ],
      [
        43,
        0,
        1553,
        2,
        1
      ],
      [
        501,
        0,
        13,
        73,
        9
      ],
      [
        147,
        0,
        6,
        3,
        2032
      ]
    ],
    "class_order": [
      "BENIGN",
      "Data Exfiltration",
      "Establish Foothold",
      "Lateral Movement",
      "Reconnaissance"
    ]
  },
  "feature_importances": {
    "tot_pkts": 0.5984029173851013,
    "tot_bytes": 0.16152581572532654,
    "is_tcp": 0.057423535734415054,
    "bytes_fwd": 0.048491910099983215,
    "pkts_bwd": 0.04534395784139633,
    "bytes_bwd": 0.04472384601831436,
    "pkts_fwd": 0.024643586948513985,
    "duration": 0.0194445438683033
  },
  "wall_seconds": 2.3
}