{
  "config": {
    "tool": "joy",
    "regime": "common",
    "model": "rf",
    "task": "multiclass",
    "split": "stratified",
    "seed": 0,
    "include_port": true,
    "dataset": "dapt20",
    "n_features": 10,
    "subsample_benign": null,
    "max_train": 400000
  },
  "config_hash": "11c79b43de8ddcc9",
  "git_commit": null,
  "n_train": 67497,
  "n_test": 28928,
  "n_test_unseen_class": 0,
  "features": [
    "duration",
    "pkts_fwd",
    "pkts_bwd",
    "bytes_fwd",
    "bytes_bwd",
    "tot_pkts",
    "tot_bytes",
    "is_tcp",
    "is_udp",
    "dst_port"
  ],
  "metrics": {
    "macro_f1": 0.6067884941418524,
    "weighted_f1": 0.9387790706952444,
    "balanced_accuracy": 0.6364579880920884,
    "per_class": {
      "BENIGN": {
        "precision": 0.9757718342413736,
        "recall": 0.9415724072008922,
        "f1-score": 0.9583671152910653,
        "support": 25108.0
      },
      "Data Exfiltration": {
        "precision": 0.0,
        "recall": 0.0,
        "f1-score": 0.0,
        "support": 1.0
      },
      "Establish Foothold": {
        "precision": 0.9746932515337423,
        "recall": 0.9606953892668179,
        "f1-score": 0.9676437000380662,
        "support": 1323.0
      },
      "Lateral Movement": {
        "precision": 0.15793056501021102,
        "recall": 0.3918918918918919,
        "f1-score": 0.22513343037360506,
        "support": 592.0
      },
      "Reconnaissance": {
        "precision": 0.8775298391281785,
        "recall": 0.8881302521008403,
        "f1-score": 0.8827982250065257,
        "support": 1904.0
      }
    },
    "confusion_matrix": [
      [
        23641,
        0,
        18,
        1226,
        223
      ],
      [
        1,
        0,
        0,
        0,
        0
      ],
      [
        32,
        0,
        1271,
        10,
        10
      ],
      [
        347,
        0,
        10,
        232,
        3
      ],
      [
        207,
        0,
        5,
        1,
        1691
      ]
    ],
    "class_order": [
      "BENIGN",
      "Data Exfiltration",
      "Establish Foothold",
      "Lateral Movement",
      "Reconnaissance"
    ]
  },
  "feature_importances": {
    "bytes_bwd": 0.20425849304990676,
    "dst_port": 0.1809464756771128,
    "tot_bytes": 0.14492431159022517,
    "bytes_fwd": 0.1419828869377185,
    "duration": 0.09656730292503432,
    "pkts_fwd": 0.06932210381200246,
    "pkts_bwd": 0.06628808963875447,
    "tot_pkts": 0.03804664360856331,
    "is_tcp": 0.03442247717200989,
    "is_udp": 0.02324121558867238
  },
  "wall_seconds": 2.0
}