{
  "config": {
    "tool": "nfstream",
    "regime": "common",
    "model": "rf",
    "task": "binary",
    "split": "temporal",
    "seed": 1,
    "include_port": true,
    "dataset": "dapt20",
    "n_features": 10,
    "subsample_benign": null,
    "max_train": 400000
  },
  "config_hash": "535bee175cd43122",
  "git_commit": null,
  "n_train": 36075,
  "n_test": 15335,
  "n_test_unseen_class": 0,
  "features": [
    "duration",
    "pkts_fwd",
    "pkts_bwd",
    "bytes_fwd",
    "bytes_bwd",
    "tot_pkts",
    "tot_bytes",
    "is_tcp",
    "is_udp",
    "dst_port"
  ],
  "metrics": {
    "macro_f1": 0.497668664622247,
    "weighted_f1": 0.8213288685394283,
    "balanced_accuracy": 0.5136903805851539,
    "per_class": {
      "0": {
        "precision": 0.8766156686890003,
        "recall": 0.9923111376530308,
        "f1-score": 0.9308823529411765,
        "support": 13396.0
      },
      "1": {
        "precision": 0.39766081871345027,
        "recall": 0.035069623517276945,
        "f1-score": 0.06445497630331753,
        "support": 1939.0
      }
    },
    "fpr": 0.0076888623469692444,
    "attack_recall": 0.035069623517276945,
    "attack_precision": 0.39766081871345027,
    "auc_pr": 0.19602667450894531,
    "confusion_matrix": [
      [
        13293,
        103
      ],
      [
        1871,
        68
      ]
    ],
    "class_order": [
      "0",
      "1"
    ]
  },
  "feature_importances": {
    "bytes_bwd": 0.21732731360552374,
    "dst_port": 0.16630519780228198,
    "duration": 0.1559129963072147,
    "tot_pkts": 0.12099975114868969,
    "pkts_bwd": 0.0946387339604808,
    "tot_bytes": 0.08515301958349498,
    "pkts_fwd": 0.07750334040116778,
    "bytes_fwd": 0.07610976950939229,
    "is_tcp": 0.005648654858112525,
    "is_udp": 0.00040122282364157347
  },
  "wall_seconds": 1.1
}