{
  "config": {
    "tool": "nfstream",
    "regime": "common",
    "model": "xgb",
    "task": "multiclass",
    "split": "stratified",
    "seed": 1,
    "include_port": true,
    "dataset": "dapt20",
    "n_features": 10,
    "subsample_benign": null,
    "max_train": 400000
  },
  "config_hash": "0e3893d40a9a67cc",
  "git_commit": null,
  "n_train": 35987,
  "n_test": 15423,
  "n_test_unseen_class": 0,
  "features": [
    "duration",
    "pkts_fwd",
    "pkts_bwd",
    "bytes_fwd",
    "bytes_bwd",
    "tot_pkts",
    "tot_bytes",
    "is_tcp",
    "is_udp",
    "dst_port"
  ],
  "metrics": {
    "macro_f1": 0.5891200269540938,
    "weighted_f1": 0.9187754044023879,
    "balanced_accuracy": 0.5860498044021385,
    "per_class": {
      "BENIGN": {
        "precision": 0.9411568594765795,
        "recall": 0.9720237582852715,
        "f1-score": 0.9563413084903662,
        "support": 11617.0
      },
      "Data Exfiltration": {
        "precision": 0.0,
        "recall": 0.0,
        "f1-score": 0.0,
        "support": 1.0
      },
      "Establish Foothold": {
        "precision": 0.9815950920245399,
        "recall": 0.9689629068887207,
        "f1-score": 0.9752380952380952,
        "support": 1321.0
      },
      "Lateral Movement": {
        "precision": 0.3387096774193548,
        "recall": 0.07228915662650602,
        "f1-score": 0.11914893617021277,
        "support": 581.0
      },
      "Reconnaissance": {
        "precision": 0.8738107160741112,
        "recall": 0.9169732002101945,
        "f1-score": 0.8948717948717949,
        "support": 1903.0
      }
    },
    "confusion_matrix": [
      [
        11292,
        0,
        12,
        65,
        248
      ],
      [
        1,
        0,
        0,
        0,
        0
      ],
      [
        33,
        0,
        1280,
        8,
        0
      ],
      [
        528,
        0,
        7,
        42,
        4
      ],
      [
        144,
        0,
        5,
        9,
        1745
      ]
    ],
    "class_order": [
      "BENIGN",
      "Data Exfiltration",
      "Establish Foothold",
      "Lateral Movement",
      "Reconnaissance"
    ]
  },
  "feature_importances": {
    "is_tcp": 0.5754064917564392,
    "is_udp": 0.12435232102870941,
    "dst_port": 0.09676533937454224,
    "bytes_bwd": 0.08283089846372604,
    "tot_bytes": 0.029810834676027298,
    "duration": 0.0235440656542778,
    "pkts_bwd": 0.020024415105581284,
    "tot_pkts": 0.01798313856124878,
    "bytes_fwd": 0.01648501493036747,
    "pkts_fwd": 0.012797490693628788
  },
  "wall_seconds": 2.0
}