{
  "config": {
    "tool": "tranalyzer",
    "regime": "common",
    "model": "xgb",
    "task": "multiclass",
    "split": "stratified",
    "seed": 2,
    "include_port": true,
    "dataset": "dapt20",
    "n_features": 10,
    "subsample_benign": null,
    "max_train": 400000
  },
  "config_hash": "aa61680af71b6888",
  "git_commit": null,
  "n_train": 35729,
  "n_test": 15313,
  "n_test_unseen_class": 0,
  "features": [
    "duration",
    "pkts_fwd",
    "pkts_bwd",
    "bytes_fwd",
    "bytes_bwd",
    "tot_pkts",
    "tot_bytes",
    "is_tcp",
    "is_udp",
    "dst_port"
  ],
  "metrics": {
    "macro_f1": 0.7431554364234839,
    "weighted_f1": 0.9171485313704416,
    "balanced_accuracy": 0.735389327764927,
    "per_class": {
      "BENIGN": {
        "precision": 0.9401081263726981,
        "recall": 0.9680758524704245,
        "f1-score": 0.9538870317990914,
        "support": 11496.0
      },
      "Establish Foothold": {
        "precision": 0.9740061162079511,
        "recall": 0.954307116104869,
        "f1-score": 0.9640559969731366,
        "support": 1335.0
      },
      "Lateral Movement": {
        "precision": 0.3588235294117647,
        "recall": 0.10535405872193437,
        "f1-score": 0.1628838451268358,
        "support": 579.0
      },
      "Reconnaissance": {
        "precision": 0.8708062093139709,
        "recall": 0.9138202837624803,
        "f1-score": 0.8917948717948718,
        "support": 1903.0
      }
    },
    "confusion_matrix": [
      [
        11129,
        17,
        102,
        248
      ],
      [
        53,
        1274,
        3,
        5
      ],
      [
        501,
        12,
        61,
        5
      ],
      [
        155,
        5,
        4,
        1739
      ]
    ],
    "class_order": [
      "BENIGN",
      "Establish Foothold",
      "Lateral Movement",
      "Reconnaissance"
    ]
  },
  "feature_importances": {
    "is_tcp": 0.440655380487442,
    "is_udp": 0.37725475430488586,
    "dst_port": 0.05126731097698212,
    "bytes_fwd": 0.0390811413526535,
    "bytes_bwd": 0.03391024470329285,
    "pkts_bwd": 0.017168400809168816,
    "tot_bytes": 0.013675199821591377,
    "duration": 0.011466477997601032,
    "tot_pkts": 0.008448394946753979,
    "pkts_fwd": 0.007072601467370987
  },
  "wall_seconds": 1.8
}