{
  "config": {
    "tool": "yaf",
    "regime": "common",
    "model": "xgb",
    "task": "binary",
    "split": "temporal",
    "seed": 0,
    "include_port": true,
    "dataset": "dapt20",
    "n_features": 10,
    "subsample_benign": null,
    "max_train": 400000
  },
  "config_hash": "6e016013285b48a5",
  "git_commit": null,
  "n_train": 41213,
  "n_test": 16516,
  "n_test_unseen_class": 0,
  "features": [
    "duration",
    "pkts_fwd",
    "pkts_bwd",
    "bytes_fwd",
    "bytes_bwd",
    "tot_pkts",
    "tot_bytes",
    "is_tcp",
    "is_udp",
    "dst_port"
  ],
  "metrics": {
    "macro_f1": 0.5018690774994601,
    "weighted_f1": 0.8308837992812331,
    "balanced_accuracy": 0.5149935400330421,
    "per_class": {
      "0": {
        "precision": 0.8833762097268161,
        "recall": 0.9920891518194951,
        "f1-score": 0.9345818617762369,
        "support": 14537.0
      },
      "1": {
        "precision": 0.39473684210526316,
        "recall": 0.037897928246589184,
        "f1-score": 0.06915629322268327,
        "support": 1979.0
      }
    },
    "fpr": 0.007910848180504918,
    "attack_recall": 0.037897928246589184,
    "attack_precision": 0.39473684210526316,
    "auc_pr": 0.2571109651930731,
    "confusion_matrix": [
      [
        14422,
        115
      ],
      [
        1904,
        75
      ]
    ],
    "class_order": [
      "0",
      "1"
    ]
  },
  "feature_importances": {
    "is_udp": 0.4984036087989807,
    "is_tcp": 0.28827598690986633,
    "dst_port": 0.09708699584007263,
    "bytes_bwd": 0.056678835302591324,
    "tot_bytes": 0.014384054578840733,
    "duration": 0.013972378335893154,
    "pkts_bwd": 0.013097253628075123,
    "tot_pkts": 0.007008839398622513,
    "bytes_fwd": 0.005790692754089832,
    "pkts_fwd": 0.005301303695887327
  },
  "wall_seconds": 0.6
}