{
  "config": {
    "tool": "yaf",
    "regime": "common",
    "model": "rf",
    "task": "binary",
    "split": "temporal",
    "seed": 1,
    "include_port": true,
    "dataset": "dapt20",
    "n_features": 10,
    "subsample_benign": null,
    "max_train": 400000
  },
  "config_hash": "25bbe45e53a80dc4",
  "git_commit": null,
  "n_train": 41213,
  "n_test": 16516,
  "n_test_unseen_class": 0,
  "features": [
    "duration",
    "pkts_fwd",
    "pkts_bwd",
    "bytes_fwd",
    "bytes_bwd",
    "tot_pkts",
    "tot_bytes",
    "is_tcp",
    "is_udp",
    "dst_port"
  ],
  "metrics": {
    "macro_f1": 0.5193501788955999,
    "weighted_f1": 0.8358671614143576,
    "balanced_accuracy": 0.5247094214087987,
    "per_class": {
      "0": {
        "precision": 0.8854633667014677,
        "recall": 0.9918139918827819,
        "f1-score": 0.9356262167423751,
        "support": 14537.0
      },
      "1": {
        "precision": 0.4892703862660944,
        "recall": 0.057604850934815564,
        "f1-score": 0.10307414104882459,
        "support": 1979.0
      }
    },
    "fpr": 0.008186008117218133,
    "attack_recall": 0.057604850934815564,
    "attack_precision": 0.4892703862660944,
    "auc_pr": 0.1965828970801263,
    "confusion_matrix": [
      [
        14418,
        119
      ],
      [
        1865,
        114
      ]
    ],
    "class_order": [
      "0",
      "1"
    ]
  },
  "feature_importances": {
    "dst_port": 0.2833943636576573,
    "bytes_bwd": 0.18208688576966342,
    "duration": 0.12692825083952253,
    "tot_bytes": 0.1112594665767454,
    "bytes_fwd": 0.07012501899121402,
    "is_tcp": 0.06226350742931728,
    "is_udp": 0.06130116160381244,
    "pkts_bwd": 0.04457190833898283,
    "tot_pkts": 0.03188808110208965,
    "pkts_fwd": 0.026181355690995306
  },
  "wall_seconds": 1.3
}