{
  "config": {
    "tool": "yaf",
    "regime": "common",
    "model": "rf",
    "task": "multiclass",
    "split": "stratified",
    "seed": 1,
    "include_port": true,
    "dataset": "dapt20",
    "n_features": 10,
    "subsample_benign": null,
    "max_train": 400000
  },
  "config_hash": "de032a522ed40280",
  "git_commit": null,
  "n_train": 40410,
  "n_test": 17319,
  "n_test_unseen_class": 0,
  "features": [
    "duration",
    "pkts_fwd",
    "pkts_bwd",
    "bytes_fwd",
    "bytes_bwd",
    "tot_pkts",
    "tot_bytes",
    "is_tcp",
    "is_udp",
    "dst_port"
  ],
  "metrics": {
    "macro_f1": 0.622375377031746,
    "weighted_f1": 0.9077875197484623,
    "balanced_accuracy": 0.6595746824106719,
    "per_class": {
      "BENIGN": {
        "precision": 0.9613826180434962,
        "recall": 0.898593291080538,
        "f1-score": 0.9289281291198913,
        "support": 12938.0
      },
      "Data Exfiltration": {
        "precision": 0.0,
        "recall": 0.0,
        "f1-score": 0.0,
        "support": 1.0
      },
      "Establish Foothold": {
        "precision": 0.9716224552745218,
        "recall": 0.9849906191369606,
        "f1-score": 0.9782608695652174,
        "support": 1599.0
      },
      "Lateral Movement": {
        "precision": 0.22657450076804916,
        "recall": 0.4974704890387858,
        "f1-score": 0.3113456464379947,
        "support": 593.0
      },
      "Reconnaissance": {
        "precision": 0.8710377768128528,
        "recall": 0.916819012797075,
        "f1-score": 0.8933422400356268,
        "support": 2188.0
      }
    },
    "confusion_matrix": [
      [
        11626,
        0,
        26,
        1000,
        286
      ],
      [
        1,
        0,
        0,
        0,
        0
      ],
      [
        18,
        0,
        1575,
        4,
        2
      ],
      [
        276,
        0,
        13,
        295,
        9
      ],
      [
        172,
        0,
        7,
        3,
        2006
      ]
    ],
    "class_order": [
      "BENIGN",
      "Data Exfiltration",
      "Establish Foothold",
      "Lateral Movement",
      "Reconnaissance"
    ]
  },
  "feature_importances": {
    "dst_port": 0.3426300996472937,
    "tot_bytes": 0.13566387898774981,
    "bytes_bwd": 0.12645058219807637,
    "bytes_fwd": 0.09752094183485745,
    "duration": 0.09373418748123388,
    "pkts_bwd": 0.04980208544344832,
    "is_udp": 0.04153534043330111,
    "is_tcp": 0.04058422409416579,
    "pkts_fwd": 0.039023995823377,
    "tot_pkts": 0.033054664056496603
  },
  "wall_seconds": 1.4
}