{
  "config": {
    "tool": "zeek",
    "regime": "common",
    "model": "rf",
    "task": "binary",
    "split": "temporal",
    "seed": 0,
    "include_port": true,
    "dataset": "dapt20",
    "n_features": 10,
    "subsample_benign": null,
    "max_train": 400000
  },
  "config_hash": "fb4fe35a82c211d6",
  "git_commit": null,
  "n_train": 36877,
  "n_test": 16462,
  "n_test_unseen_class": 0,
  "features": [
    "duration",
    "pkts_fwd",
    "pkts_bwd",
    "bytes_fwd",
    "bytes_bwd",
    "tot_pkts",
    "tot_bytes",
    "is_tcp",
    "is_udp",
    "dst_port"
  ],
  "metrics": {
    "macro_f1": 0.5005226601411392,
    "weighted_f1": 0.8338947263084384,
    "balanced_accuracy": 0.5142073474208346,
    "per_class": {
      "0": {
        "precision": 0.8854933726067746,
        "recall": 0.9932544052863436,
        "f1-score": 0.9362834155203738,
        "support": 14528.0
      },
      "1": {
        "precision": 0.40963855421686746,
        "recall": 0.03516028955532575,
        "f1-score": 0.06476190476190476,
        "support": 1934.0
      }
    },
    "fpr": 0.006745594713656388,
    "attack_recall": 0.03516028955532575,
    "attack_precision": 0.40963855421686746,
    "auc_pr": 0.3479856189143843,
    "confusion_matrix": [
      [
        14430,
        98
      ],
      [
        1866,
        68
      ]
    ],
    "class_order": [
      "0",
      "1"
    ]
  },
  "feature_importances": {
    "bytes_bwd": 0.2145389215379226,
    "pkts_fwd": 0.1654777728923044,
    "duration": 0.155596895741996,
    "bytes_fwd": 0.1310421547661839,
    "tot_pkts": 0.10437831304164179,
    "tot_bytes": 0.09499476825347927,
    "dst_port": 0.08575031155056705,
    "pkts_bwd": 0.045144546214780715,
    "is_tcp": 0.0019299513833898815,
    "is_udp": 0.0011463646177345946
  },
  "wall_seconds": 1.7
}