{
  "config": {
    "tool": "zeek",
    "regime": "common",
    "model": "rf",
    "task": "multiclass",
    "split": "stratified",
    "seed": 2,
    "include_port": true,
    "dataset": "dapt20",
    "n_features": 10,
    "subsample_benign": null,
    "max_train": 400000
  },
  "config_hash": "8a22e87f15995512",
  "git_commit": null,
  "n_train": 37337,
  "n_test": 16002,
  "n_test_unseen_class": 0,
  "features": [
    "duration",
    "pkts_fwd",
    "pkts_bwd",
    "bytes_fwd",
    "bytes_bwd",
    "tot_pkts",
    "tot_bytes",
    "is_tcp",
    "is_udp",
    "dst_port"
  ],
  "metrics": {
    "macro_f1": 0.8320559070943601,
    "weighted_f1": 0.9256180314811226,
    "balanced_accuracy": 0.898646127361398,
    "per_class": {
      "BENIGN": {
        "precision": 0.9727991657252107,
        "recall": 0.9193495400788436,
        "f1-score": 0.9453194274374024,
        "support": 12176.0
      },
      "Establish Foothold": {
        "precision": 0.9812734082397003,
        "recall": 0.9761549925484352,
        "f1-score": 0.9787075084049309,
        "support": 1342.0
      },
      "Lateral Movement": {
        "precision": 0.3815359477124183,
        "recall": 0.8051724137931034,
        "f1-score": 0.5177383592017738,
        "support": 580.0
      },
      "Reconnaissance": {
        "precision": 0.8791322314049587,
        "recall": 0.8939075630252101,
        "f1-score": 0.8864583333333333,
        "support": 1904.0
      }
    },
    "confusion_matrix": [
      [
        11194,
        13,
        745,
        224
      ],
      [
        18,
        1310,
        9,
        5
      ],
      [
        101,
        7,
        467,
        5
      ],
      [
        194,
        5,
        3,
        1702
      ]
    ],
    "class_order": [
      "BENIGN",
      "Establish Foothold",
      "Lateral Movement",
      "Reconnaissance"
    ]
  },
  "feature_importances": {
    "dst_port": 0.18828459051286978,
    "bytes_bwd": 0.17256437956269924,
    "tot_bytes": 0.16167380956496843,
    "duration": 0.13456807687235386,
    "bytes_fwd": 0.11109700706296272,
    "is_tcp": 0.05663772184260054,
    "pkts_fwd": 0.048490235941979466,
    "is_udp": 0.04715326730380541,
    "tot_pkts": 0.042160200816264606,
    "pkts_bwd": 0.037370710519495975
  },
  "wall_seconds": 1.7
}