{
  "config": {
    "tool": "argus",
    "regime": "common",
    "model": "mlp",
    "task": "binary",
    "split": "stratified",
    "seed": 1,
    "include_port": false,
    "dataset": "dapt20",
    "n_features": 9,
    "subsample_benign": null,
    "max_train": 400000
  },
  "config_hash": "34e6753573ac1dea",
  "git_commit": null,
  "n_train": 33183,
  "n_test": 14222,
  "n_test_unseen_class": 0,
  "features": [
    "duration",
    "pkts_fwd",
    "pkts_bwd",
    "bytes_fwd",
    "bytes_bwd",
    "tot_pkts",
    "tot_bytes",
    "is_tcp",
    "is_udp"
  ],
  "metrics": {
    "macro_f1": 0.8806402104326718,
    "weighted_f1": 0.9085658133678821,
    "balanced_accuracy": 0.8651383191540145,
    "per_class": {
      "0": {
        "precision": 0.9193297317095505,
        "recall": 0.962607861936721,
        "f1-score": 0.9404711723104304,
        "support": 10430.0
      },
      "1": {
        "precision": 0.8818539836413208,
        "recall": 0.767668776371308,
        "f1-score": 0.8208092485549133,
        "support": 3792.0
      }
    },
    "fpr": 0.037392138063279005,
    "attack_recall": 0.767668776371308,
    "attack_precision": 0.8818539836413208,
    "auc_pr": 0.9092142305900796,
    "confusion_matrix": [
      [
        10040,
        390
      ],
      [
        881,
        2911
      ]
    ],
    "class_order": [
      "0",
      "1"
    ]
  },
  "feature_importances": null,
  "wall_seconds": 2.5
}