{
  "config": {
    "tool": "argus",
    "regime": "native",
    "model": "rf",
    "task": "multiclass",
    "split": "stratified",
    "seed": 1,
    "include_port": false,
    "dataset": "dapt20",
    "n_features": 7,
    "subsample_benign": null,
    "max_train": 400000
  },
  "config_hash": "b82b6a352a712944",
  "git_commit": null,
  "n_train": 33183,
  "n_test": 14222,
  "n_test_unseen_class": 0,
  "features": [
    "tool_StartTime",
    "tool_LastTime",
    "tool_Dur",
    "tool_SrcPkts",
    "tool_DstPkts",
    "tool_SrcBytes",
    "tool_DstBytes"
  ],
  "metrics": {
    "macro_f1": 0.9398875898308239,
    "weighted_f1": 0.9802404121260836,
    "balanced_accuracy": 0.9352925608187104,
    "per_class": {
      "BENIGN": {
        "precision": 0.98518306089284,
        "recall": 0.9882059641384601,
        "f1-score": 0.986692197223552,
        "support": 10429.0
      },
      "Establish Foothold": {
        "precision": 0.9901664145234493,
        "recall": 0.996953541507997,
        "f1-score": 0.9935483870967742,
        "support": 1313.0
      },
      "Lateral Movement": {
        "precision": 0.8058608058608059,
        "recall": 0.7638888888888888,
        "f1-score": 0.7843137254901961,
        "support": 576.0
      },
      "Reconnaissance": {
        "precision": 0.9978869519281564,
        "recall": 0.9921218487394958,
        "f1-score": 0.9949960495127732,
        "support": 1904.0
      }
    },
    "confusion_matrix": [
      [
        10306,
        13,
        106,
        4
      ],
      [
        4,
        1309,
        0,
        0
      ],
      [
        136,
        0,
        440,
        0
      ],
      [
        15,
        0,
        0,
        1889
      ]
    ],
    "class_order": [
      "BENIGN",
      "Establish Foothold",
      "Lateral Movement",
      "Reconnaissance"
    ]
  },
  "feature_importances": {
    "tool_StartTime": 0.266426323051222,
    "tool_LastTime": 0.2133168334414624,
    "tool_DstBytes": 0.16950630273931147,
    "tool_SrcBytes": 0.13725053833698042,
    "tool_Dur": 0.08345157855257755,
    "tool_SrcPkts": 0.07398271428636422,
    "tool_DstPkts": 0.05606570959208196
  },
  "wall_seconds": 1.1
}