{
  "config": {
    "tool": "argus",
    "regime": "common",
    "model": "xgb",
    "task": "binary",
    "split": "temporal",
    "seed": 3,
    "include_port": false,
    "dataset": "dapt20",
    "n_features": 9,
    "subsample_benign": null,
    "max_train": 400000
  },
  "config_hash": "3c2ee7e106f89e64",
  "git_commit": null,
  "n_train": 33251,
  "n_test": 14154,
  "n_test_unseen_class": 0,
  "features": [
    "duration",
    "pkts_fwd",
    "pkts_bwd",
    "bytes_fwd",
    "bytes_bwd",
    "tot_pkts",
    "tot_bytes",
    "is_tcp",
    "is_udp"
  ],
  "metrics": {
    "macro_f1": 0.4893863545210119,
    "weighted_f1": 0.807184631823978,
    "balanced_accuracy": 0.5106446430031061,
    "per_class": {
      "0": {
        "precision": 0.8668712970233421,
        "recall": 0.9926434526728789,
        "f1-score": 0.9255039439088519,
        "support": 12234.0
      },
      "1": {
        "precision": 0.3793103448275862,
        "recall": 0.028645833333333332,
        "f1-score": 0.053268765133171914,
        "support": 1920.0
      }
    },
    "fpr": 0.007356547327121138,
    "attack_recall": 0.028645833333333332,
    "attack_precision": 0.3793103448275862,
    "auc_pr": 0.26416991739639284,
    "confusion_matrix": [
      [
        12144,
        90
      ],
      [
        1865,
        55
      ]
    ],
    "class_order": [
      "0",
      "1"
    ]
  },
  "feature_importances": {
    "bytes_bwd": 0.31361159682273865,
    "is_tcp": 0.2402873933315277,
    "tot_bytes": 0.1129564717411995,
    "duration": 0.08801348507404327,
    "tot_pkts": 0.08584762364625931,
    "is_udp": 0.067986860871315,
    "pkts_fwd": 0.03664827719330788,
    "bytes_fwd": 0.029295722022652626,
    "pkts_bwd": 0.02535255253314972
  },
  "wall_seconds": 0.5
}