{
  "config": {
    "tool": "argus",
    "regime": "common",
    "model": "mlp",
    "task": "binary",
    "split": "stratified",
    "seed": 0,
    "include_port": false,
    "dataset": "dapt20",
    "n_features": 9,
    "subsample_benign": null,
    "max_train": 400000
  },
  "config_hash": "f821c9d62006a120",
  "git_commit": null,
  "n_train": 33183,
  "n_test": 14222,
  "n_test_unseen_class": 0,
  "features": [
    "duration",
    "pkts_fwd",
    "pkts_bwd",
    "bytes_fwd",
    "bytes_bwd",
    "tot_pkts",
    "tot_bytes",
    "is_tcp",
    "is_udp"
  ],
  "metrics": {
    "macro_f1": 0.8795221091139784,
    "weighted_f1": 0.9054555943689249,
    "balanced_accuracy": 0.8820429091269504,
    "per_class": {
      "0": {
        "precision": 0.9386532702154381,
        "recall": 0.9315436241610738,
        "f1-score": 0.9350849333525817,
        "support": 10430.0
      },
      "1": {
        "precision": 0.8155515370705244,
        "recall": 0.832542194092827,
        "f1-score": 0.8239592848753752,
        "support": 3792.0
      }
    },
    "fpr": 0.06845637583892618,
    "attack_recall": 0.832542194092827,
    "attack_precision": 0.8155515370705244,
    "auc_pr": 0.9033180840354326,
    "confusion_matrix": [
      [
        9716,
        714
      ],
      [
        635,
        3157
      ]
    ],
    "class_order": [
      "0",
      "1"
    ]
  },
  "feature_importances": null,
  "wall_seconds": 2.0
}