{
  "config": {
    "tool": "argus",
    "regime": "common",
    "model": "mlp",
    "task": "binary",
    "split": "temporal",
    "seed": 2,
    "include_port": false,
    "dataset": "dapt20",
    "n_features": 9,
    "subsample_benign": null,
    "max_train": 400000
  },
  "config_hash": "25dfadb0c61abb86",
  "git_commit": null,
  "n_train": 33251,
  "n_test": 14154,
  "n_test_unseen_class": 0,
  "features": [
    "duration",
    "pkts_fwd",
    "pkts_bwd",
    "bytes_fwd",
    "bytes_bwd",
    "tot_pkts",
    "tot_bytes",
    "is_tcp",
    "is_udp"
  ],
  "metrics": {
    "macro_f1": 0.5399360346731991,
    "weighted_f1": 0.8192382840783142,
    "balanced_accuracy": 0.5376735685384992,
    "per_class": {
      "0": {
        "precision": 0.8734684947491248,
        "recall": 0.9789929704103318,
        "f1-score": 0.9232251599475835,
        "support": 12234.0
      },
      "1": {
        "precision": 0.41855203619909503,
        "recall": 0.09635416666666667,
        "f1-score": 0.15664690939881457,
        "support": 1920.0
      }
    },
    "fpr": 0.021007029589668137,
    "attack_recall": 0.09635416666666667,
    "attack_precision": 0.41855203619909503,
    "auc_pr": 0.2663253203501356,
    "confusion_matrix": [
      [
        11977,
        257
      ],
      [
        1735,
        185
      ]
    ],
    "class_order": [
      "0",
      "1"
    ]
  },
  "feature_importances": null,
  "wall_seconds": 2.6
}