{
  "config": {
    "tool": "argus",
    "regime": "common",
    "model": "mlp",
    "task": "binary",
    "split": "temporal",
    "seed": 3,
    "include_port": false,
    "dataset": "dapt20",
    "n_features": 9,
    "subsample_benign": null,
    "max_train": 400000
  },
  "config_hash": "a01f64db3a4b7803",
  "git_commit": null,
  "n_train": 33251,
  "n_test": 14154,
  "n_test_unseen_class": 0,
  "features": [
    "duration",
    "pkts_fwd",
    "pkts_bwd",
    "bytes_fwd",
    "bytes_bwd",
    "tot_pkts",
    "tot_bytes",
    "is_tcp",
    "is_udp"
  ],
  "metrics": {
    "macro_f1": 0.6200718519335049,
    "weighted_f1": 0.8386359787748195,
    "balanced_accuracy": 0.6003917106016021,
    "per_class": {
      "0": {
        "precision": 0.8897968535206965,
        "recall": 0.9523459212032042,
        "f1-score": 0.9200094756790903,
        "support": 12234.0
      },
      "1": {
        "precision": 0.45,
        "recall": 0.2484375,
        "f1-score": 0.3201342281879195,
        "support": 1920.0
      }
    },
    "fpr": 0.04765407879679581,
    "attack_recall": 0.2484375,
    "attack_precision": 0.45,
    "auc_pr": 0.265448231731391,
    "confusion_matrix": [
      [
        11651,
        583
      ],
      [
        1443,
        477
      ]
    ],
    "class_order": [
      "0",
      "1"
    ]
  },
  "feature_importances": null,
  "wall_seconds": 1.6
}