{
  "config": {
    "tool": "argus",
    "regime": "common",
    "model": "rf",
    "task": "binary",
    "split": "temporal",
    "seed": 1,
    "include_port": false,
    "dataset": "dapt20",
    "n_features": 9,
    "subsample_benign": null,
    "max_train": 400000
  },
  "config_hash": "8f107a1a274bf801",
  "git_commit": null,
  "n_train": 33251,
  "n_test": 14154,
  "n_test_unseen_class": 0,
  "features": [
    "duration",
    "pkts_fwd",
    "pkts_bwd",
    "bytes_fwd",
    "bytes_bwd",
    "tot_pkts",
    "tot_bytes",
    "is_tcp",
    "is_udp"
  ],
  "metrics": {
    "macro_f1": 0.48817925755496694,
    "weighted_f1": 0.8070186679209881,
    "balanced_accuracy": 0.5101903506620893,
    "per_class": {
      "0": {
        "precision": 0.8667617689015692,
        "recall": 0.9932973679908452,
        "f1-score": 0.9257256037175288,
        "support": 12234.0
      },
      "1": {
        "precision": 0.3880597014925373,
        "recall": 0.027083333333333334,
        "f1-score": 0.05063291139240506,
        "support": 1920.0
      }
    },
    "fpr": 0.006702632009154814,
    "attack_recall": 0.027083333333333334,
    "attack_precision": 0.3880597014925373,
    "auc_pr": 0.20286672022921212,
    "confusion_matrix": [
      [
        12152,
        82
      ],
      [
        1868,
        52
      ]
    ],
    "class_order": [
      "0",
      "1"
    ]
  },
  "feature_importances": {
    "bytes_bwd": 0.26295372031041875,
    "duration": 0.2069757455647928,
    "bytes_fwd": 0.17607967554139212,
    "tot_bytes": 0.14347000620724948,
    "pkts_fwd": 0.0988259172897662,
    "tot_pkts": 0.05433420802611659,
    "pkts_bwd": 0.04419656205330214,
    "is_tcp": 0.01145642231134087,
    "is_udp": 0.0017077426956209716
  },
  "wall_seconds": 1.0
}