{
  "config": {
    "tool": "argus",
    "regime": "common",
    "model": "logreg",
    "task": "multiclass",
    "split": "stratified",
    "seed": 2,
    "include_port": false,
    "dataset": "dapt20",
    "n_features": 9,
    "subsample_benign": null,
    "max_train": 400000
  },
  "config_hash": "7e977920aca95d13",
  "git_commit": null,
  "n_train": 33183,
  "n_test": 14222,
  "n_test_unseen_class": 0,
  "features": [
    "duration",
    "pkts_fwd",
    "pkts_bwd",
    "bytes_fwd",
    "bytes_bwd",
    "tot_pkts",
    "tot_bytes",
    "is_tcp",
    "is_udp"
  ],
  "metrics": {
    "macro_f1": 0.5590167567735576,
    "weighted_f1": 0.7053198212209639,
    "balanced_accuracy": 0.7349522993154144,
    "per_class": {
      "BENIGN": {
        "precision": 0.9983315637797664,
        "recall": 0.6311247482980151,
        "f1-score": 0.7733521325343673,
        "support": 10429.0
      },
      "Establish Foothold": {
        "precision": 0.7386091127098321,
        "recall": 0.9383092155369384,
        "f1-score": 0.8265682656826568,
        "support": 1313.0
      },
      "Lateral Movement": {
        "precision": 0.14293045932768797,
        "recall": 0.9670138888888888,
        "f1-score": 0.2490498546836575,
        "support": 576.0
      },
      "Reconnaissance": {
        "precision": 0.37209302325581395,
        "recall": 0.40336134453781514,
        "f1-score": 0.3870967741935484,
        "support": 1904.0
      }
    },
    "confusion_matrix": [
      [
        6582,
        166,
        2429,
        1252
      ],
      [
        0,
        1232,
        53,
        28
      ],
      [
        2,
        1,
        557,
        16
      ],
      [
        9,
        269,
        858,
        768
      ]
    ],
    "class_order": [
      "BENIGN",
      "Establish Foothold",
      "Lateral Movement",
      "Reconnaissance"
    ]
  },
  "feature_importances": null,
  "wall_seconds": 1.4
}