{
  "config": {
    "tool": "argus",
    "regime": "common",
    "model": "mlp",
    "task": "binary",
    "split": "temporal",
    "seed": 4,
    "include_port": false,
    "dataset": "dapt20",
    "n_features": 9,
    "subsample_benign": null,
    "max_train": 400000
  },
  "config_hash": "a2fbcbbaaed7b561",
  "git_commit": null,
  "n_train": 33251,
  "n_test": 14154,
  "n_test_unseen_class": 0,
  "features": [
    "duration",
    "pkts_fwd",
    "pkts_bwd",
    "bytes_fwd",
    "bytes_bwd",
    "tot_pkts",
    "tot_bytes",
    "is_tcp",
    "is_udp"
  ],
  "metrics": {
    "macro_f1": 0.6200576804382502,
    "weighted_f1": 0.8397058033310527,
    "balanced_accuracy": 0.5993253943926762,
    "per_class": {
      "0": {
        "precision": 0.8894212487641646,
        "recall": 0.955942455452019,
        "f1-score": 0.9214828822440216,
        "support": 12234.0
      },
      "1": {
        "precision": 0.46368159203980097,
        "recall": 0.24270833333333333,
        "f1-score": 0.3186324786324786,
        "support": 1920.0
      }
    },
    "fpr": 0.04405754454798104,
    "attack_recall": 0.24270833333333333,
    "attack_precision": 0.46368159203980097,
    "auc_pr": 0.27483554662168086,
    "confusion_matrix": [
      [
        11695,
        539
      ],
      [
        1454,
        466
      ]
    ],
    "class_order": [
      "0",
      "1"
    ]
  },
  "feature_importances": null,
  "wall_seconds": 2.8
}