{
  "config": {
    "tool": "argus",
    "regime": "native",
    "model": "mlp",
    "task": "multiclass",
    "split": "stratified",
    "seed": 4,
    "include_port": false,
    "dataset": "dapt20",
    "n_features": 7,
    "subsample_benign": null,
    "max_train": 400000
  },
  "config_hash": "413345a641016503",
  "git_commit": null,
  "n_train": 33183,
  "n_test": 14222,
  "n_test_unseen_class": 0,
  "features": [
    "tool_StartTime",
    "tool_LastTime",
    "tool_Dur",
    "tool_SrcPkts",
    "tool_DstPkts",
    "tool_SrcBytes",
    "tool_DstBytes"
  ],
  "metrics": {
    "macro_f1": 0.7426284489790468,
    "weighted_f1": 0.9030031194825626,
    "balanced_accuracy": 0.7457064206068721,
    "per_class": {
      "BENIGN": {
        "precision": 0.9390756302521008,
        "recall": 0.9429475501006808,
        "f1-score": 0.9410076072915171,
        "support": 10429.0
      },
      "Establish Foothold": {
        "precision": 0.9898358092259578,
        "recall": 0.9642041127189642,
        "f1-score": 0.9768518518518519,
        "support": 1313.0
      },
      "Lateral Movement": {
        "precision": 0.5149253731343284,
        "recall": 0.11979166666666667,
        "f1-score": 0.19436619718309858,
        "support": 576.0
      },
      "Reconnaissance": {
        "precision": 0.7787762088147198,
        "recall": 0.9558823529411765,
        "f1-score": 0.8582881395897194,
        "support": 1904.0
      }
    },
    "confusion_matrix": [
      [
        9834,
        13,
        65,
        517
      ],
      [
        47,
        1266,
        0,
        0
      ],
      [
        507,
        0,
        69,
        0
      ],
      [
        84,
        0,
        0,
        1820
      ]
    ],
    "class_order": [
      "BENIGN",
      "Establish Foothold",
      "Lateral Movement",
      "Reconnaissance"
    ]
  },
  "feature_importances": null,
  "wall_seconds": 3.5
}