{
  "config": {
    "tool": "argus",
    "regime": "common",
    "model": "xgb",
    "task": "multiclass",
    "split": "stratified",
    "seed": 0,
    "include_port": false,
    "dataset": "dapt20",
    "n_features": 9,
    "subsample_benign": null,
    "max_train": 400000
  },
  "config_hash": "d76155c1457aa57b",
  "git_commit": null,
  "n_train": 33183,
  "n_test": 14222,
  "n_test_unseen_class": 0,
  "features": [
    "duration",
    "pkts_fwd",
    "pkts_bwd",
    "bytes_fwd",
    "bytes_bwd",
    "tot_pkts",
    "tot_bytes",
    "is_tcp",
    "is_udp"
  ],
  "metrics": {
    "macro_f1": 0.752882260255402,
    "weighted_f1": 0.9155473653363588,
    "balanced_accuracy": 0.7447687342554179,
    "per_class": {
      "BENIGN": {
        "precision": 0.9382325581395349,
        "recall": 0.9671109406462748,
        "f1-score": 0.9524529014589924,
        "support": 10429.0
      },
      "Establish Foothold": {
        "precision": 0.9800766283524904,
        "recall": 0.9741051028179741,
        "f1-score": 0.9770817417876242,
        "support": 1313.0
      },
      "Lateral Movement": {
        "precision": 0.4859154929577465,
        "recall": 0.11979166666666667,
        "f1-score": 0.19220055710306408,
        "support": 576.0
      },
      "Reconnaissance": {
        "precision": 0.8632098765432099,
        "recall": 0.9180672268907563,
        "f1-score": 0.8897938406719267,
        "support": 1904.0
      }
    },
    "confusion_matrix": [
      [
        10086,
        11,
        69,
        263
      ],
      [
        24,
        1279,
        1,
        9
      ],
      [
        493,
        9,
        69,
        5
      ],
      [
        147,
        6,
        3,
        1748
      ]
    ],
    "class_order": [
      "BENIGN",
      "Establish Foothold",
      "Lateral Movement",
      "Reconnaissance"
    ]
  },
  "feature_importances": {
    "is_tcp": 0.4942128658294678,
    "is_udp": 0.3037516474723816,
    "bytes_fwd": 0.0703217014670372,
    "bytes_bwd": 0.04743240773677826,
    "tot_bytes": 0.026378367096185684,
    "duration": 0.016356095671653748,
    "pkts_fwd": 0.016266049817204475,
    "pkts_bwd": 0.014549922198057175,
    "tot_pkts": 0.01073097437620163
  },
  "wall_seconds": 2.0
}