{
  "config": {
    "tool": "argus",
    "regime": "native",
    "model": "logreg",
    "task": "binary",
    "split": "stratified",
    "seed": 3,
    "include_port": false,
    "dataset": "dapt20",
    "n_features": 7,
    "subsample_benign": null,
    "max_train": 400000
  },
  "config_hash": "114f70f7824d9229",
  "git_commit": null,
  "n_train": 33183,
  "n_test": 14222,
  "n_test_unseen_class": 0,
  "features": [
    "tool_StartTime",
    "tool_LastTime",
    "tool_Dur",
    "tool_SrcPkts",
    "tool_DstPkts",
    "tool_SrcBytes",
    "tool_DstBytes"
  ],
  "metrics": {
    "macro_f1": 0.7444531215144394,
    "weighted_f1": 0.8103215613447106,
    "balanced_accuracy": 0.7218966052566639,
    "per_class": {
      "0": {
        "precision": 0.8393439807659282,
        "recall": 0.9372003835091084,
        "f1-score": 0.8855770973002356,
        "support": 10430.0
      },
      "1": {
        "precision": 0.7457298136645962,
        "recall": 0.5065928270042194,
        "f1-score": 0.6033291457286433,
        "support": 3792.0
      }
    },
    "fpr": 0.06279961649089166,
    "attack_recall": 0.5065928270042194,
    "attack_precision": 0.7457298136645962,
    "auc_pr": 0.7143264775283895,
    "confusion_matrix": [
      [
        9775,
        655
      ],
      [
        1871,
        1921
      ]
    ],
    "class_order": [
      "0",
      "1"
    ]
  },
  "feature_importances": null,
  "wall_seconds": 0.3
}