{
  "config": {
    "tool": "argus",
    "regime": "common",
    "model": "logreg",
    "task": "binary",
    "split": "stratified",
    "seed": 0,
    "include_port": false,
    "dataset": "dapt20",
    "n_features": 9,
    "subsample_benign": null,
    "max_train": 400000
  },
  "config_hash": "4b67b6d9df1ed171",
  "git_commit": null,
  "n_train": 33183,
  "n_test": 14222,
  "n_test_unseen_class": 0,
  "features": [
    "duration",
    "pkts_fwd",
    "pkts_bwd",
    "bytes_fwd",
    "bytes_bwd",
    "tot_pkts",
    "tot_bytes",
    "is_tcp",
    "is_udp"
  ],
  "metrics": {
    "macro_f1": 0.7065046012817244,
    "weighted_f1": 0.7317790113300625,
    "balanced_accuracy": 0.8059561482820976,
    "per_class": {
      "0": {
        "precision": 0.9985972568578554,
        "recall": 0.6142857142857143,
        "f1-score": 0.7606553484506707,
        "support": 10430.0
      },
      "1": {
        "precision": 0.4846272098385857,
        "recall": 0.997626582278481,
        "f1-score": 0.652353854112778,
        "support": 3792.0
      }
    },
    "fpr": 0.38571428571428573,
    "attack_recall": 0.997626582278481,
    "attack_precision": 0.4846272098385857,
    "auc_pr": 0.7841390993776888,
    "confusion_matrix": [
      [
        6407,
        4023
      ],
      [
        9,
        3783
      ]
    ],
    "class_order": [
      "0",
      "1"
    ]
  },
  "feature_importances": null,
  "wall_seconds": 1.0
}