{
  "config": {
    "tool": "argus",
    "regime": "native",
    "model": "logreg",
    "task": "multiclass",
    "split": "stratified",
    "seed": 3,
    "include_port": false,
    "dataset": "dapt20",
    "n_features": 7,
    "subsample_benign": null,
    "max_train": 400000
  },
  "config_hash": "8e42957ede19bf25",
  "git_commit": null,
  "n_train": 33183,
  "n_test": 14222,
  "n_test_unseen_class": 0,
  "features": [
    "tool_StartTime",
    "tool_LastTime",
    "tool_Dur",
    "tool_SrcPkts",
    "tool_DstPkts",
    "tool_SrcBytes",
    "tool_DstBytes"
  ],
  "metrics": {
    "macro_f1": 0.5486933629027483,
    "weighted_f1": 0.5502434227553674,
    "balanced_accuracy": 0.7972881577110238,
    "per_class": {
      "BENIGN": {
        "precision": 0.9370424597364568,
        "recall": 0.3682040464090517,
        "f1-score": 0.5286707510153508,
        "support": 10429.0
      },
      "Establish Foothold": {
        "precision": 0.8629088378566457,
        "recall": 0.9444021325209444,
        "f1-score": 0.9018181818181819,
        "support": 1313.0
      },
      "Lateral Movement": {
        "precision": 0.1408661025385764,
        "recall": 0.9826388888888888,
        "f1-score": 0.24640835872877667,
        "support": 576.0
      },
      "Reconnaissance": {
        "precision": 0.3645320197044335,
        "recall": 0.8939075630252101,
        "f1-score": 0.517876160048684,
        "support": 1904.0
      }
    },
    "confusion_matrix": [
      [
        3840,
        170,
        3452,
        2967
      ],
      [
        73,
        1240,
        0,
        0
      ],
      [
        5,
        5,
        566,
        0
      ],
      [
        180,
        22,
        0,
        1702
      ]
    ],
    "class_order": [
      "BENIGN",
      "Establish Foothold",
      "Lateral Movement",
      "Reconnaissance"
    ]
  },
  "feature_importances": null,
  "wall_seconds": 0.7
}