{
  "config": {
    "tool": "argus",
    "regime": "common",
    "model": "logreg",
    "task": "multiclass",
    "split": "stratified",
    "seed": 3,
    "include_port": false,
    "dataset": "dapt20",
    "n_features": 9,
    "subsample_benign": null,
    "max_train": 400000
  },
  "config_hash": "fd07fdc26b7eaf8e",
  "git_commit": null,
  "n_train": 33183,
  "n_test": 14222,
  "n_test_unseen_class": 0,
  "features": [
    "duration",
    "pkts_fwd",
    "pkts_bwd",
    "bytes_fwd",
    "bytes_bwd",
    "tot_pkts",
    "tot_bytes",
    "is_tcp",
    "is_udp"
  ],
  "metrics": {
    "macro_f1": 0.5892822438934658,
    "weighted_f1": 0.7159761059133617,
    "balanced_accuracy": 0.7789865746844868,
    "per_class": {
      "BENIGN": {
        "precision": 0.998162890385793,
        "recall": 0.6251797871320357,
        "f1-score": 0.7688225930074878,
        "support": 10429.0
      },
      "Establish Foothold": {
        "precision": 0.7151095732410612,
        "recall": 0.9444021325209444,
        "f1-score": 0.8139153265507056,
        "support": 1313.0
      },
      "Lateral Movement": {
        "precision": 0.16732105104198128,
        "recall": 0.9618055555555556,
        "f1-score": 0.28505273990223823,
        "support": 576.0
      },
      "Reconnaissance": {
        "precision": 0.4207939508506616,
        "recall": 0.5845588235294118,
        "f1-score": 0.48933831611343154,
        "support": 1904.0
      }
    },
    "confusion_matrix": [
      [
        6520,
        204,
        2217,
        1488
      ],
      [
        0,
        1240,
        45,
        28
      ],
      [
        4,
        2,
        554,
        16
      ],
      [
        8,
        288,
        495,
        1113
      ]
    ],
    "class_order": [
      "BENIGN",
      "Establish Foothold",
      "Lateral Movement",
      "Reconnaissance"
    ]
  },
  "feature_importances": null,
  "wall_seconds": 1.6
}