{
  "config": {
    "tool": "argus",
    "regime": "common",
    "model": "mlp",
    "task": "binary",
    "split": "stratified",
    "seed": 4,
    "include_port": false,
    "dataset": "dapt20",
    "n_features": 9,
    "subsample_benign": null,
    "max_train": 400000
  },
  "config_hash": "d75075d2ef831ff2",
  "git_commit": null,
  "n_train": 33183,
  "n_test": 14222,
  "n_test_unseen_class": 0,
  "features": [
    "duration",
    "pkts_fwd",
    "pkts_bwd",
    "bytes_fwd",
    "bytes_bwd",
    "tot_pkts",
    "tot_bytes",
    "is_tcp",
    "is_udp"
  ],
  "metrics": {
    "macro_f1": 0.8822344736911599,
    "weighted_f1": 0.9092923778692699,
    "balanced_accuracy": 0.8706888600313119,
    "per_class": {
      "0": {
        "precision": 0.9243954414898545,
        "recall": 0.9565675934803451,
        "f1-score": 0.9402063798708948,
        "support": 10430.0
      },
      "1": {
        "precision": 0.8678915135608049,
        "recall": 0.7848101265822784,
        "f1-score": 0.824262567511425,
        "support": 3792.0
      }
    },
    "fpr": 0.04343240651965484,
    "attack_recall": 0.7848101265822784,
    "attack_precision": 0.8678915135608049,
    "auc_pr": 0.9082420787151978,
    "confusion_matrix": [
      [
        9977,
        453
      ],
      [
        816,
        2976
      ]
    ],
    "class_order": [
      "0",
      "1"
    ]
  },
  "feature_importances": null,
  "wall_seconds": 2.4
}