{
  "config": {
    "tool": "argus",
    "regime": "common",
    "model": "rf",
    "task": "binary",
    "split": "stratified",
    "seed": 4,
    "include_port": false,
    "dataset": "dapt20",
    "n_features": 9,
    "subsample_benign": null,
    "max_train": 400000
  },
  "config_hash": "4765b8341d1dba74",
  "git_commit": null,
  "n_train": 33183,
  "n_test": 14222,
  "n_test_unseen_class": 0,
  "features": [
    "duration",
    "pkts_fwd",
    "pkts_bwd",
    "bytes_fwd",
    "bytes_bwd",
    "tot_pkts",
    "tot_bytes",
    "is_tcp",
    "is_udp"
  ],
  "metrics": {
    "macro_f1": 0.8914382633645267,
    "weighted_f1": 0.9122700143392829,
    "balanced_accuracy": 0.9178509229704965,
    "per_class": {
      "0": {
        "precision": 0.9744786803610334,
        "recall": 0.900575263662512,
        "f1-score": 0.9360705565797997,
        "support": 10430.0
      },
      "1": {
        "precision": 0.7737289984726162,
        "recall": 0.935126582278481,
        "f1-score": 0.8468059701492537,
        "support": 3792.0
      }
    },
    "fpr": 0.09942473633748801,
    "attack_recall": 0.935126582278481,
    "attack_precision": 0.7737289984726162,
    "auc_pr": 0.9443704834116058,
    "confusion_matrix": [
      [
        9393,
        1037
      ],
      [
        246,
        3546
      ]
    ],
    "class_order": [
      "0",
      "1"
    ]
  },
  "feature_importances": {
    "duration": 0.18735723793709586,
    "is_tcp": 0.16017094492759856,
    "bytes_fwd": 0.13949947320105827,
    "bytes_bwd": 0.13325872271521907,
    "is_udp": 0.12150090378655548,
    "tot_bytes": 0.10122524459490936,
    "tot_pkts": 0.09166783163982956,
    "pkts_bwd": 0.03275204812947427,
    "pkts_fwd": 0.032567593068259626
  },
  "wall_seconds": 0.9
}