{
  "config": {
    "tool": "argus",
    "regime": "common",
    "model": "logreg",
    "task": "binary",
    "split": "temporal",
    "seed": 3,
    "include_port": false,
    "dataset": "dapt20",
    "n_features": 9,
    "subsample_benign": null,
    "max_train": 400000
  },
  "config_hash": "67b44db06f1748ab",
  "git_commit": null,
  "n_train": 33251,
  "n_test": 14154,
  "n_test_unseen_class": 0,
  "features": [
    "duration",
    "pkts_fwd",
    "pkts_bwd",
    "bytes_fwd",
    "bytes_bwd",
    "tot_pkts",
    "tot_bytes",
    "is_tcp",
    "is_udp"
  ],
  "metrics": {
    "macro_f1": 0.6107617803882759,
    "weighted_f1": 0.7259280816592479,
    "balanced_accuracy": 0.808226178069315,
    "per_class": {
      "0": {
        "precision": 0.9977827050997783,
        "recall": 0.6253065228052967,
        "f1-score": 0.7688055876589116,
        "support": 12234.0
      },
      "1": {
        "precision": 0.29335594265453985,
        "recall": 0.9911458333333333,
        "f1-score": 0.45271797311764006,
        "support": 1920.0
      }
    },
    "fpr": 0.3746934771947033,
    "attack_recall": 0.9911458333333333,
    "attack_precision": 0.29335594265453985,
    "auc_pr": 0.23083730180106732,
    "confusion_matrix": [
      [
        7650,
        4584
      ],
      [
        17,
        1903
      ]
    ],
    "class_order": [
      "0",
      "1"
    ]
  },
  "feature_importances": null,
  "wall_seconds": 1.0
}