{
  "config": {
    "tool": "cicflowmeter-fixed",
    "regime": "common",
    "model": "logreg",
    "task": "binary",
    "split": "stratified",
    "seed": 4,
    "include_port": false,
    "dataset": "dapt20",
    "n_features": 9,
    "subsample_benign": null,
    "max_train": 400000
  },
  "config_hash": "f156e693d17d4eb4",
  "git_commit": null,
  "n_train": 40836,
  "n_test": 17502,
  "n_test_unseen_class": 0,
  "features": [
    "duration",
    "pkts_fwd",
    "pkts_bwd",
    "bytes_fwd",
    "bytes_bwd",
    "tot_pkts",
    "tot_bytes",
    "is_tcp",
    "is_udp"
  ],
  "metrics": {
    "macro_f1": 0.7851878682072879,
    "weighted_f1": 0.8477663609019298,
    "balanced_accuracy": 0.8889592415625647,
    "per_class": {
      "0": {
        "precision": 0.9943923595899413,
        "recall": 0.7974843651184035,
        "f1-score": 0.8851193261581657,
        "support": 14231.0
      },
      "1": {
        "precision": 0.5266874692067663,
        "recall": 0.9804341180067258,
        "f1-score": 0.6852564102564103,
        "support": 3271.0
      }
    },
    "fpr": 0.20251563488159652,
    "attack_recall": 0.9804341180067258,
    "attack_precision": 0.5266874692067663,
    "auc_pr": 0.8831006902341935,
    "confusion_matrix": [
      [
        11349,
        2882
      ],
      [
        64,
        3207
      ]
    ],
    "class_order": [
      "0",
      "1"
    ]
  },
  "feature_importances": null,
  "wall_seconds": 1.0
}