{
  "config": {
    "tool": "cicflowmeter-fixed",
    "regime": "common",
    "model": "logreg",
    "task": "multiclass",
    "split": "stratified",
    "seed": 4,
    "include_port": false,
    "dataset": "dapt20",
    "n_features": 9,
    "subsample_benign": null,
    "max_train": 400000
  },
  "config_hash": "7f82989f9c3a2db1",
  "git_commit": null,
  "n_train": 40836,
  "n_test": 17502,
  "n_test_unseen_class": 0,
  "features": [
    "duration",
    "pkts_fwd",
    "pkts_bwd",
    "bytes_fwd",
    "bytes_bwd",
    "tot_pkts",
    "tot_bytes",
    "is_tcp",
    "is_udp"
  ],
  "metrics": {
    "macro_f1": 0.559439919936256,
    "weighted_f1": 0.7997145454802147,
    "balanced_accuracy": 0.8282506878552931,
    "per_class": {
      "BENIGN": {
        "precision": 0.9989200863930886,
        "recall": 0.7149884055934228,
        "f1-score": 0.8334357210140476,
        "support": 14231.0
      },
      "Establish Foothold": {
        "precision": 0.8159468438538205,
        "recall": 0.9150521609538003,
        "f1-score": 0.8626624517035476,
        "support": 1342.0
      },
      "Lateral Movement": {
        "precision": 0.014354066985645933,
        "recall": 0.84,
        "f1-score": 0.028225806451612902,
        "support": 25.0
      },
      "Reconnaissance": {
        "precision": 0.36913523459061637,
        "recall": 0.8429621848739496,
        "f1-score": 0.5134357005758158,
        "support": 1904.0
      }
    },
    "confusion_matrix": [
      [
        10175,
        45,
        1324,
        2687
      ],
      [
        0,
        1228,
        59,
        55
      ],
      [
        2,
        1,
        21,
        1
      ],
      [
        9,
        231,
        59,
        1605
      ]
    ],
    "class_order": [
      "BENIGN",
      "Establish Foothold",
      "Lateral Movement",
      "Reconnaissance"
    ]
  },
  "feature_importances": null,
  "wall_seconds": 1.7
}