{
  "config": {
    "tool": "cicflowmeter-fixed",
    "regime": "common",
    "model": "xgb",
    "task": "binary",
    "split": "stratified",
    "seed": 1,
    "include_port": false,
    "dataset": "dapt20",
    "n_features": 9,
    "subsample_benign": null,
    "max_train": 400000
  },
  "config_hash": "43aa92b696e17c8a",
  "git_commit": null,
  "n_train": 40836,
  "n_test": 17502,
  "n_test_unseen_class": 0,
  "features": [
    "duration",
    "pkts_fwd",
    "pkts_bwd",
    "bytes_fwd",
    "bytes_bwd",
    "tot_pkts",
    "tot_bytes",
    "is_tcp",
    "is_udp"
  ],
  "metrics": {
    "macro_f1": 0.953056776232863,
    "weighted_f1": 0.9714199377496973,
    "balanced_accuracy": 0.9544970213600756,
    "per_class": {
      "0": {
        "precision": 0.9833145592790763,
        "recall": 0.981448949476495,
        "f1-score": 0.9823808686477932,
        "support": 14231.0
      },
      "1": {
        "precision": 0.9199514857489387,
        "recall": 0.9275450932436564,
        "f1-score": 0.9237326838179327,
        "support": 3271.0
      }
    },
    "fpr": 0.018551050523505024,
    "attack_recall": 0.9275450932436564,
    "attack_precision": 0.9199514857489387,
    "auc_pr": 0.9820648682302332,
    "confusion_matrix": [
      [
        13967,
        264
      ],
      [
        237,
        3034
      ]
    ],
    "class_order": [
      "0",
      "1"
    ]
  },
  "feature_importances": {
    "is_tcp": 0.3753419816493988,
    "bytes_bwd": 0.2262798547744751,
    "is_udp": 0.09722316265106201,
    "pkts_fwd": 0.08719688653945923,
    "pkts_bwd": 0.07438987493515015,
    "duration": 0.06971796602010727,
    "bytes_fwd": 0.02743392623960972,
    "tot_pkts": 0.025916118174791336,
    "tot_bytes": 0.01650024950504303
  },
  "wall_seconds": 0.6
}