{
  "config": {
    "tool": "cicflowmeter-orig",
    "regime": "common",
    "model": "logreg",
    "task": "binary",
    "split": "stratified",
    "seed": 0,
    "include_port": false,
    "dataset": "dapt20",
    "n_features": 9,
    "subsample_benign": null,
    "max_train": 400000
  },
  "config_hash": "0a644d288484b2d5",
  "git_commit": null,
  "n_train": 57226,
  "n_test": 24526,
  "n_test_unseen_class": 0,
  "features": [
    "duration",
    "pkts_fwd",
    "pkts_bwd",
    "bytes_fwd",
    "bytes_bwd",
    "tot_pkts",
    "tot_bytes",
    "is_tcp",
    "is_udp"
  ],
  "metrics": {
    "macro_f1": 0.7674273590062624,
    "weighted_f1": 0.7925099176613343,
    "balanced_accuracy": 0.8453659023536129,
    "per_class": {
      "0": {
        "precision": 0.9938782000318016,
        "recall": 0.7021850249957873,
        "f1-score": 0.8229485533721734,
        "support": 17803.0
      },
      "1": {
        "precision": 0.5562437227987947,
        "recall": 0.9885467797114383,
        "f1-score": 0.7119061646403514,
        "support": 6723.0
      }
    },
    "fpr": 0.2978149750042128,
    "attack_recall": 0.9885467797114383,
    "attack_precision": 0.5562437227987947,
    "auc_pr": 0.7723492716223841,
    "confusion_matrix": [
      [
        12501,
        5302
      ],
      [
        77,
        6646
      ]
    ],
    "class_order": [
      "0",
      "1"
    ]
  },
  "feature_importances": null,
  "wall_seconds": 1.1
}