{
  "config": {
    "tool": "cicflowmeter-orig",
    "regime": "common",
    "model": "mlp",
    "task": "binary",
    "split": "stratified",
    "seed": 4,
    "include_port": false,
    "dataset": "dapt20",
    "n_features": 9,
    "subsample_benign": null,
    "max_train": 400000
  },
  "config_hash": "499dcc1a25042005",
  "git_commit": null,
  "n_train": 57226,
  "n_test": 24526,
  "n_test_unseen_class": 0,
  "features": [
    "duration",
    "pkts_fwd",
    "pkts_bwd",
    "bytes_fwd",
    "bytes_bwd",
    "tot_pkts",
    "tot_bytes",
    "is_tcp",
    "is_udp"
  ],
  "metrics": {
    "macro_f1": 0.8572714544742766,
    "weighted_f1": 0.8857439549778519,
    "balanced_accuracy": 0.8614242900314897,
    "per_class": {
      "0": {
        "precision": 0.926850111092121,
        "recall": 0.9138347469527608,
        "f1-score": 0.9202964136214504,
        "support": 17803.0
      },
      "1": {
        "precision": 0.7800086046178115,
        "recall": 0.8090138331102187,
        "f1-score": 0.7942464953271028,
        "support": 6723.0
      }
    },
    "fpr": 0.08616525304723922,
    "attack_recall": 0.8090138331102187,
    "attack_precision": 0.7800086046178115,
    "auc_pr": 0.8546725735960958,
    "confusion_matrix": [
      [
        16269,
        1534
      ],
      [
        1284,
        5439
      ]
    ],
    "class_order": [
      "0",
      "1"
    ]
  },
  "feature_importances": null,
  "wall_seconds": 4.2
}