{
  "config": {
    "tool": "cicflowmeter-fixed",
    "regime": "common",
    "model": "rf",
    "task": "multiclass",
    "split": "stratified",
    "seed": 0,
    "include_port": false,
    "dataset": "dapt20",
    "n_features": 9,
    "subsample_benign": null,
    "max_train": 400000
  },
  "config_hash": "883c11171a613eb7",
  "git_commit": null,
  "n_train": 40836,
  "n_test": 17502,
  "n_test_unseen_class": 0,
  "features": [
    "duration",
    "pkts_fwd",
    "pkts_bwd",
    "bytes_fwd",
    "bytes_bwd",
    "tot_pkts",
    "tot_bytes",
    "is_tcp",
    "is_udp"
  ],
  "metrics": {
    "macro_f1": 0.7700514382877414,
    "weighted_f1": 0.9674457305251075,
    "balanced_accuracy": 0.7593627404868906,
    "per_class": {
      "BENIGN": {
        "precision": 0.9786133631534806,
        "recall": 0.9839083690534748,
        "f1-score": 0.9812537229755772,
        "support": 14231.0
      },
      "Establish Foothold": {
        "precision": 0.9804839968774395,
        "recall": 0.9359165424739195,
        "f1-score": 0.9576820434616851,
        "support": 1342.0
      },
      "Lateral Movement": {
        "precision": 0.2857142857142857,
        "recall": 0.24,
        "f1-score": 0.2608695652173913,
        "support": 25.0
      },
      "Reconnaissance": {
        "precision": 0.8831923890063424,
        "recall": 0.8776260504201681,
        "f1-score": 0.8804004214963119,
        "support": 1904.0
      }
    },
    "confusion_matrix": [
      [
        14002,
        14,
        6,
        209
      ],
      [
        69,
        1256,
        8,
        9
      ],
      [
        10,
        6,
        6,
        3
      ],
      [
        227,
        5,
        1,
        1671
      ]
    ],
    "class_order": [
      "BENIGN",
      "Establish Foothold",
      "Lateral Movement",
      "Reconnaissance"
    ]
  },
  "feature_importances": {
    "duration": 0.27116140794338883,
    "tot_bytes": 0.13475654254431396,
    "tot_pkts": 0.12328612903779428,
    "bytes_fwd": 0.12203041400155236,
    "bytes_bwd": 0.12154398532240257,
    "pkts_fwd": 0.11439271340807033,
    "pkts_bwd": 0.0648751512325133,
    "is_tcp": 0.02909517983042643,
    "is_udp": 0.01885847667953791
  },
  "wall_seconds": 1.2
}