{
  "config": {
    "tool": "cicflowmeter-orig",
    "regime": "common",
    "model": "mlp",
    "task": "binary",
    "split": "temporal",
    "seed": 4,
    "include_port": false,
    "dataset": "dapt20",
    "n_features": 9,
    "subsample_benign": null,
    "max_train": 400000
  },
  "config_hash": "2fdd54c0dd57ba5c",
  "git_commit": null,
  "n_train": 58653,
  "n_test": 23099,
  "n_test_unseen_class": 0,
  "features": [
    "duration",
    "pkts_fwd",
    "pkts_bwd",
    "bytes_fwd",
    "bytes_bwd",
    "tot_pkts",
    "tot_bytes",
    "is_tcp",
    "is_udp"
  ],
  "metrics": {
    "macro_f1": 0.6156187787224613,
    "weighted_f1": 0.8625251149508151,
    "balanced_accuracy": 0.6048957126892756,
    "per_class": {
      "0": {
        "precision": 0.916450563440049,
        "recall": 0.9402118705557975,
        "f1-score": 0.9281791700491858,
        "support": 20673.0
      },
      "1": {
        "precision": 0.346031746031746,
        "recall": 0.26957955482275353,
        "f1-score": 0.3030583873957368,
        "support": 2426.0
      }
    },
    "fpr": 0.05978812944420258,
    "attack_recall": 0.26957955482275353,
    "attack_precision": 0.346031746031746,
    "auc_pr": 0.40127099934806226,
    "confusion_matrix": [
      [
        19437,
        1236
      ],
      [
        1772,
        654
      ]
    ],
    "class_order": [
      "0",
      "1"
    ]
  },
  "feature_importances": null,
  "wall_seconds": 1.8
}