{
  "config": {
    "tool": "cicflowmeter-orig",
    "regime": "common",
    "model": "mlp",
    "task": "binary",
    "split": "temporal",
    "seed": 1,
    "include_port": false,
    "dataset": "dapt20",
    "n_features": 9,
    "subsample_benign": null,
    "max_train": 400000
  },
  "config_hash": "f58a77b9e62ae48e",
  "git_commit": null,
  "n_train": 58653,
  "n_test": 23099,
  "n_test_unseen_class": 0,
  "features": [
    "duration",
    "pkts_fwd",
    "pkts_bwd",
    "bytes_fwd",
    "bytes_bwd",
    "tot_pkts",
    "tot_bytes",
    "is_tcp",
    "is_udp"
  ],
  "metrics": {
    "macro_f1": 0.6087595449366381,
    "weighted_f1": 0.8580381671120497,
    "balanced_accuracy": 0.6014497066538673,
    "per_class": {
      "0": {
        "precision": 0.915894951797502,
        "recall": 0.9329076573308179,
        "f1-score": 0.9243230289959262,
        "support": 20673.0
      },
      "1": {
        "precision": 0.3207639569049951,
        "recall": 0.2699917559769167,
        "f1-score": 0.29319606087735006,
        "support": 2426.0
      }
    },
    "fpr": 0.06709234266918203,
    "attack_recall": 0.2699917559769167,
    "attack_precision": 0.3207639569049951,
    "auc_pr": 0.4028614310231104,
    "confusion_matrix": [
      [
        19286,
        1387
      ],
      [
        1771,
        655
      ]
    ],
    "class_order": [
      "0",
      "1"
    ]
  },
  "feature_importances": null,
  "wall_seconds": 1.8
}