{
  "config": {
    "tool": "cicflowmeter-fixed",
    "regime": "common",
    "model": "xgb",
    "task": "multiclass",
    "split": "stratified",
    "seed": 4,
    "include_port": false,
    "dataset": "dapt20",
    "n_features": 9,
    "subsample_benign": null,
    "max_train": 400000
  },
  "config_hash": "777bed140a2dad1a",
  "git_commit": null,
  "n_train": 40836,
  "n_test": 17502,
  "n_test_unseen_class": 0,
  "features": [
    "duration",
    "pkts_fwd",
    "pkts_bwd",
    "bytes_fwd",
    "bytes_bwd",
    "tot_pkts",
    "tot_bytes",
    "is_tcp",
    "is_udp"
  ],
  "metrics": {
    "macro_f1": 0.7193242080934997,
    "weighted_f1": 0.9667959842986245,
    "balanced_accuracy": 0.7109261471204592,
    "per_class": {
      "BENIGN": {
        "precision": 0.9810433195253809,
        "recall": 0.9818705642611201,
        "f1-score": 0.981456767577439,
        "support": 14231.0
      },
      "Establish Foothold": {
        "precision": 0.9856230031948882,
        "recall": 0.9195230998509687,
        "f1-score": 0.9514263685427911,
        "support": 1342.0
      },
      "Lateral Movement": {
        "precision": 0.16666666666666666,
        "recall": 0.04,
        "f1-score": 0.06451612903225806,
        "support": 25.0
      },
      "Reconnaissance": {
        "precision": 0.8585707146426786,
        "recall": 0.9023109243697479,
        "f1-score": 0.8798975672215109,
        "support": 1904.0
      }
    },
    "confusion_matrix": [
      [
        13973,
        6,
        1,
        251
      ],
      [
        79,
        1234,
        1,
        28
      ],
      [
        18,
        2,
        1,
        4
      ],
      [
        173,
        10,
        3,
        1718
      ]
    ],
    "class_order": [
      "BENIGN",
      "Establish Foothold",
      "Lateral Movement",
      "Reconnaissance"
    ]
  },
  "feature_importances": {
    "is_tcp": 0.2591170370578766,
    "bytes_bwd": 0.24311435222625732,
    "is_udp": 0.15466393530368805,
    "pkts_fwd": 0.11720892786979675,
    "tot_bytes": 0.05118243023753166,
    "pkts_bwd": 0.04821576923131943,
    "tot_pkts": 0.04516402631998062,
    "duration": 0.04504718258976936,
    "bytes_fwd": 0.036286406219005585
  },
  "wall_seconds": 1.9
}