{
  "config": {
    "tool": "cicflowmeter-orig",
    "regime": "common",
    "model": "logreg",
    "task": "multiclass",
    "split": "stratified",
    "seed": 2,
    "include_port": false,
    "dataset": "dapt20",
    "n_features": 9,
    "subsample_benign": null,
    "max_train": 400000
  },
  "config_hash": "3ad887b73025f9bb",
  "git_commit": null,
  "n_train": 57226,
  "n_test": 24526,
  "n_test_unseen_class": 0,
  "features": [
    "duration",
    "pkts_fwd",
    "pkts_bwd",
    "bytes_fwd",
    "bytes_bwd",
    "tot_pkts",
    "tot_bytes",
    "is_tcp",
    "is_udp"
  ],
  "metrics": {
    "macro_f1": 0.3649277459069607,
    "weighted_f1": 0.6985052629931444,
    "balanced_accuracy": 0.5413746451560402,
    "per_class": {
      "BENIGN": {
        "precision": 0.9981697171381032,
        "recall": 0.6739313598831658,
        "f1-score": 0.8046138886094625,
        "support": 17803.0
      },
      "Data Exfiltration": {
        "precision": 0.00024606299212598425,
        "recall": 1.0,
        "f1-score": 0.0004920049200492004,
        "support": 1.0
      },
      "Establish Foothold": {
        "precision": 0.7474195506982392,
        "recall": 0.4762088974854932,
        "f1-score": 0.581758034026465,
        "support": 2585.0
      },
      "Lateral Movement": {
        "precision": 0.04014189693801344,
        "recall": 0.29573590096286106,
        "f1-score": 0.07068880486602006,
        "support": 727.0
      },
      "Reconnaissance": {
        "precision": 0.6184850590687978,
        "recall": 0.26099706744868034,
        "f1-score": 0.36708599711280676,
        "support": 3410.0
      }
    },
    "confusion_matrix": [
      [
        11998,
        3014,
        122,
        2150,
        519
      ],
      [
        0,
        1,
        0,
        0,
        0
      ],
      [
        7,
        326,
        1231,
        1000,
        21
      ],
      [
        3,
        497,
        3,
        215,
        9
      ],
      [
        12,
        226,
        291,
        1991,
        890
      ]
    ],
    "class_order": [
      "BENIGN",
      "Data Exfiltration",
      "Establish Foothold",
      "Lateral Movement",
      "Reconnaissance"
    ]
  },
  "feature_importances": null,
  "wall_seconds": 2.7
}