{
  "config": {
    "tool": "cicflowmeter-fixed",
    "regime": "common",
    "model": "mlp",
    "task": "binary",
    "split": "temporal",
    "seed": 3,
    "include_port": false,
    "dataset": "dapt20",
    "n_features": 9,
    "subsample_benign": null,
    "max_train": 400000
  },
  "config_hash": "5d31a69c3578829f",
  "git_commit": null,
  "n_train": 41667,
  "n_test": 16671,
  "n_test_unseen_class": 0,
  "features": [
    "duration",
    "pkts_fwd",
    "pkts_bwd",
    "bytes_fwd",
    "bytes_bwd",
    "tot_pkts",
    "tot_bytes",
    "is_tcp",
    "is_udp"
  ],
  "metrics": {
    "macro_f1": 0.5278120811809938,
    "weighted_f1": 0.9850909871644707,
    "balanced_accuracy": 0.5641808855872005,
    "per_class": {
      "0": {
        "precision": 0.9956680902989627,
        "recall": 0.983783457921389,
        "f1-score": 0.9896900964279216,
        "support": 16588.0
      },
      "1": {
        "precision": 0.042704626334519574,
        "recall": 0.14457831325301204,
        "f1-score": 0.06593406593406594,
        "support": 83.0
      }
    },
    "fpr": 0.016216542078611045,
    "attack_recall": 0.14457831325301204,
    "attack_precision": 0.042704626334519574,
    "auc_pr": 0.08687762720381431,
    "confusion_matrix": [
      [
        16319,
        269
      ],
      [
        71,
        12
      ]
    ],
    "class_order": [
      "0",
      "1"
    ]
  },
  "feature_importances": null,
  "wall_seconds": 3.2
}