{
  "config": {
    "tool": "cicflowmeter-orig",
    "regime": "common",
    "model": "mlp",
    "task": "binary",
    "split": "stratified",
    "seed": 0,
    "include_port": false,
    "dataset": "dapt20",
    "n_features": 9,
    "subsample_benign": null,
    "max_train": 400000
  },
  "config_hash": "ddf4ec267b39acb8",
  "git_commit": null,
  "n_train": 57226,
  "n_test": 24526,
  "n_test_unseen_class": 0,
  "features": [
    "duration",
    "pkts_fwd",
    "pkts_bwd",
    "bytes_fwd",
    "bytes_bwd",
    "tot_pkts",
    "tot_bytes",
    "is_tcp",
    "is_udp"
  ],
  "metrics": {
    "macro_f1": 0.8473192404564565,
    "weighted_f1": 0.8770486782978618,
    "balanced_accuracy": 0.8555846290999678,
    "per_class": {
      "0": {
        "precision": 0.9265641262865734,
        "recall": 0.9000730214008875,
        "f1-score": 0.9131264780465567,
        "support": 17803.0
      },
      "1": {
        "precision": 0.7540099557522124,
        "recall": 0.8110962367990481,
        "f1-score": 0.7815120028663561,
        "support": 6723.0
      }
    },
    "fpr": 0.09992697859911251,
    "attack_recall": 0.8110962367990481,
    "attack_precision": 0.7540099557522124,
    "auc_pr": 0.8309255569860501,
    "confusion_matrix": [
      [
        16024,
        1779
      ],
      [
        1270,
        5453
      ]
    ],
    "class_order": [
      "0",
      "1"
    ]
  },
  "feature_importances": null,
  "wall_seconds": 2.5
}