{
  "config": {
    "tool": "cicflowmeter-orig",
    "regime": "common",
    "model": "xgb",
    "task": "binary",
    "split": "temporal",
    "seed": 4,
    "include_port": false,
    "dataset": "dapt20",
    "n_features": 9,
    "subsample_benign": null,
    "max_train": 400000
  },
  "config_hash": "666bed2718bfa21e",
  "git_commit": null,
  "n_train": 58653,
  "n_test": 23099,
  "n_test_unseen_class": 0,
  "features": [
    "duration",
    "pkts_fwd",
    "pkts_bwd",
    "bytes_fwd",
    "bytes_bwd",
    "tot_pkts",
    "tot_bytes",
    "is_tcp",
    "is_udp"
  ],
  "metrics": {
    "macro_f1": 0.6353023647955237,
    "weighted_f1": 0.8813386188289704,
    "balanced_accuracy": 0.6028564604839405,
    "per_class": {
      "0": {
        "precision": 0.9151356475420936,
        "recall": 0.9806510907947564,
        "f1-score": 0.9467613132209406,
        "support": 20673.0
      },
      "1": {
        "precision": 0.5771670190274841,
        "recall": 0.22506183017312448,
        "f1-score": 0.3238434163701068,
        "support": 2426.0
      }
    },
    "fpr": 0.019348909205243556,
    "attack_recall": 0.22506183017312448,
    "attack_precision": 0.5771670190274841,
    "auc_pr": 0.3519939504673464,
    "confusion_matrix": [
      [
        20273,
        400
      ],
      [
        1880,
        546
      ]
    ],
    "class_order": [
      "0",
      "1"
    ]
  },
  "feature_importances": {
    "is_tcp": 0.6471487283706665,
    "is_udp": 0.30993470549583435,
    "tot_pkts": 0.018539629876613617,
    "duration": 0.008637546561658382,
    "pkts_fwd": 0.00419691251590848,
    "bytes_bwd": 0.003996738698333502,
    "bytes_fwd": 0.00399615615606308,
    "tot_bytes": 0.0023545753210783005,
    "pkts_bwd": 0.001195052289403975
  },
  "wall_seconds": 0.9
}