{
  "config": {
    "tool": "cicflowmeter-fixed",
    "regime": "common",
    "model": "mlp",
    "task": "multiclass",
    "split": "stratified",
    "seed": 3,
    "include_port": false,
    "dataset": "dapt20",
    "n_features": 9,
    "subsample_benign": null,
    "max_train": 400000
  },
  "config_hash": "7215950e9772364e",
  "git_commit": null,
  "n_train": 40836,
  "n_test": 17502,
  "n_test_unseen_class": 0,
  "features": [
    "duration",
    "pkts_fwd",
    "pkts_bwd",
    "bytes_fwd",
    "bytes_bwd",
    "tot_pkts",
    "tot_bytes",
    "is_tcp",
    "is_udp"
  ],
  "metrics": {
    "macro_f1": 0.7121186620975222,
    "weighted_f1": 0.9568208058984726,
    "balanced_accuracy": 0.7101593304952867,
    "per_class": {
      "BENIGN": {
        "precision": 0.9799914554258046,
        "recall": 0.9671140467992411,
        "f1-score": 0.9735101679929267,
        "support": 14231.0
      },
      "Establish Foothold": {
        "precision": 0.9975806451612903,
        "recall": 0.9217585692995529,
        "f1-score": 0.9581719597211464,
        "support": 1342.0
      },
      "Lateral Movement": {
        "precision": 0.5,
        "recall": 0.04,
        "f1-score": 0.07407407407407407,
        "support": 25.0
      },
      "Reconnaissance": {
        "precision": 0.7833935018050542,
        "recall": 0.9117647058823529,
        "f1-score": 0.8427184466019417,
        "support": 1904.0
      }
    },
    "confusion_matrix": [
      [
        13763,
        0,
        0,
        468
      ],
      [
        93,
        1237,
        0,
        12
      ],
      [
        24,
        0,
        1,
        0
      ],
      [
        164,
        3,
        1,
        1736
      ]
    ],
    "class_order": [
      "BENIGN",
      "Establish Foothold",
      "Lateral Movement",
      "Reconnaissance"
    ]
  },
  "feature_importances": null,
  "wall_seconds": 3.6
}