{
  "config": {
    "tool": "cicflowmeter-orig",
    "regime": "common",
    "model": "rf",
    "task": "binary",
    "split": "stratified",
    "seed": 2,
    "include_port": false,
    "dataset": "dapt20",
    "n_features": 9,
    "subsample_benign": null,
    "max_train": 400000
  },
  "config_hash": "75d70eec794c0f20",
  "git_commit": null,
  "n_train": 57226,
  "n_test": 24526,
  "n_test_unseen_class": 0,
  "features": [
    "duration",
    "pkts_fwd",
    "pkts_bwd",
    "bytes_fwd",
    "bytes_bwd",
    "tot_pkts",
    "tot_bytes",
    "is_tcp",
    "is_udp"
  ],
  "metrics": {
    "macro_f1": 0.8414272287805722,
    "weighted_f1": 0.8662022021682869,
    "balanced_accuracy": 0.8847201463312145,
    "per_class": {
      "0": {
        "precision": 0.9728378822755672,
        "recall": 0.8308712014828962,
        "f1-score": 0.8962675714978187,
        "support": 17803.0
      },
      "1": {
        "precision": 0.6769659907735222,
        "recall": 0.9385690911795329,
        "f1-score": 0.7865868860633258,
        "support": 6723.0
      }
    },
    "fpr": 0.16912879851710386,
    "attack_recall": 0.9385690911795329,
    "attack_precision": 0.6769659907735222,
    "auc_pr": 0.9091625688867786,
    "confusion_matrix": [
      [
        14792,
        3011
      ],
      [
        413,
        6310
      ]
    ],
    "class_order": [
      "0",
      "1"
    ]
  },
  "feature_importances": {
    "duration": 0.2699100435733462,
    "is_tcp": 0.19746328125611023,
    "is_udp": 0.1251889359604238,
    "tot_pkts": 0.0857759243581724,
    "pkts_bwd": 0.07105238628203717,
    "bytes_fwd": 0.07004958187174357,
    "pkts_fwd": 0.06434216011691263,
    "bytes_bwd": 0.05975515267433198,
    "tot_bytes": 0.05646253390692216
  },
  "wall_seconds": 1.4
}