{
  "config": {
    "tool": "go-flows",
    "regime": "common",
    "model": "xgb",
    "task": "multiclass",
    "split": "stratified",
    "seed": 4,
    "include_port": false,
    "dataset": "dapt20",
    "n_features": 9,
    "subsample_benign": null,
    "max_train": 400000
  },
  "config_hash": "ce50a8d5d938a7fe",
  "git_commit": null,
  "n_train": 40924,
  "n_test": 17540,
  "n_test_unseen_class": 0,
  "features": [
    "duration",
    "pkts_fwd",
    "pkts_bwd",
    "bytes_fwd",
    "bytes_bwd",
    "tot_pkts",
    "tot_bytes",
    "is_tcp",
    "is_udp"
  ],
  "metrics": {
    "macro_f1": 0.5465890410110268,
    "weighted_f1": 0.8938530925131604,
    "balanced_accuracy": 0.5516812368251163,
    "per_class": {
      "BENIGN": {
        "precision": 0.9346085409252669,
        "recall": 0.9581939799331104,
        "f1-score": 0.9462543161687434,
        "support": 13156.0
      },
      "Data Exfiltration": {
        "precision": 0.0,
        "recall": 0.0,
        "f1-score": 0.0,
        "support": 1.0
      },
      "Establish Foothold": {
        "precision": 0.7658067779463834,
        "recall": 0.9468417761100688,
        "f1-score": 0.8467561521252797,
        "support": 1599.0
      },
      "Lateral Movement": {
        "precision": 0.43820224719101125,
        "recall": 0.06543624161073826,
        "f1-score": 0.11386861313868613,
        "support": 596.0
      },
      "Reconnaissance": {
        "precision": 0.8680765357502518,
        "recall": 0.7879341864716636,
        "f1-score": 0.8260661236224245,
        "support": 2188.0
      }
    },
    "confusion_matrix": [
      [
        12606,
        0,
        256,
        46,
        248
      ],
      [
        1,
        0,
        0,
        0,
        0
      ],
      [
        74,
        0,
        1514,
        3,
        8
      ],
      [
        534,
        0,
        17,
        39,
        6
      ],
      [
        273,
        0,
        190,
        1,
        1724
      ]
    ],
    "class_order": [
      "BENIGN",
      "Data Exfiltration",
      "Establish Foothold",
      "Lateral Movement",
      "Reconnaissance"
    ]
  },
  "feature_importances": {
    "tot_bytes": 0.44398197531700134,
    "tot_pkts": 0.364484578371048,
    "bytes_bwd": 0.06098921224474907,
    "pkts_bwd": 0.05446336790919304,
    "bytes_fwd": 0.035729777067899704,
    "pkts_fwd": 0.023063648492097855,
    "duration": 0.01728745363652706
  },
  "wall_seconds": 2.2
}