{
  "config": {
    "tool": "go-flows",
    "regime": "common",
    "model": "rf",
    "task": "binary",
    "split": "temporal",
    "seed": 3,
    "include_port": false,
    "dataset": "dapt20",
    "n_features": 9,
    "subsample_benign": null,
    "max_train": 400000
  },
  "config_hash": "dd350152b64b6ecd",
  "git_commit": null,
  "n_train": 41854,
  "n_test": 16610,
  "n_test_unseen_class": 0,
  "features": [
    "duration",
    "pkts_fwd",
    "pkts_bwd",
    "bytes_fwd",
    "bytes_bwd",
    "tot_pkts",
    "tot_bytes",
    "is_tcp",
    "is_udp"
  ],
  "metrics": {
    "macro_f1": 0.5266694017727893,
    "weighted_f1": 0.8296737756699937,
    "balanced_accuracy": 0.5262164990168434,
    "per_class": {
      "0": {
        "precision": 0.886118767226259,
        "recall": 0.9673801545510498,
        "f1-score": 0.9249681237126884,
        "support": 14623.0
      },
      "1": {
        "precision": 0.26160990712074306,
        "recall": 0.08505284348263714,
        "f1-score": 0.12837067983289024,
        "support": 1987.0
      }
    },
    "fpr": 0.03261984544895028,
    "attack_recall": 0.08505284348263714,
    "attack_precision": 0.26160990712074306,
    "auc_pr": 0.31627591526846555,
    "confusion_matrix": [
      [
        14146,
        477
      ],
      [
        1818,
        169
      ]
    ],
    "class_order": [
      "0",
      "1"
    ]
  },
  "feature_importances": {
    "bytes_bwd": 0.2094879979190108,
    "pkts_bwd": 0.19867452939353153,
    "duration": 0.1795293429875955,
    "tot_pkts": 0.1252246728940482,
    "pkts_fwd": 0.1056930094182686,
    "bytes_fwd": 0.09376094332100722,
    "tot_bytes": 0.08762950406653827
  },
  "wall_seconds": 1.1
}