{
  "config": {
    "tool": "go-flows",
    "regime": "native",
    "model": "xgb",
    "task": "binary",
    "split": "temporal",
    "seed": 1,
    "include_port": false,
    "dataset": "dapt20",
    "n_features": 12,
    "subsample_benign": null,
    "max_train": 400000
  },
  "config_hash": "a6f2d56f669da70f",
  "git_commit": null,
  "n_train": 41854,
  "n_test": 16610,
  "n_test_unseen_class": 0,
  "features": [
    "tool_flowStartMilliseconds",
    "tool_flowEndMilliseconds",
    "tool_sourceTransportPort",
    "tool_destinationTransportPort",
    "tool_protocolIdentifier",
    "tool_packetTotalCount",
    "tool_octetTotalCount",
    "tool_tcpSynTotalCount",
    "tool_tcpFinTotalCount",
    "tool_tcpRstTotalCount",
    "tool_tcpPshTotalCount",
    "tool_tcpAckTotalCount"
  ],
  "metrics": {
    "macro_f1": 0.4718082777518598,
    "weighted_f1": 0.8170686862826516,
    "balanced_accuracy": 0.49400075392602694,
    "per_class": {
      "0": {
        "precision": 0.8790823543883388,
        "recall": 0.9774328113246256,
        "f1-score": 0.9256524836474321,
        "support": 14623.0
      },
      "1": {
        "precision": 0.05982905982905983,
        "recall": 0.010568696527428284,
        "f1-score": 0.017964071856287425,
        "support": 1987.0
      }
    },
    "fpr": 0.02256718867537441,
    "attack_recall": 0.010568696527428284,
    "attack_precision": 0.05982905982905983,
    "auc_pr": 0.27361090172677305,
    "confusion_matrix": [
      [
        14293,
        330
      ],
      [
        1966,
        21
      ]
    ],
    "class_order": [
      "0",
      "1"
    ]
  },
  "feature_importances": {
    "tool_tcpFinTotalCount": 0.40345221757888794,
    "tool_tcpAckTotalCount": 0.17525844275951385,
    "tool_protocolIdentifier": 0.12570808827877045,
    "tool_destinationTransportPort": 0.09715811908245087,
    "tool_tcpPshTotalCount": 0.07053679972887039,
    "tool_sourceTransportPort": 0.030309347435832024,
    "tool_flowStartMilliseconds": 0.02773558534681797,
    "tool_tcpSynTotalCount": 0.024914748966693878,
    "tool_flowEndMilliseconds": 0.01844542659819126,
    "tool_octetTotalCount": 0.0174807570874691,
    "tool_packetTotalCount": 0.004718359559774399,
    "tool_tcpRstTotalCount": 0.004282059147953987
  },
  "wall_seconds": 0.6
}