{
  "config": {
    "tool": "go-flows",
    "regime": "common",
    "model": "rf",
    "task": "binary",
    "split": "stratified",
    "seed": 4,
    "include_port": false,
    "dataset": "dapt20",
    "n_features": 9,
    "subsample_benign": null,
    "max_train": 400000
  },
  "config_hash": "7b242aed796d03de",
  "git_commit": null,
  "n_train": 40924,
  "n_test": 17540,
  "n_test_unseen_class": 0,
  "features": [
    "duration",
    "pkts_fwd",
    "pkts_bwd",
    "bytes_fwd",
    "bytes_bwd",
    "tot_pkts",
    "tot_bytes",
    "is_tcp",
    "is_udp"
  ],
  "metrics": {
    "macro_f1": 0.8430171177855066,
    "weighted_f1": 0.8758128955616976,
    "balanced_accuracy": 0.8821306728022851,
    "per_class": {
      "0": {
        "precision": 0.964648620954658,
        "recall": 0.8586956521739131,
        "f1-score": 0.9085937185828609,
        "support": 13156.0
      },
      "1": {
        "precision": 0.6810773717618802,
        "recall": 0.905565693430657,
        "f1-score": 0.7774405169881523,
        "support": 4384.0
      }
    },
    "fpr": 0.14130434782608695,
    "attack_recall": 0.905565693430657,
    "attack_precision": 0.6810773717618802,
    "auc_pr": 0.9040743679929943,
    "confusion_matrix": [
      [
        11297,
        1859
      ],
      [
        414,
        3970
      ]
    ],
    "class_order": [
      "0",
      "1"
    ]
  },
  "feature_importances": {
    "duration": 0.20733617190836132,
    "tot_pkts": 0.17949058437802726,
    "bytes_bwd": 0.17105060937638164,
    "pkts_bwd": 0.15564439560158802,
    "tot_bytes": 0.11968181800074994,
    "bytes_fwd": 0.0876749798032735,
    "pkts_fwd": 0.07912144093161828
  },
  "wall_seconds": 1.1
}