{
  "config": {
    "tool": "go-flows",
    "regime": "common",
    "model": "rf",
    "task": "multiclass",
    "split": "stratified",
    "seed": 2,
    "include_port": false,
    "dataset": "dapt20",
    "n_features": 9,
    "subsample_benign": null,
    "max_train": 400000
  },
  "config_hash": "ec2c5f403a6e558e",
  "git_commit": null,
  "n_train": 40924,
  "n_test": 17540,
  "n_test_unseen_class": 0,
  "features": [
    "duration",
    "pkts_fwd",
    "pkts_bwd",
    "bytes_fwd",
    "bytes_bwd",
    "tot_pkts",
    "tot_bytes",
    "is_tcp",
    "is_udp"
  ],
  "metrics": {
    "macro_f1": 0.7930768837418392,
    "weighted_f1": 0.8675440834140585,
    "balanced_accuracy": 0.8992904061999191,
    "per_class": {
      "BENIGN": {
        "precision": 0.9689430187037843,
        "recall": 0.8466099118273032,
        "f1-score": 0.9036550241369519,
        "support": 13156.0
      },
      "Data Exfiltration": {
        "precision": 1.0,
        "recall": 1.0,
        "f1-score": 1.0,
        "support": 1.0
      },
      "Establish Foothold": {
        "precision": 0.6929982046678635,
        "recall": 0.965603502188868,
        "f1-score": 0.8068983538019336,
        "support": 1599.0
      },
      "Lateral Movement": {
        "precision": 0.2937701396348013,
        "recall": 0.9177852348993288,
        "f1-score": 0.4450772986167616,
        "support": 596.0
      },
      "Reconnaissance": {
        "precision": 0.8582395087001023,
        "recall": 0.7664533820840951,
        "f1-score": 0.809753742153549,
        "support": 2188.0
      }
    },
    "confusion_matrix": [
      [
        11138,
        0,
        456,
        1300,
        262
      ],
      [
        0,
        1,
        0,
        0,
        0
      ],
      [
        32,
        0,
        1544,
        12,
        11
      ],
      [
        22,
        0,
        23,
        547,
        4
      ],
      [
        303,
        0,
        205,
        3,
        1677
      ]
    ],
    "class_order": [
      "BENIGN",
      "Data Exfiltration",
      "Establish Foothold",
      "Lateral Movement",
      "Reconnaissance"
    ]
  },
  "feature_importances": {
    "bytes_bwd": 0.2543744766509401,
    "pkts_bwd": 0.24372129134358095,
    "duration": 0.16962267782838147,
    "bytes_fwd": 0.11678313567823698,
    "pkts_fwd": 0.10262110863233767,
    "tot_pkts": 0.06744576675814681,
    "tot_bytes": 0.04543154310837591
  },
  "wall_seconds": 1.1
}