{
  "config": {
    "tool": "go-flows",
    "regime": "common",
    "model": "logreg",
    "task": "multiclass",
    "split": "stratified",
    "seed": 0,
    "include_port": false,
    "dataset": "dapt20",
    "n_features": 9,
    "subsample_benign": null,
    "max_train": 400000
  },
  "config_hash": "cc0902ebccb7c9e4",
  "git_commit": null,
  "n_train": 40924,
  "n_test": 17540,
  "n_test_unseen_class": 0,
  "features": [
    "duration",
    "pkts_fwd",
    "pkts_bwd",
    "bytes_fwd",
    "bytes_bwd",
    "tot_pkts",
    "tot_bytes",
    "is_tcp",
    "is_udp"
  ],
  "metrics": {
    "macro_f1": 0.35641434030634783,
    "weighted_f1": 0.6641601405850941,
    "balanced_accuracy": 0.5578204967963621,
    "per_class": {
      "BENIGN": {
        "precision": 0.9986355742991814,
        "recall": 0.6119641228336881,
        "f1-score": 0.7588839664435857,
        "support": 13156.0
      },
      "Data Exfiltration": {
        "precision": 0.00023923444976076556,
        "recall": 1.0,
        "f1-score": 0.00047835446065534564,
        "support": 1.0
      },
      "Establish Foothold": {
        "precision": 0.6840644086618545,
        "recall": 0.7704815509693559,
        "f1-score": 0.7247058823529412,
        "support": 1599.0
      },
      "Lateral Movement": {
        "precision": 0.054285714285714284,
        "recall": 0.28691275167785235,
        "f1-score": 0.09129738387613455,
        "support": 596.0
      },
      "Reconnaissance": {
        "precision": 0.7550432276657061,
        "recall": 0.11974405850091407,
        "f1-score": 0.2067061143984221,
        "support": 2188.0
      }
    },
    "confusion_matrix": [
      [
        8051,
        3146,
        114,
        1766,
        79
      ],
      [
        0,
        1,
        0,
        0,
        0
      ],
      [
        2,
        297,
        1232,
        65,
        3
      ],
      [
        1,
        420,
        1,
        171,
        3
      ],
      [
        8,
        316,
        454,
        1148,
        262
      ]
    ],
    "class_order": [
      "BENIGN",
      "Data Exfiltration",
      "Establish Foothold",
      "Lateral Movement",
      "Reconnaissance"
    ]
  },
  "feature_importances": null,
  "wall_seconds": 1.0
}