{
  "config": {
    "tool": "go-flows",
    "regime": "common",
    "model": "logreg",
    "task": "binary",
    "split": "temporal",
    "seed": 4,
    "include_port": false,
    "dataset": "dapt20",
    "n_features": 9,
    "subsample_benign": null,
    "max_train": 400000
  },
  "config_hash": "6595e37f3c0ce32e",
  "git_commit": null,
  "n_train": 41854,
  "n_test": 16610,
  "n_test_unseen_class": 0,
  "features": [
    "duration",
    "pkts_fwd",
    "pkts_bwd",
    "bytes_fwd",
    "bytes_bwd",
    "tot_pkts",
    "tot_bytes",
    "is_tcp",
    "is_udp"
  ],
  "metrics": {
    "macro_f1": 0.6185927333022896,
    "weighted_f1": 0.757031775628216,
    "balanced_accuracy": 0.8129077635554994,
    "per_class": {
      "0": {
        "precision": 0.990819209039548,
        "recall": 0.6716132120631881,
        "f1-score": 0.8005706134094152,
        "support": 14623.0
      },
      "1": {
        "precision": 0.28306957300686775,
        "recall": 0.9542023150478107,
        "f1-score": 0.4366148531951641,
        "support": 1987.0
      }
    },
    "fpr": 0.32838678793681186,
    "attack_recall": 0.9542023150478107,
    "attack_precision": 0.28306957300686775,
    "auc_pr": 0.397169868882508,
    "confusion_matrix": [
      [
        9821,
        4802
      ],
      [
        91,
        1896
      ]
    ],
    "class_order": [
      "0",
      "1"
    ]
  },
  "feature_importances": null,
  "wall_seconds": 0.2
}