{
  "config": {
    "tool": "go-flows",
    "regime": "common",
    "model": "logreg",
    "task": "binary",
    "split": "stratified",
    "seed": 2,
    "include_port": false,
    "dataset": "dapt20",
    "n_features": 9,
    "subsample_benign": null,
    "max_train": 400000
  },
  "config_hash": "30a1a0df4eba53ea",
  "git_commit": null,
  "n_train": 40924,
  "n_test": 17540,
  "n_test_unseen_class": 0,
  "features": [
    "duration",
    "pkts_fwd",
    "pkts_bwd",
    "bytes_fwd",
    "bytes_bwd",
    "tot_pkts",
    "tot_bytes",
    "is_tcp",
    "is_udp"
  ],
  "metrics": {
    "macro_f1": 0.7383877890121827,
    "weighted_f1": 0.7732972633435186,
    "balanced_accuracy": 0.8315567970984902,
    "per_class": {
      "0": {
        "precision": 0.990622241835834,
        "recall": 0.6825022803283672,
        "f1-score": 0.8081908190819082,
        "support": 13156.0
      },
      "1": {
        "precision": 0.5071967909391222,
        "recall": 0.9806113138686131,
        "f1-score": 0.6685847589424573,
        "support": 4384.0
      }
    },
    "fpr": 0.3174977196716327,
    "attack_recall": 0.9806113138686131,
    "attack_precision": 0.5071967909391222,
    "auc_pr": 0.811384941588218,
    "confusion_matrix": [
      [
        8979,
        4177
      ],
      [
        85,
        4299
      ]
    ],
    "class_order": [
      "0",
      "1"
    ]
  },
  "feature_importances": null,
  "wall_seconds": 0.2
}