{
  "config": {
    "tool": "go-flows",
    "regime": "native",
    "model": "xgb",
    "task": "binary",
    "split": "stratified",
    "seed": 2,
    "include_port": false,
    "dataset": "dapt20",
    "n_features": 12,
    "subsample_benign": null,
    "max_train": 400000
  },
  "config_hash": "1d96177aff9ccc7c",
  "git_commit": null,
  "n_train": 40924,
  "n_test": 17540,
  "n_test_unseen_class": 0,
  "features": [
    "tool_flowStartMilliseconds",
    "tool_flowEndMilliseconds",
    "tool_sourceTransportPort",
    "tool_destinationTransportPort",
    "tool_protocolIdentifier",
    "tool_packetTotalCount",
    "tool_octetTotalCount",
    "tool_tcpSynTotalCount",
    "tool_tcpFinTotalCount",
    "tool_tcpRstTotalCount",
    "tool_tcpPshTotalCount",
    "tool_tcpAckTotalCount"
  ],
  "metrics": {
    "macro_f1": 0.9442904537967083,
    "weighted_f1": 0.958330618408987,
    "balanced_accuracy": 0.9420278527407216,
    "per_class": {
      "0": {
        "precision": 0.9699009301973833,
        "recall": 0.97484037701429,
        "f1-score": 0.9723643807574207,
        "support": 13156.0
      },
      "1": {
        "precision": 0.9233263840630067,
        "recall": 0.9092153284671532,
        "f1-score": 0.9162165268359959,
        "support": 4384.0
      }
    },
    "fpr": 0.025159622985709944,
    "attack_recall": 0.9092153284671532,
    "attack_precision": 0.9233263840630067,
    "auc_pr": 0.9890928432670811,
    "confusion_matrix": [
      [
        12825,
        331
      ],
      [
        398,
        3986
      ]
    ],
    "class_order": [
      "0",
      "1"
    ]
  },
  "feature_importances": {
    "tool_tcpAckTotalCount": 0.3652685880661011,
    "tool_tcpFinTotalCount": 0.2219940423965454,
    "tool_tcpPshTotalCount": 0.15476880967617035,
    "tool_protocolIdentifier": 0.07932985574007034,
    "tool_sourceTransportPort": 0.03215963393449783,
    "tool_tcpRstTotalCount": 0.030860239639878273,
    "tool_octetTotalCount": 0.03037714585661888,
    "tool_packetTotalCount": 0.02255290187895298,
    "tool_flowStartMilliseconds": 0.017612848430871964,
    "tool_destinationTransportPort": 0.017462877556681633,
    "tool_flowEndMilliseconds": 0.016176791861653328,
    "tool_tcpSynTotalCount": 0.011436237022280693
  },
  "wall_seconds": 0.9
}