{
  "config": {
    "tool": "go-flows",
    "regime": "common",
    "model": "xgb",
    "task": "binary",
    "split": "stratified",
    "seed": 1,
    "include_port": false,
    "dataset": "dapt20",
    "n_features": 9,
    "subsample_benign": null,
    "max_train": 400000
  },
  "config_hash": "deac792c2a8dd1d2",
  "git_commit": null,
  "n_train": 40924,
  "n_test": 17540,
  "n_test_unseen_class": 0,
  "features": [
    "duration",
    "pkts_fwd",
    "pkts_bwd",
    "bytes_fwd",
    "bytes_bwd",
    "tot_pkts",
    "tot_bytes",
    "is_tcp",
    "is_udp"
  ],
  "metrics": {
    "macro_f1": 0.8861079441351003,
    "weighted_f1": 0.9157402706553522,
    "balanced_accuracy": 0.8758047381450667,
    "per_class": {
      "0": {
        "precision": 0.9330076245465986,
        "recall": 0.958041958041958,
        "f1-score": 0.945359084942809,
        "support": 13156.0
      },
      "1": {
        "precision": 0.8630612751178368,
        "recall": 0.7935675182481752,
        "f1-score": 0.8268568033273915,
        "support": 4384.0
      }
    },
    "fpr": 0.04195804195804196,
    "attack_recall": 0.7935675182481752,
    "attack_precision": 0.8630612751178368,
    "auc_pr": 0.9159575190056357,
    "confusion_matrix": [
      [
        12604,
        552
      ],
      [
        905,
        3479
      ]
    ],
    "class_order": [
      "0",
      "1"
    ]
  },
  "feature_importances": {
    "tot_pkts": 0.5870524048805237,
    "tot_bytes": 0.36439579725265503,
    "bytes_bwd": 0.01216810755431652,
    "pkts_bwd": 0.011952932924032211,
    "bytes_fwd": 0.008969448506832123,
    "pkts_fwd": 0.00811455026268959,
    "duration": 0.007346826139837503
  },
  "wall_seconds": 0.7
}