{
  "config": {
    "tool": "go-flows",
    "regime": "common",
    "model": "rf",
    "task": "binary",
    "split": "temporal",
    "seed": 1,
    "include_port": false,
    "dataset": "dapt20",
    "n_features": 9,
    "subsample_benign": null,
    "max_train": 400000
  },
  "config_hash": "50ac852c52b010e3",
  "git_commit": null,
  "n_train": 41854,
  "n_test": 16610,
  "n_test_unseen_class": 0,
  "features": [
    "duration",
    "pkts_fwd",
    "pkts_bwd",
    "bytes_fwd",
    "bytes_bwd",
    "tot_pkts",
    "tot_bytes",
    "is_tcp",
    "is_udp"
  ],
  "metrics": {
    "macro_f1": 0.5953132152558002,
    "weighted_f1": 0.8431984699030285,
    "balanced_accuracy": 0.5819144620571223,
    "per_class": {
      "0": {
        "precision": 0.8990300110669879,
        "recall": 0.9444026533543048,
        "f1-score": 0.9211579509071505,
        "support": 14623.0
      },
      "1": {
        "precision": 0.3490792634107286,
        "recall": 0.21942627075993962,
        "f1-score": 0.2694684796044499,
        "support": 1987.0
      }
    },
    "fpr": 0.055597346645695135,
    "attack_recall": 0.21942627075993962,
    "attack_precision": 0.3490792634107286,
    "auc_pr": 0.3193030216304624,
    "confusion_matrix": [
      [
        13810,
        813
      ],
      [
        1551,
        436
      ]
    ],
    "class_order": [
      "0",
      "1"
    ]
  },
  "feature_importances": {
    "bytes_bwd": 0.22274296970448135,
    "pkts_bwd": 0.19330536120042868,
    "duration": 0.18512657950674666,
    "tot_pkts": 0.12793789266085207,
    "bytes_fwd": 0.09490461387573439,
    "tot_bytes": 0.08876608687989068,
    "pkts_fwd": 0.08721649617186604
  },
  "wall_seconds": 1.1
}