{
  "config": {
    "tool": "go-flows",
    "regime": "common",
    "model": "rf",
    "task": "binary",
    "split": "temporal",
    "seed": 0,
    "include_port": false,
    "dataset": "dapt20",
    "n_features": 9,
    "subsample_benign": null,
    "max_train": 400000
  },
  "config_hash": "a1ff185c9bf174e7",
  "git_commit": null,
  "n_train": 41854,
  "n_test": 16610,
  "n_test_unseen_class": 0,
  "features": [
    "duration",
    "pkts_fwd",
    "pkts_bwd",
    "bytes_fwd",
    "bytes_bwd",
    "tot_pkts",
    "tot_bytes",
    "is_tcp",
    "is_udp"
  ],
  "metrics": {
    "macro_f1": 0.5954169034500366,
    "weighted_f1": 0.8431645248825871,
    "balanced_accuracy": 0.5820635195583851,
    "per_class": {
      "0": {
        "precision": 0.8990688285472423,
        "recall": 0.9441974970936197,
        "f1-score": 0.9210807204803202,
        "support": 14623.0
      },
      "1": {
        "precision": 0.3487629688747007,
        "recall": 0.2199295420231505,
        "f1-score": 0.2697530864197531,
        "support": 1987.0
      }
    },
    "fpr": 0.05580250290638036,
    "attack_recall": 0.2199295420231505,
    "attack_precision": 0.3487629688747007,
    "auc_pr": 0.3145336418264646,
    "confusion_matrix": [
      [
        13807,
        816
      ],
      [
        1550,
        437
      ]
    ],
    "class_order": [
      "0",
      "1"
    ]
  },
  "feature_importances": {
    "pkts_bwd": 0.21015538137314693,
    "bytes_bwd": 0.18837328667304054,
    "duration": 0.1858860379362342,
    "bytes_fwd": 0.10955125797294031,
    "tot_pkts": 0.10663145707816392,
    "tot_bytes": 0.10658490615751882,
    "pkts_fwd": 0.09281767280895534
  },
  "wall_seconds": 1.1
}