{
  "config": {
    "tool": "joy",
    "regime": "common",
    "model": "mlp",
    "task": "binary",
    "split": "temporal",
    "seed": 2,
    "include_port": false,
    "dataset": "dapt20",
    "n_features": 9,
    "subsample_benign": null,
    "max_train": 400000
  },
  "config_hash": "8ba5b084f006daf4",
  "git_commit": null,
  "n_train": 63191,
  "n_test": 33234,
  "n_test_unseen_class": 0,
  "features": [
    "duration",
    "pkts_fwd",
    "pkts_bwd",
    "bytes_fwd",
    "bytes_bwd",
    "tot_pkts",
    "tot_bytes",
    "is_tcp",
    "is_udp"
  ],
  "metrics": {
    "macro_f1": 0.5008183062641698,
    "weighted_f1": 0.9127542242156987,
    "balanced_accuracy": 0.5073641288873295,
    "per_class": {
      "0": {
        "precision": 0.9413399383797499,
        "recall": 0.9970246664747097,
        "f1-score": 0.9683824557587434,
        "support": 31257.0
      },
      "1": {
        "precision": 0.2734375,
        "recall": 0.017703591299949417,
        "f1-score": 0.0332541567695962,
        "support": 1977.0
      }
    },
    "fpr": 0.002975333525290335,
    "attack_recall": 0.017703591299949417,
    "attack_precision": 0.2734375,
    "auc_pr": 0.2507399681418474,
    "confusion_matrix": [
      [
        31164,
        93
      ],
      [
        1942,
        35
      ]
    ],
    "class_order": [
      "0",
      "1"
    ]
  },
  "feature_importances": null,
  "wall_seconds": 4.5
}