{
  "config": {
    "tool": "joy",
    "regime": "native",
    "model": "rf",
    "task": "binary",
    "split": "stratified",
    "seed": 4,
    "include_port": false,
    "dataset": "dapt20",
    "n_features": 24,
    "subsample_benign": null,
    "max_train": 400000
  },
  "config_hash": "62a7d24d4237db26",
  "git_commit": null,
  "n_train": 67497,
  "n_test": 28928,
  "n_test_unseen_class": 0,
  "features": [
    "tool_pr",
    "tool_sp",
    "tool_dp",
    "tool_bytes_out",
    "tool_num_pkts_out",
    "tool_bytes_in",
    "tool_num_pkts_in",
    "tool_byte_dist_mean",
    "tool_byte_dist_std",
    "tool_derived_fwd_pktsize_mean",
    "tool_derived_fwd_pktsize_std",
    "tool_derived_fwd_pktsize_min",
    "tool_derived_fwd_pktsize_max",
    "tool_derived_fwd_pktsize_n",
    "tool_derived_bwd_pktsize_mean",
    "tool_derived_bwd_pktsize_std",
    "tool_derived_bwd_pktsize_min",
    "tool_derived_bwd_pktsize_max",
    "tool_derived_bwd_pktsize_n",
    "tool_derived_iat_ms_mean",
    "tool_derived_iat_ms_std",
    "tool_derived_iat_ms_min",
    "tool_derived_iat_ms_max",
    "tool_derived_iat_ms_n"
  ],
  "metrics": {
    "macro_f1": 0.9202517576476117,
    "weighted_f1": 0.9632420714731644,
    "balanced_accuracy": 0.9247775890873937,
    "per_class": {
      "0": {
        "precision": 0.9805685498380713,
        "recall": 0.9767803090648399,
        "f1-score": 0.9786707635826732,
        "support": 25108.0
      },
      "1": {
        "precision": 0.851161603267807,
        "recall": 0.8727748691099476,
        "f1-score": 0.8618327517125501,
        "support": 3820.0
      }
    },
    "fpr": 0.023219690935160107,
    "attack_recall": 0.8727748691099476,
    "attack_precision": 0.851161603267807,
    "auc_pr": 0.9617211154119542,
    "confusion_matrix": [
      [
        24525,
        583
      ],
      [
        486,
        3334
      ]
    ],
    "class_order": [
      "0",
      "1"
    ]
  },
  "feature_importances": {
    "tool_derived_bwd_pktsize_min": 0.13456564978524413,
    "tool_sp": 0.12206307524465762,
    "tool_bytes_in": 0.10985823184417272,
    "tool_derived_bwd_pktsize_max": 0.08913655996513535,
    "tool_derived_bwd_pktsize_mean": 0.08214792397271084,
    "tool_num_pkts_in": 0.057347902795321405,
    "tool_dp": 0.048928559244298314,
    "tool_byte_dist_mean": 0.044185323633551696,
    "tool_derived_iat_ms_mean": 0.043084186366090814,
    "tool_pr": 0.033406628307759395,
    "tool_derived_fwd_pktsize_max": 0.030235154789810304,
    "tool_byte_dist_std": 0.028082715428956847,
    "tool_bytes_out": 0.02151088201473982,
    "tool_derived_iat_ms_std": 0.020389261676309355,
    "tool_derived_iat_ms_n": 0.018675922250004733,
    "tool_derived_iat_ms_max": 0.01733368417617576,
    "tool_derived_fwd_pktsize_n": 0.016337370796441684,
    "tool_derived_fwd_pktsize_std": 0.01550760298409279,
    "tool_derived_fwd_pktsize_min": 0.015081510482956108,
    "tool_num_pkts_out": 0.012769295393410063
  },
  "wall_seconds": 2.2
}