{
  "config": {
    "tool": "joy",
    "regime": "common",
    "model": "rf",
    "task": "binary",
    "split": "stratified",
    "seed": 0,
    "include_port": false,
    "dataset": "dapt20",
    "n_features": 9,
    "subsample_benign": null,
    "max_train": 400000
  },
  "config_hash": "ed25a2d3aa6d3c26",
  "git_commit": null,
  "n_train": 67497,
  "n_test": 28928,
  "n_test_unseen_class": 0,
  "features": [
    "duration",
    "pkts_fwd",
    "pkts_bwd",
    "bytes_fwd",
    "bytes_bwd",
    "tot_pkts",
    "tot_bytes",
    "is_tcp",
    "is_udp"
  ],
  "metrics": {
    "macro_f1": 0.8565103392452798,
    "weighted_f1": 0.9289379398522664,
    "balanced_accuracy": 0.9145020839814932,
    "per_class": {
      "0": {
        "precision": 0.9841095427267349,
        "recall": 0.9274334873347141,
        "f1-score": 0.9549313102316999,
        "support": 25108.0
      },
      "1": {
        "precision": 0.6540068363083935,
        "recall": 0.9015706806282723,
        "f1-score": 0.7580893682588598,
        "support": 3820.0
      }
    },
    "fpr": 0.07256651266528596,
    "attack_recall": 0.9015706806282723,
    "attack_precision": 0.6540068363083935,
    "auc_pr": 0.9089160895524377,
    "confusion_matrix": [
      [
        23286,
        1822
      ],
      [
        376,
        3444
      ]
    ],
    "class_order": [
      "0",
      "1"
    ]
  },
  "feature_importances": {
    "bytes_bwd": 0.2893508601450494,
    "duration": 0.19872779024616458,
    "pkts_bwd": 0.1348829531509305,
    "is_tcp": 0.08231940459145697,
    "bytes_fwd": 0.07165558432851739,
    "tot_bytes": 0.06791468637934785,
    "is_udp": 0.061454966811988435,
    "tot_pkts": 0.05241517040016203,
    "pkts_fwd": 0.04127858394638294
  },
  "wall_seconds": 1.7
}