{
  "config": {
    "tool": "joy",
    "regime": "common",
    "model": "mlp",
    "task": "binary",
    "split": "temporal",
    "seed": 0,
    "include_port": false,
    "dataset": "dapt20",
    "n_features": 9,
    "subsample_benign": null,
    "max_train": 400000
  },
  "config_hash": "260673b04cf5ee9b",
  "git_commit": null,
  "n_train": 63191,
  "n_test": 33234,
  "n_test_unseen_class": 0,
  "features": [
    "duration",
    "pkts_fwd",
    "pkts_bwd",
    "bytes_fwd",
    "bytes_bwd",
    "tot_pkts",
    "tot_bytes",
    "is_tcp",
    "is_udp"
  ],
  "metrics": {
    "macro_f1": 0.6366146981121203,
    "weighted_f1": 0.9280400235666394,
    "balanced_accuracy": 0.606544219072166,
    "per_class": {
      "0": {
        "precision": 0.9528064786372522,
        "recall": 0.9824359343507054,
        "f1-score": 0.9673943861638786,
        "support": 31257.0
      },
      "1": {
        "precision": 0.4537313432835821,
        "recall": 0.2306525037936267,
        "f1-score": 0.3058350100603622,
        "support": 1977.0
      }
    },
    "fpr": 0.01756406564929456,
    "attack_recall": 0.2306525037936267,
    "attack_precision": 0.4537313432835821,
    "auc_pr": 0.25889900422916645,
    "confusion_matrix": [
      [
        30708,
        549
      ],
      [
        1521,
        456
      ]
    ],
    "class_order": [
      "0",
      "1"
    ]
  },
  "feature_importances": null,
  "wall_seconds": 2.6
}