{
  "config": {
    "tool": "joy",
    "regime": "common",
    "model": "mlp",
    "task": "binary",
    "split": "temporal",
    "seed": 4,
    "include_port": false,
    "dataset": "dapt20",
    "n_features": 9,
    "subsample_benign": null,
    "max_train": 400000
  },
  "config_hash": "d1dffcaee94a13ea",
  "git_commit": null,
  "n_train": 63191,
  "n_test": 33234,
  "n_test_unseen_class": 0,
  "features": [
    "duration",
    "pkts_fwd",
    "pkts_bwd",
    "bytes_fwd",
    "bytes_bwd",
    "tot_pkts",
    "tot_bytes",
    "is_tcp",
    "is_udp"
  ],
  "metrics": {
    "macro_f1": 0.5013636102530247,
    "weighted_f1": 0.9132989680368921,
    "balanced_accuracy": 0.5079080070586192,
    "per_class": {
      "0": {
        "precision": 0.9414001207000604,
        "recall": 0.998112422817289,
        "f1-score": 0.9689271239343448,
        "support": 31257.0
      },
      "1": {
        "precision": 0.3723404255319149,
        "recall": 0.017703591299949417,
        "f1-score": 0.03380009657170449,
        "support": 1977.0
      }
    },
    "fpr": 0.0018875771827110727,
    "attack_recall": 0.017703591299949417,
    "attack_precision": 0.3723404255319149,
    "auc_pr": 0.2647379903749021,
    "confusion_matrix": [
      [
        31198,
        59
      ],
      [
        1942,
        35
      ]
    ],
    "class_order": [
      "0",
      "1"
    ]
  },
  "feature_importances": null,
  "wall_seconds": 9.5
}