{
  "config": {
    "tool": "nfstream",
    "regime": "common",
    "model": "xgb",
    "task": "binary",
    "split": "stratified",
    "seed": 2,
    "include_port": false,
    "dataset": "dapt20",
    "n_features": 9,
    "subsample_benign": null,
    "max_train": 400000
  },
  "config_hash": "cbaf356eddae669c",
  "git_commit": null,
  "n_train": 35987,
  "n_test": 15423,
  "n_test_unseen_class": 0,
  "features": [
    "duration",
    "pkts_fwd",
    "pkts_bwd",
    "bytes_fwd",
    "bytes_bwd",
    "tot_pkts",
    "tot_bytes",
    "is_tcp",
    "is_udp"
  ],
  "metrics": {
    "macro_f1": 0.9076771978508649,
    "weighted_f1": 0.9325487878509313,
    "balanced_accuracy": 0.8936056595442805,
    "per_class": {
      "0": {
        "precision": 0.9411323896752706,
        "recall": 0.9729706464663854,
        "f1-score": 0.9567867270495619,
        "support": 11617.0
      },
      "1": {
        "precision": 0.9079988280105479,
        "recall": 0.8142406726221755,
        "f1-score": 0.8585676686521679,
        "support": 3806.0
      }
    },
    "fpr": 0.02702935353361453,
    "attack_recall": 0.8142406726221755,
    "attack_precision": 0.9079988280105479,
    "auc_pr": 0.9449198070917055,
    "confusion_matrix": [
      [
        11303,
        314
      ],
      [
        707,
        3099
      ]
    ],
    "class_order": [
      "0",
      "1"
    ]
  },
  "feature_importances": {
    "is_tcp": 0.709221363067627,
    "is_udp": 0.18245486915111542,
    "bytes_bwd": 0.03661169111728668,
    "pkts_bwd": 0.03218419849872589,
    "duration": 0.017108408734202385,
    "pkts_fwd": 0.006753900088369846,
    "tot_pkts": 0.005746098235249519,
    "tot_bytes": 0.00572766549885273,
    "bytes_fwd": 0.004191779065877199
  },
  "wall_seconds": 0.5
}