{
  "config": {
    "tool": "nfstream",
    "regime": "common",
    "model": "logreg",
    "task": "multiclass",
    "split": "stratified",
    "seed": 4,
    "include_port": false,
    "dataset": "dapt20",
    "n_features": 9,
    "subsample_benign": null,
    "max_train": 400000
  },
  "config_hash": "1c8a748563e7082f",
  "git_commit": null,
  "n_train": 35987,
  "n_test": 15423,
  "n_test_unseen_class": 0,
  "features": [
    "duration",
    "pkts_fwd",
    "pkts_bwd",
    "bytes_fwd",
    "bytes_bwd",
    "tot_pkts",
    "tot_bytes",
    "is_tcp",
    "is_udp"
  ],
  "metrics": {
    "macro_f1": 0.4257909913333771,
    "weighted_f1": 0.751706709768194,
    "balanced_accuracy": 0.6342030209759753,
    "per_class": {
      "BENIGN": {
        "precision": 0.9983459357277883,
        "recall": 0.7273822845829387,
        "f1-score": 0.8415915542054678,
        "support": 11617.0
      },
      "Data Exfiltration": {
        "precision": 0.00046446818392940084,
        "recall": 1.0,
        "f1-score": 0.0009285051067780873,
        "support": 1.0
      },
      "Establish Foothold": {
        "precision": 0.7686989314896292,
        "recall": 0.9258137774413323,
        "f1-score": 0.8399725274725275,
        "support": 1321.0
      },
      "Lateral Movement": {
        "precision": 0.06760316066725197,
        "recall": 0.26506024096385544,
        "f1-score": 0.10772997551591465,
        "support": 581.0
      },
      "Reconnaissance": {
        "precision": 0.5133404482390609,
        "recall": 0.2527588018917499,
        "f1-score": 0.3387323943661972,
        "support": 1903.0
      }
    },
    "confusion_matrix": [
      [
        8450,
        1714,
        63,
        955,
        435
      ],
      [
        0,
        1,
        0,
        0,
        0
      ],
      [
        2,
        11,
        1223,
        72,
        13
      ],
      [
        5,
        413,
        1,
        154,
        8
      ],
      [
        7,
        14,
        304,
        1097,
        481
      ]
    ],
    "class_order": [
      "BENIGN",
      "Data Exfiltration",
      "Establish Foothold",
      "Lateral Movement",
      "Reconnaissance"
    ]
  },
  "feature_importances": null,
  "wall_seconds": 2.9
}