{
  "config": {
    "tool": "nfstream",
    "regime": "common",
    "model": "rf",
    "task": "binary",
    "split": "stratified",
    "seed": 0,
    "include_port": false,
    "dataset": "dapt20",
    "n_features": 9,
    "subsample_benign": null,
    "max_train": 400000
  },
  "config_hash": "e05fffd055fefc05",
  "git_commit": null,
  "n_train": 35987,
  "n_test": 15423,
  "n_test_unseen_class": 0,
  "features": [
    "duration",
    "pkts_fwd",
    "pkts_bwd",
    "bytes_fwd",
    "bytes_bwd",
    "tot_pkts",
    "tot_bytes",
    "is_tcp",
    "is_udp"
  ],
  "metrics": {
    "macro_f1": 0.856825489969778,
    "weighted_f1": 0.8874227241498762,
    "balanced_accuracy": 0.8992689514809031,
    "per_class": {
      "0": {
        "precision": 0.975179367849525,
        "recall": 0.8658001205130412,
        "f1-score": 0.917240435912635,
        "support": 11617.0
      },
      "1": {
        "precision": 0.6948522215697788,
        "recall": 0.9327377824487652,
        "f1-score": 0.7964105440269209,
        "support": 3806.0
      }
    },
    "fpr": 0.13419987948695877,
    "attack_recall": 0.9327377824487652,
    "attack_precision": 0.6948522215697788,
    "auc_pr": 0.9328237108413212,
    "confusion_matrix": [
      [
        10058,
        1559
      ],
      [
        256,
        3550
      ]
    ],
    "class_order": [
      "0",
      "1"
    ]
  },
  "feature_importances": {
    "duration": 0.19829417657849896,
    "is_tcp": 0.18479849266792042,
    "bytes_bwd": 0.1815287131652647,
    "is_udp": 0.12638753506091344,
    "bytes_fwd": 0.07673064289491835,
    "tot_bytes": 0.07565009822405244,
    "pkts_bwd": 0.07029794785962898,
    "tot_pkts": 0.057939574489798494,
    "pkts_fwd": 0.028372819059004233
  },
  "wall_seconds": 1.0
}