{
  "config": {
    "tool": "nfstream",
    "regime": "common",
    "model": "mlp",
    "task": "binary",
    "split": "stratified",
    "seed": 3,
    "include_port": false,
    "dataset": "dapt20",
    "n_features": 9,
    "subsample_benign": null,
    "max_train": 400000
  },
  "config_hash": "46aa640f5be95bce",
  "git_commit": null,
  "n_train": 35987,
  "n_test": 15423,
  "n_test_unseen_class": 0,
  "features": [
    "duration",
    "pkts_fwd",
    "pkts_bwd",
    "bytes_fwd",
    "bytes_bwd",
    "tot_pkts",
    "tot_bytes",
    "is_tcp",
    "is_udp"
  ],
  "metrics": {
    "macro_f1": 0.8862029916364744,
    "weighted_f1": 0.9154210248684175,
    "balanced_accuracy": 0.8859301227914895,
    "per_class": {
      "0": {
        "precision": 0.9435698924731183,
        "recall": 0.9442196780580184,
        "f1-score": 0.943894673436021,
        "support": 11617.0
      },
      "1": {
        "precision": 0.8293838862559242,
        "recall": 0.8276405675249606,
        "f1-score": 0.8285113098369279,
        "support": 3806.0
      }
    },
    "fpr": 0.05578032194198158,
    "attack_recall": 0.8276405675249606,
    "attack_precision": 0.8293838862559242,
    "auc_pr": 0.9082462327586404,
    "confusion_matrix": [
      [
        10969,
        648
      ],
      [
        656,
        3150
      ]
    ],
    "class_order": [
      "0",
      "1"
    ]
  },
  "feature_importances": null,
  "wall_seconds": 4.0
}