{
  "config": {
    "tool": "nfstream",
    "regime": "common",
    "model": "rf",
    "task": "multiclass",
    "split": "stratified",
    "seed": 0,
    "include_port": false,
    "dataset": "dapt20",
    "n_features": 9,
    "subsample_benign": null,
    "max_train": 400000
  },
  "config_hash": "649ff97c07cfa84b",
  "git_commit": null,
  "n_train": 35987,
  "n_test": 15423,
  "n_test_unseen_class": 0,
  "features": [
    "duration",
    "pkts_fwd",
    "pkts_bwd",
    "bytes_fwd",
    "bytes_bwd",
    "tot_pkts",
    "tot_bytes",
    "is_tcp",
    "is_udp"
  ],
  "metrics": {
    "macro_f1": 0.8420158657195443,
    "weighted_f1": 0.9000983220348086,
    "balanced_accuracy": 0.9303205637112768,
    "per_class": {
      "BENIGN": {
        "precision": 0.9775291828793774,
        "recall": 0.8650253938194026,
        "f1-score": 0.9178426268438599,
        "support": 11617.0
      },
      "Data Exfiltration": {
        "precision": 1.0,
        "recall": 1.0,
        "f1-score": 1.0,
        "support": 1.0
      },
      "Establish Foothold": {
        "precision": 0.9655430711610486,
        "recall": 0.975775927327782,
        "f1-score": 0.9706325301204819,
        "support": 1321.0
      },
      "Lateral Movement": {
        "precision": 0.28788701792504073,
        "recall": 0.9122203098106713,
        "f1-score": 0.43765483071841454,
        "support": 581.0
      },
      "Reconnaissance": {
        "precision": 0.8697863682604272,
        "recall": 0.8985811875985287,
        "f1-score": 0.8839493409149651,
        "support": 1903.0
      }
    },
    "confusion_matrix": [
      [
        10049,
        0,
        28,
        1300,
        240
      ],
      [
        0,
        1,
        0,
        0,
        0
      ],
      [
        19,
        0,
        1289,
        4,
        9
      ],
      [
        38,
        0,
        6,
        530,
        7
      ],
      [
        174,
        0,
        12,
        7,
        1710
      ]
    ],
    "class_order": [
      "BENIGN",
      "Data Exfiltration",
      "Establish Foothold",
      "Lateral Movement",
      "Reconnaissance"
    ]
  },
  "feature_importances": {
    "bytes_bwd": 0.2232432645525809,
    "tot_bytes": 0.19686982274996204,
    "duration": 0.15818961109121715,
    "bytes_fwd": 0.1471946816368177,
    "pkts_fwd": 0.06832054541568475,
    "is_tcp": 0.06323633201800473,
    "tot_pkts": 0.05474616783475149,
    "pkts_bwd": 0.044899858364793425,
    "is_udp": 0.04329971633618776
  },
  "wall_seconds": 1.2
}