{
  "config": {
    "tool": "nfstream",
    "regime": "common",
    "model": "xgb",
    "task": "multiclass",
    "split": "stratified",
    "seed": 0,
    "include_port": false,
    "dataset": "dapt20",
    "n_features": 9,
    "subsample_benign": null,
    "max_train": 400000
  },
  "config_hash": "e9cdd0c6d8fc8aab",
  "git_commit": null,
  "n_train": 35987,
  "n_test": 15423,
  "n_test_unseen_class": 0,
  "features": [
    "duration",
    "pkts_fwd",
    "pkts_bwd",
    "bytes_fwd",
    "bytes_bwd",
    "tot_pkts",
    "tot_bytes",
    "is_tcp",
    "is_udp"
  ],
  "metrics": {
    "macro_f1": 0.5949559161011321,
    "weighted_f1": 0.9192055150101117,
    "balanced_accuracy": 0.5897478306865874,
    "per_class": {
      "BENIGN": {
        "precision": 0.9421052631578948,
        "recall": 0.9707325471292072,
        "f1-score": 0.9562046890236147,
        "support": 11617.0
      },
      "Data Exfiltration": {
        "precision": 0.0,
        "recall": 0.0,
        "f1-score": 0.0,
        "support": 1.0
      },
      "Establish Foothold": {
        "precision": 0.9673995451099318,
        "recall": 0.9659348978046934,
        "f1-score": 0.9666666666666667,
        "support": 1321.0
      },
      "Lateral Movement": {
        "precision": 0.38926174496644295,
        "recall": 0.09982788296041308,
        "f1-score": 0.1589041095890411,
        "support": 581.0
      },
      "Reconnaissance": {
        "precision": 0.87455919395466,
        "recall": 0.9122438255386233,
        "f1-score": 0.8930041152263375,
        "support": 1903.0
      }
    },
    "confusion_matrix": [
      [
        11277,
        0,
        18,
        88,
        234
      ],
      [
        1,
        0,
        0,
        0,
        0
      ],
      [
        33,
        0,
        1276,
        0,
        12
      ],
      [
        510,
        0,
        10,
        58,
        3
      ],
      [
        149,
        0,
        15,
        3,
        1736
      ]
    ],
    "class_order": [
      "BENIGN",
      "Data Exfiltration",
      "Establish Foothold",
      "Lateral Movement",
      "Reconnaissance"
    ]
  },
  "feature_importances": {
    "is_tcp": 0.456807941198349,
    "is_udp": 0.2682696580886841,
    "bytes_bwd": 0.11909949779510498,
    "pkts_bwd": 0.05197088420391083,
    "duration": 0.02490958943963051,
    "tot_bytes": 0.024116717278957367,
    "bytes_fwd": 0.023117272183299065,
    "tot_pkts": 0.020422736182808876,
    "pkts_fwd": 0.011285662651062012
  },
  "wall_seconds": 2.1
}