{
  "config": {
    "tool": "nfstream",
    "regime": "common",
    "model": "mlp",
    "task": "binary",
    "split": "stratified",
    "seed": 0,
    "include_port": false,
    "dataset": "dapt20",
    "n_features": 9,
    "subsample_benign": null,
    "max_train": 400000
  },
  "config_hash": "5196c302a80eaf9b",
  "git_commit": null,
  "n_train": 35987,
  "n_test": 15423,
  "n_test_unseen_class": 0,
  "features": [
    "duration",
    "pkts_fwd",
    "pkts_bwd",
    "bytes_fwd",
    "bytes_bwd",
    "tot_pkts",
    "tot_bytes",
    "is_tcp",
    "is_udp"
  ],
  "metrics": {
    "macro_f1": 0.8944962609690588,
    "weighted_f1": 0.9217131352122824,
    "balanced_accuracy": 0.8929293851568663,
    "per_class": {
      "0": {
        "precision": 0.9464071342822843,
        "recall": 0.950073168632177,
        "f1-score": 0.9482366081017226,
        "support": 11617.0
      },
      "1": {
        "precision": 0.8457856952938049,
        "recall": 0.8357856016815555,
        "f1-score": 0.8407559138363949,
        "support": 3806.0
      }
    },
    "fpr": 0.04992683136782302,
    "attack_recall": 0.8357856016815555,
    "attack_precision": 0.8457856952938049,
    "auc_pr": 0.9154814194381433,
    "confusion_matrix": [
      [
        11037,
        580
      ],
      [
        625,
        3181
      ]
    ],
    "class_order": [
      "0",
      "1"
    ]
  },
  "feature_importances": null,
  "wall_seconds": 4.7
}