{
  "config": {
    "tool": "nfstream",
    "regime": "common",
    "model": "mlp",
    "task": "binary",
    "split": "temporal",
    "seed": 1,
    "include_port": false,
    "dataset": "dapt20",
    "n_features": 9,
    "subsample_benign": null,
    "max_train": 400000
  },
  "config_hash": "30b8824011349eed",
  "git_commit": null,
  "n_train": 36075,
  "n_test": 15335,
  "n_test_unseen_class": 0,
  "features": [
    "duration",
    "pkts_fwd",
    "pkts_bwd",
    "bytes_fwd",
    "bytes_bwd",
    "tot_pkts",
    "tot_bytes",
    "is_tcp",
    "is_udp"
  ],
  "metrics": {
    "macro_f1": 0.610092553366442,
    "weighted_f1": 0.8420541627701679,
    "balanced_accuracy": 0.5939190433636483,
    "per_class": {
      "0": {
        "precision": 0.8960424028268551,
        "recall": 0.946476560167214,
        "f1-score": 0.9205692296522181,
        "support": 13396.0
      },
      "1": {
        "precision": 0.3949367088607595,
        "recall": 0.24136152656008253,
        "f1-score": 0.29961587708066584,
        "support": 1939.0
      }
    },
    "fpr": 0.05352343983278591,
    "attack_recall": 0.24136152656008253,
    "attack_precision": 0.3949367088607595,
    "auc_pr": 0.305285113923661,
    "confusion_matrix": [
      [
        12679,
        717
      ],
      [
        1471,
        468
      ]
    ],
    "class_order": [
      "0",
      "1"
    ]
  },
  "feature_importances": null,
  "wall_seconds": 2.2
}