{
  "config": {
    "tool": "tranalyzer",
    "regime": "common",
    "model": "logreg",
    "task": "binary",
    "split": "stratified",
    "seed": 2,
    "include_port": false,
    "dataset": "dapt20",
    "n_features": 9,
    "subsample_benign": null,
    "max_train": 400000
  },
  "config_hash": "c56fce698e889c51",
  "git_commit": null,
  "n_train": 35729,
  "n_test": 15313,
  "n_test_unseen_class": 0,
  "features": [
    "duration",
    "pkts_fwd",
    "pkts_bwd",
    "bytes_fwd",
    "bytes_bwd",
    "tot_pkts",
    "tot_bytes",
    "is_tcp",
    "is_udp"
  ],
  "metrics": {
    "macro_f1": 0.7956249025822919,
    "weighted_f1": 0.8290356857784581,
    "balanced_accuracy": 0.8735365163976343,
    "per_class": {
      "0": {
        "precision": 0.9937563855148144,
        "recall": 0.761482254697286,
        "f1-score": 0.8622506771731101,
        "support": 11496.0
      },
      "1": {
        "precision": 0.5784132841328413,
        "recall": 0.9855907780979827,
        "f1-score": 0.7289991279914737,
        "support": 3817.0
      }
    },
    "fpr": 0.238517745302714,
    "attack_recall": 0.9855907780979827,
    "attack_precision": 0.5784132841328413,
    "auc_pr": 0.8513439028248501,
    "confusion_matrix": [
      [
        8754,
        2742
      ],
      [
        55,
        3762
      ]
    ],
    "class_order": [
      "0",
      "1"
    ]
  },
  "feature_importances": null,
  "wall_seconds": 0.2
}