{
  "config": {
    "tool": "tranalyzer",
    "regime": "common",
    "model": "mlp",
    "task": "binary",
    "split": "stratified",
    "seed": 0,
    "include_port": false,
    "dataset": "dapt20",
    "n_features": 9,
    "subsample_benign": null,
    "max_train": 400000
  },
  "config_hash": "d98508246eabc968",
  "git_commit": null,
  "n_train": 35729,
  "n_test": 15313,
  "n_test_unseen_class": 0,
  "features": [
    "duration",
    "pkts_fwd",
    "pkts_bwd",
    "bytes_fwd",
    "bytes_bwd",
    "tot_pkts",
    "tot_bytes",
    "is_tcp",
    "is_udp"
  ],
  "metrics": {
    "macro_f1": 0.8907492043912473,
    "weighted_f1": 0.9190670122135374,
    "balanced_accuracy": 0.8827149432573647,
    "per_class": {
      "0": {
        "precision": 0.9376917831571769,
        "recall": 0.9569415448851775,
        "f1-score": 0.9472188737730326,
        "support": 11496.0
      },
      "1": {
        "precision": 0.8617704551801173,
        "recall": 0.808488341629552,
        "f1-score": 0.8342795350094621,
        "support": 3817.0
      }
    },
    "fpr": 0.04305845511482255,
    "attack_recall": 0.808488341629552,
    "attack_precision": 0.8617704551801173,
    "auc_pr": 0.9103011176528882,
    "confusion_matrix": [
      [
        11001,
        495
      ],
      [
        731,
        3086
      ]
    ],
    "class_order": [
      "0",
      "1"
    ]
  },
  "feature_importances": null,
  "wall_seconds": 3.2
}