{
  "config": {
    "tool": "tranalyzer",
    "regime": "common",
    "model": "rf",
    "task": "binary",
    "split": "temporal",
    "seed": 0,
    "include_port": false,
    "dataset": "dapt20",
    "n_features": 9,
    "subsample_benign": null,
    "max_train": 400000
  },
  "config_hash": "ab06bc3b0a621225",
  "git_commit": null,
  "n_train": 35596,
  "n_test": 15446,
  "n_test_unseen_class": 0,
  "features": [
    "duration",
    "pkts_fwd",
    "pkts_bwd",
    "bytes_fwd",
    "bytes_bwd",
    "tot_pkts",
    "tot_bytes",
    "is_tcp",
    "is_udp"
  ],
  "metrics": {
    "macro_f1": 0.49107623616897805,
    "weighted_f1": 0.8217086175978087,
    "balanced_accuracy": 0.5102900879709635,
    "per_class": {
      "0": {
        "precision": 0.8773190488633394,
        "recall": 0.99363717076058,
        "f1-score": 0.9318623369414377,
        "support": 13516.0
      },
      "1": {
        "precision": 0.37681159420289856,
        "recall": 0.02694300518134715,
        "f1-score": 0.05029013539651837,
        "support": 1930.0
      }
    },
    "fpr": 0.006362829239419947,
    "attack_recall": 0.02694300518134715,
    "attack_precision": 0.37681159420289856,
    "auc_pr": 0.3382470561412171,
    "confusion_matrix": [
      [
        13430,
        86
      ],
      [
        1878,
        52
      ]
    ],
    "class_order": [
      "0",
      "1"
    ]
  },
  "feature_importances": {
    "bytes_bwd": 0.2755301688610727,
    "duration": 0.1980507235240952,
    "bytes_fwd": 0.17825016797529647,
    "pkts_fwd": 0.11447373808660172,
    "tot_bytes": 0.09584212361320425,
    "tot_pkts": 0.09344304006448291,
    "pkts_bwd": 0.03948192795780874,
    "is_tcp": 0.0030479075131059695,
    "is_udp": 0.0018802024043320206
  },
  "wall_seconds": 1.2
}