{
  "config": {
    "tool": "tranalyzer",
    "regime": "common",
    "model": "xgb",
    "task": "binary",
    "split": "temporal",
    "seed": 1,
    "include_port": false,
    "dataset": "dapt20",
    "n_features": 9,
    "subsample_benign": null,
    "max_train": 400000
  },
  "config_hash": "5001e1db2990f3e6",
  "git_commit": null,
  "n_train": 35596,
  "n_test": 15446,
  "n_test_unseen_class": 0,
  "features": [
    "duration",
    "pkts_fwd",
    "pkts_bwd",
    "bytes_fwd",
    "bytes_bwd",
    "tot_pkts",
    "tot_bytes",
    "is_tcp",
    "is_udp"
  ],
  "metrics": {
    "macro_f1": 0.49376965732910993,
    "weighted_f1": 0.8223326146116454,
    "balanced_accuracy": 0.5115855397632743,
    "per_class": {
      "0": {
        "precision": 0.8776070611310886,
        "recall": 0.9931192660550459,
        "f1-score": 0.9317968831349137,
        "support": 13516.0
      },
      "1": {
        "precision": 0.3841059602649007,
        "recall": 0.03005181347150259,
        "f1-score": 0.0557424315233061,
        "support": 1930.0
      }
    },
    "fpr": 0.006880733944954129,
    "attack_recall": 0.03005181347150259,
    "attack_precision": 0.3841059602649007,
    "auc_pr": 0.32803848025855686,
    "confusion_matrix": [
      [
        13423,
        93
      ],
      [
        1872,
        58
      ]
    ],
    "class_order": [
      "0",
      "1"
    ]
  },
  "feature_importances": {
    "is_tcp": 0.4798426330089569,
    "bytes_bwd": 0.21770799160003662,
    "is_udp": 0.10278644412755966,
    "bytes_fwd": 0.06233946233987808,
    "duration": 0.053492605686187744,
    "tot_pkts": 0.029918402433395386,
    "pkts_fwd": 0.02061977982521057,
    "pkts_bwd": 0.01836497336626053,
    "tot_bytes": 0.014927774667739868
  },
  "wall_seconds": 0.5
}