{
  "config": {
    "tool": "yaf",
    "regime": "native",
    "model": "rf",
    "task": "binary",
    "split": "temporal",
    "seed": 0,
    "include_port": false,
    "dataset": "dapt20",
    "n_features": 14,
    "subsample_benign": null,
    "max_train": 400000
  },
  "config_hash": "e01b26fc4762b329",
  "git_commit": null,
  "n_train": 41213,
  "n_test": 16516,
  "n_test_unseen_class": 0,
  "features": [
    "tool_flowDurationMicroseconds",
    "tool_flowDurationMilliseconds",
    "tool_reverseFlowDeltaMicroseconds",
    "tool_reverseFlowDeltaMilliseconds",
    "tool_protocolIdentifier",
    "tool_sourceTransportPort",
    "tool_packetTotalCount",
    "tool_octetTotalCount",
    "tool_flowAttributes",
    "tool_destinationTransportPort",
    "tool_reversePacketTotalCount",
    "tool_reverseOctetTotalCount",
    "tool_reverseFlowAttributes",
    "tool_silkAppLabel"
  ],
  "metrics": {
    "macro_f1": 0.502721573729491,
    "weighted_f1": 0.8310816494281852,
    "balanced_accuracy": 0.5154300557588184,
    "per_class": {
      "0": {
        "precision": 0.8834701629702242,
        "recall": 0.9919515718511385,
        "f1-score": 0.9345733821575554,
        "support": 14537.0
      },
      "1": {
        "precision": 0.39690721649484534,
        "recall": 0.03890853966649823,
        "f1-score": 0.0708697653014266,
        "support": 1979.0
      }
    },
    "fpr": 0.008048428148861525,
    "attack_recall": 0.03890853966649823,
    "attack_precision": 0.39690721649484534,
    "auc_pr": 0.3956495060956412,
    "confusion_matrix": [
      [
        14420,
        117
      ],
      [
        1902,
        77
      ]
    ],
    "class_order": [
      "0",
      "1"
    ]
  },
  "feature_importances": {
    "tool_reverseFlowDeltaMicroseconds": 0.16622467253098205,
    "tool_sourceTransportPort": 0.14032597395953303,
    "tool_destinationTransportPort": 0.13620108496000768,
    "tool_reverseOctetTotalCount": 0.1275444291180485,
    "tool_reverseFlowDeltaMilliseconds": 0.10962297188455816,
    "tool_octetTotalCount": 0.0600687717882445,
    "tool_reversePacketTotalCount": 0.057395478641376174,
    "tool_flowDurationMicroseconds": 0.056917215299835344,
    "tool_flowDurationMilliseconds": 0.0545756544208942,
    "tool_protocolIdentifier": 0.02994061627307279,
    "tool_packetTotalCount": 0.027821029714013245,
    "tool_silkAppLabel": 0.02548350056951669,
    "tool_flowAttributes": 0.007878600839917652,
    "tool_reverseFlowAttributes": 0.0
  },
  "wall_seconds": 1.6
}