{
  "config": {
    "tool": "yaf",
    "regime": "native",
    "model": "xgb",
    "task": "binary",
    "split": "stratified",
    "seed": 4,
    "include_port": false,
    "dataset": "dapt20",
    "n_features": 14,
    "subsample_benign": null,
    "max_train": 400000
  },
  "config_hash": "fb771000b746e017",
  "git_commit": null,
  "n_train": 40410,
  "n_test": 17319,
  "n_test_unseen_class": 0,
  "features": [
    "tool_flowDurationMicroseconds",
    "tool_flowDurationMilliseconds",
    "tool_reverseFlowDeltaMicroseconds",
    "tool_reverseFlowDeltaMilliseconds",
    "tool_protocolIdentifier",
    "tool_sourceTransportPort",
    "tool_packetTotalCount",
    "tool_octetTotalCount",
    "tool_flowAttributes",
    "tool_destinationTransportPort",
    "tool_reversePacketTotalCount",
    "tool_reverseOctetTotalCount",
    "tool_reverseFlowAttributes",
    "tool_silkAppLabel"
  ],
  "metrics": {
    "macro_f1": 0.9943464697892217,
    "weighted_f1": 0.9957269133369855,
    "balanced_accuracy": 0.9942718400388925,
    "per_class": {
      "0": {
        "precision": 0.997063369397218,
        "recall": 0.9972174988406245,
        "f1-score": 0.9971404281629183,
        "support": 12938.0
      },
      "1": {
        "precision": 0.9917789449646038,
        "recall": 0.9913261812371604,
        "f1-score": 0.9915525114155251,
        "support": 4381.0
      }
    },
    "fpr": 0.002782501159375483,
    "attack_recall": 0.9913261812371604,
    "attack_precision": 0.9917789449646038,
    "auc_pr": 0.9994020766834236,
    "confusion_matrix": [
      [
        12902,
        36
      ],
      [
        38,
        4343
      ]
    ],
    "class_order": [
      "0",
      "1"
    ]
  },
  "feature_importances": {
    "tool_reverseFlowDeltaMilliseconds": 0.5121062397956848,
    "tool_protocolIdentifier": 0.14680980145931244,
    "tool_reverseFlowDeltaMicroseconds": 0.1020219475030899,
    "tool_sourceTransportPort": 0.0590999461710453,
    "tool_reverseOctetTotalCount": 0.04056604206562042,
    "tool_flowDurationMicroseconds": 0.03259302303195,
    "tool_flowDurationMilliseconds": 0.024316364899277687,
    "tool_destinationTransportPort": 0.018953921273350716,
    "tool_octetTotalCount": 0.016528461128473282,
    "tool_reversePacketTotalCount": 0.015573982149362564,
    "tool_packetTotalCount": 0.011259255930781364,
    "tool_silkAppLabel": 0.010898799635469913,
    "tool_flowAttributes": 0.009272221475839615,
    "tool_reverseFlowAttributes": 0.0
  },
  "wall_seconds": 1.4
}