{
  "config": {
    "tool": "yaf",
    "regime": "common",
    "model": "mlp",
    "task": "binary",
    "split": "stratified",
    "seed": 3,
    "include_port": false,
    "dataset": "dapt20",
    "n_features": 9,
    "subsample_benign": null,
    "max_train": 400000
  },
  "config_hash": "676bc9a0d439a8de",
  "git_commit": null,
  "n_train": 40410,
  "n_test": 17319,
  "n_test_unseen_class": 0,
  "features": [
    "duration",
    "pkts_fwd",
    "pkts_bwd",
    "bytes_fwd",
    "bytes_bwd",
    "tot_pkts",
    "tot_bytes",
    "is_tcp",
    "is_udp"
  ],
  "metrics": {
    "macro_f1": 0.857124835040304,
    "weighted_f1": 0.8948969945832873,
    "balanced_accuracy": 0.8383030490190271,
    "per_class": {
      "0": {
        "precision": 0.9092907385697538,
        "recall": 0.9591899829958263,
        "f1-score": 0.9335740615361469,
        "support": 12938.0
      },
      "1": {
        "precision": 0.8561699809316262,
        "recall": 0.7174161150422278,
        "f1-score": 0.780675608544461,
        "support": 4381.0
      }
    },
    "fpr": 0.04081001700417375,
    "attack_recall": 0.7174161150422278,
    "attack_precision": 0.8561699809316262,
    "auc_pr": 0.8648386569361016,
    "confusion_matrix": [
      [
        12410,
        528
      ],
      [
        1238,
        3143
      ]
    ],
    "class_order": [
      "0",
      "1"
    ]
  },
  "feature_importances": null,
  "wall_seconds": 2.9
}