{
  "config": {
    "tool": "yaf",
    "regime": "common",
    "model": "rf",
    "task": "binary",
    "split": "stratified",
    "seed": 0,
    "include_port": false,
    "dataset": "dapt20",
    "n_features": 9,
    "subsample_benign": null,
    "max_train": 400000
  },
  "config_hash": "492a36183269c36e",
  "git_commit": null,
  "n_train": 40410,
  "n_test": 17319,
  "n_test_unseen_class": 0,
  "features": [
    "duration",
    "pkts_fwd",
    "pkts_bwd",
    "bytes_fwd",
    "bytes_bwd",
    "tot_pkts",
    "tot_bytes",
    "is_tcp",
    "is_udp"
  ],
  "metrics": {
    "macro_f1": 0.8456164459400259,
    "weighted_f1": 0.8769706611602464,
    "balanced_accuracy": 0.8845394513873674,
    "per_class": {
      "0": {
        "precision": 0.9659130434782609,
        "recall": 0.8585561910650796,
        "f1-score": 0.9090760291349538,
        "support": 12938.0
      },
      "1": {
        "precision": 0.6855129747379275,
        "recall": 0.9105227117096554,
        "f1-score": 0.782156862745098,
        "support": 4381.0
      }
    },
    "fpr": 0.1414438089349204,
    "attack_recall": 0.9105227117096554,
    "attack_precision": 0.6855129747379275,
    "auc_pr": 0.9056222949748424,
    "confusion_matrix": [
      [
        11108,
        1830
      ],
      [
        392,
        3989
      ]
    ],
    "class_order": [
      "0",
      "1"
    ]
  },
  "feature_importances": {
    "duration": 0.18850047974838338,
    "is_tcp": 0.17074029119991505,
    "bytes_bwd": 0.16493871188467846,
    "is_udp": 0.1220058245976258,
    "bytes_fwd": 0.10551746467393211,
    "tot_bytes": 0.10272019299687893,
    "pkts_bwd": 0.0645803489603697,
    "tot_pkts": 0.0469546605581548,
    "pkts_fwd": 0.03404202538006174
  },
  "wall_seconds": 1.1
}