{
  "config": {
    "tool": "yaf",
    "regime": "native",
    "model": "xgb",
    "task": "binary",
    "split": "temporal",
    "seed": 4,
    "include_port": false,
    "dataset": "dapt20",
    "n_features": 14,
    "subsample_benign": null,
    "max_train": 400000
  },
  "config_hash": "2760dbe516762625",
  "git_commit": null,
  "n_train": 41213,
  "n_test": 16516,
  "n_test_unseen_class": 0,
  "features": [
    "tool_flowDurationMicroseconds",
    "tool_flowDurationMilliseconds",
    "tool_reverseFlowDeltaMicroseconds",
    "tool_reverseFlowDeltaMilliseconds",
    "tool_protocolIdentifier",
    "tool_sourceTransportPort",
    "tool_packetTotalCount",
    "tool_octetTotalCount",
    "tool_flowAttributes",
    "tool_destinationTransportPort",
    "tool_reversePacketTotalCount",
    "tool_reverseOctetTotalCount",
    "tool_reverseFlowAttributes",
    "tool_silkAppLabel"
  ],
  "metrics": {
    "macro_f1": 0.5019927017644679,
    "weighted_f1": 0.8286789280102452,
    "balanced_accuracy": 0.5136321657377702,
    "per_class": {
      "0": {
        "precision": 0.8831032782844467,
        "recall": 0.9858292632592695,
        "f1-score": 0.9316431009263774,
        "support": 14537.0
      },
      "1": {
        "precision": 0.2847222222222222,
        "recall": 0.04143506821627085,
        "f1-score": 0.07234230260255844,
        "support": 1979.0
      }
    },
    "fpr": 0.01417073674073055,
    "attack_recall": 0.04143506821627085,
    "attack_precision": 0.2847222222222222,
    "auc_pr": 0.36346367017725834,
    "confusion_matrix": [
      [
        14331,
        206
      ],
      [
        1897,
        82
      ]
    ],
    "class_order": [
      "0",
      "1"
    ]
  },
  "feature_importances": {
    "tool_reverseFlowDeltaMilliseconds": 0.7761350274085999,
    "tool_reverseOctetTotalCount": 0.06607873737812042,
    "tool_protocolIdentifier": 0.03671889007091522,
    "tool_reverseFlowDeltaMicroseconds": 0.027751334011554718,
    "tool_destinationTransportPort": 0.027561184018850327,
    "tool_sourceTransportPort": 0.02209397591650486,
    "tool_flowDurationMilliseconds": 0.017470790073275566,
    "tool_flowDurationMicroseconds": 0.009148616343736649,
    "tool_octetTotalCount": 0.005510090850293636,
    "tool_reversePacketTotalCount": 0.004513633903115988,
    "tool_silkAppLabel": 0.0036046328023076057,
    "tool_packetTotalCount": 0.0034130518324673176,
    "tool_flowAttributes": 0.0,
    "tool_reverseFlowAttributes": 0.0
  },
  "wall_seconds": 1.3
}