{
  "config": {
    "tool": "yaf",
    "regime": "common",
    "model": "mlp",
    "task": "binary",
    "split": "stratified",
    "seed": 1,
    "include_port": false,
    "dataset": "dapt20",
    "n_features": 9,
    "subsample_benign": null,
    "max_train": 400000
  },
  "config_hash": "fd5804285b5a1632",
  "git_commit": null,
  "n_train": 40410,
  "n_test": 17319,
  "n_test_unseen_class": 0,
  "features": [
    "duration",
    "pkts_fwd",
    "pkts_bwd",
    "bytes_fwd",
    "bytes_bwd",
    "tot_pkts",
    "tot_bytes",
    "is_tcp",
    "is_udp"
  ],
  "metrics": {
    "macro_f1": 0.8527254372215596,
    "weighted_f1": 0.8924883674622376,
    "balanced_accuracy": 0.8291110265526713,
    "per_class": {
      "0": {
        "precision": 0.9026363308053449,
        "recall": 0.9659143607976504,
        "f1-score": 0.9332038979949968,
        "support": 12938.0
      },
      "1": {
        "precision": 0.8730569948186528,
        "recall": 0.6923076923076923,
        "f1-score": 0.7722469764481222,
        "support": 4381.0
      }
    },
    "fpr": 0.034085639202349666,
    "attack_recall": 0.6923076923076923,
    "attack_precision": 0.8730569948186528,
    "auc_pr": 0.8569834434396986,
    "confusion_matrix": [
      [
        12497,
        441
      ],
      [
        1348,
        3033
      ]
    ],
    "class_order": [
      "0",
      "1"
    ]
  },
  "feature_importances": null,
  "wall_seconds": 2.1
}