{
  "config": {
    "tool": "yaf",
    "regime": "common",
    "model": "xgb",
    "task": "binary",
    "split": "temporal",
    "seed": 2,
    "include_port": false,
    "dataset": "dapt20",
    "n_features": 9,
    "subsample_benign": null,
    "max_train": 400000
  },
  "config_hash": "6a4b8230100734d3",
  "git_commit": null,
  "n_train": 41213,
  "n_test": 16516,
  "n_test_unseen_class": 0,
  "features": [
    "duration",
    "pkts_fwd",
    "pkts_bwd",
    "bytes_fwd",
    "bytes_bwd",
    "tot_pkts",
    "tot_bytes",
    "is_tcp",
    "is_udp"
  ],
  "metrics": {
    "macro_f1": 0.5048497629747978,
    "weighted_f1": 0.8257409813568457,
    "balanced_accuracy": 0.5131701361926979,
    "per_class": {
      "0": {
        "precision": 0.883034379671151,
        "recall": 0.975304395679989,
        "f1-score": 0.9268786977413134,
        "support": 14537.0
      },
      "1": {
        "precision": 0.21956521739130436,
        "recall": 0.05103587670540677,
        "f1-score": 0.08282082820828209,
        "support": 1979.0
      }
    },
    "fpr": 0.024695604320011007,
    "attack_recall": 0.05103587670540677,
    "attack_precision": 0.21956521739130436,
    "auc_pr": 0.2560357046516817,
    "confusion_matrix": [
      [
        14178,
        359
      ],
      [
        1878,
        101
      ]
    ],
    "class_order": [
      "0",
      "1"
    ]
  },
  "feature_importances": {
    "is_tcp": 0.7235600352287292,
    "bytes_bwd": 0.07482948899269104,
    "pkts_bwd": 0.04957183450460434,
    "is_udp": 0.0474935807287693,
    "duration": 0.02594047039747238,
    "tot_bytes": 0.0256611667573452,
    "tot_pkts": 0.021316954866051674,
    "bytes_fwd": 0.016813859343528748,
    "pkts_fwd": 0.014812624081969261
  },
  "wall_seconds": 0.5
}