{
  "config": {
    "tool": "yaf",
    "regime": "native",
    "model": "xgb",
    "task": "binary",
    "split": "temporal",
    "seed": 0,
    "include_port": false,
    "dataset": "dapt20",
    "n_features": 14,
    "subsample_benign": null,
    "max_train": 400000
  },
  "config_hash": "132001dfd1ba61d1",
  "git_commit": null,
  "n_train": 41213,
  "n_test": 16516,
  "n_test_unseen_class": 0,
  "features": [
    "tool_flowDurationMicroseconds",
    "tool_flowDurationMilliseconds",
    "tool_reverseFlowDeltaMicroseconds",
    "tool_reverseFlowDeltaMilliseconds",
    "tool_protocolIdentifier",
    "tool_sourceTransportPort",
    "tool_packetTotalCount",
    "tool_octetTotalCount",
    "tool_flowAttributes",
    "tool_destinationTransportPort",
    "tool_reversePacketTotalCount",
    "tool_reverseOctetTotalCount",
    "tool_reverseFlowAttributes",
    "tool_silkAppLabel"
  ],
  "metrics": {
    "macro_f1": 0.5015606458915238,
    "weighted_f1": 0.8282319860624885,
    "balanced_accuracy": 0.5131850308406112,
    "per_class": {
      "0": {
        "precision": 0.8830095590502621,
        "recall": 0.9849349934649515,
        "f1-score": 0.9311914672216441,
        "support": 14537.0
      },
      "1": {
        "precision": 0.2724252491694352,
        "recall": 0.04143506821627085,
        "f1-score": 0.07192982456140351,
        "support": 1979.0
      }
    },
    "fpr": 0.015065006535048497,
    "attack_recall": 0.04143506821627085,
    "attack_precision": 0.2724252491694352,
    "auc_pr": 0.3479499014140429,
    "confusion_matrix": [
      [
        14318,
        219
      ],
      [
        1897,
        82
      ]
    ],
    "class_order": [
      "0",
      "1"
    ]
  },
  "feature_importances": {
    "tool_reverseFlowDeltaMilliseconds": 0.7722220420837402,
    "tool_reverseOctetTotalCount": 0.06713633984327316,
    "tool_protocolIdentifier": 0.03800740838050842,
    "tool_reverseFlowDeltaMicroseconds": 0.029710467904806137,
    "tool_destinationTransportPort": 0.028003951534628868,
    "tool_sourceTransportPort": 0.022089531645178795,
    "tool_flowDurationMilliseconds": 0.019159521907567978,
    "tool_flowDurationMicroseconds": 0.00872087199240923,
    "tool_octetTotalCount": 0.005508778616786003,
    "tool_silkAppLabel": 0.004244399257004261,
    "tool_packetTotalCount": 0.002774324966594577,
    "tool_reversePacketTotalCount": 0.002422239165753126,
    "tool_flowAttributes": 0.0,
    "tool_reverseFlowAttributes": 0.0
  },
  "wall_seconds": 1.3
}