{
  "config": {
    "tool": "zeek",
    "regime": "native",
    "model": "rf",
    "task": "binary",
    "split": "temporal",
    "seed": 1,
    "include_port": false,
    "dataset": "dapt20",
    "n_features": 19,
    "subsample_benign": null,
    "max_train": 400000
  },
  "config_hash": "f44b7525bd7ed0a9",
  "git_commit": null,
  "n_train": 36877,
  "n_test": 16462,
  "n_test_unseen_class": 0,
  "features": [
    "tool_ts",
    "tool_id.orig_p",
    "tool_id.resp_p",
    "tool_duration",
    "tool_orig_bytes",
    "tool_resp_bytes",
    "tool_missed_bytes",
    "tool_orig_pkts",
    "tool_resp_pkts",
    "tool_s_syn",
    "tool_s_fin",
    "tool_s_rst",
    "tool_s_psh",
    "tool_s_ack",
    "tool_r_syn",
    "tool_r_fin",
    "tool_r_rst",
    "tool_r_psh",
    "tool_r_ack"
  ],
  "metrics": {
    "macro_f1": 0.49273402387317605,
    "weighted_f1": 0.8315874402464564,
    "balanced_accuracy": 0.509933177569029,
    "per_class": {
      "0": {
        "precision": 0.8845965170468482,
        "recall": 0.9929790748898678,
        "f1-score": 0.9356596186275782,
        "support": 14528.0
      },
      "1": {
        "precision": 0.33766233766233766,
        "recall": 0.02688728024819028,
        "f1-score": 0.04980842911877394,
        "support": 1934.0
      }
    },
    "fpr": 0.0070209251101321585,
    "attack_recall": 0.02688728024819028,
    "attack_precision": 0.33766233766233766,
    "auc_pr": 0.46073243093455024,
    "confusion_matrix": [
      [
        14426,
        102
      ],
      [
        1882,
        52
      ]
    ],
    "class_order": [
      "0",
      "1"
    ]
  },
  "feature_importances": {
    "tool_resp_bytes": 0.1642369435037989,
    "tool_orig_pkts": 0.1255545445521011,
    "tool_id.resp_p": 0.10981890196699791,
    "tool_orig_bytes": 0.10787430445911671,
    "tool_resp_pkts": 0.10302669631094696,
    "tool_duration": 0.10136716680751169,
    "tool_ts": 0.06846141263549016,
    "tool_id.orig_p": 0.06167306009841234,
    "tool_r_ack": 0.042035952549311195,
    "tool_s_psh": 0.03814321122965732,
    "tool_r_psh": 0.03156657699296834,
    "tool_s_ack": 0.025726727151414486,
    "tool_r_rst": 0.012498848363519577,
    "tool_s_fin": 0.0030688517277902686,
    "tool_r_fin": 0.002559606109650454,
    "tool_s_rst": 0.0017237139968054008,
    "tool_r_syn": 0.000663481544507377,
    "tool_missed_bytes": 0.0,
    "tool_s_syn": 0.0
  },
  "wall_seconds": 1.9
}