{
  "config": {
    "tool": "zeek",
    "regime": "common",
    "model": "rf",
    "task": "binary",
    "split": "temporal",
    "seed": 0,
    "include_port": false,
    "dataset": "dapt20",
    "n_features": 9,
    "subsample_benign": null,
    "max_train": 400000
  },
  "config_hash": "35176420ef694208",
  "git_commit": null,
  "n_train": 36877,
  "n_test": 16462,
  "n_test_unseen_class": 0,
  "features": [
    "duration",
    "pkts_fwd",
    "pkts_bwd",
    "bytes_fwd",
    "bytes_bwd",
    "tot_pkts",
    "tot_bytes",
    "is_tcp",
    "is_udp"
  ],
  "metrics": {
    "macro_f1": 0.4938855422823829,
    "weighted_f1": 0.8289355956314499,
    "balanced_accuracy": 0.5084229533299318,
    "per_class": {
      "0": {
        "precision": 0.884294455776006,
        "recall": 0.9847879955947136,
        "f1-score": 0.9318396456833946,
        "support": 14528.0
      },
      "1": {
        "precision": 0.21908127208480566,
        "recall": 0.03205791106514995,
        "f1-score": 0.05593143888137122,
        "support": 1934.0
      }
    },
    "fpr": 0.015212004405286344,
    "attack_recall": 0.03205791106514995,
    "attack_precision": 0.21908127208480566,
    "auc_pr": 0.29700663422059986,
    "confusion_matrix": [
      [
        14307,
        221
      ],
      [
        1872,
        62
      ]
    ],
    "class_order": [
      "0",
      "1"
    ]
  },
  "feature_importances": {
    "bytes_bwd": 0.28696631709390674,
    "duration": 0.18312999868792257,
    "pkts_fwd": 0.13744152934797227,
    "bytes_fwd": 0.13304756375479815,
    "tot_pkts": 0.12804605813045122,
    "tot_bytes": 0.09243494166294358,
    "pkts_bwd": 0.035108127821026486,
    "is_tcp": 0.0021531430975807765,
    "is_udp": 0.0016723204033982566
  },
  "wall_seconds": 1.4
}