{
  "config": {
    "tool": "zeek",
    "regime": "common",
    "model": "xgb",
    "task": "multiclass",
    "split": "stratified",
    "seed": 0,
    "include_port": false,
    "dataset": "dapt20",
    "n_features": 9,
    "subsample_benign": null,
    "max_train": 400000
  },
  "config_hash": "c694e611413de496",
  "git_commit": null,
  "n_train": 37337,
  "n_test": 16002,
  "n_test_unseen_class": 0,
  "features": [
    "duration",
    "pkts_fwd",
    "pkts_bwd",
    "bytes_fwd",
    "bytes_bwd",
    "tot_pkts",
    "tot_bytes",
    "is_tcp",
    "is_udp"
  ],
  "metrics": {
    "macro_f1": 0.8058804520973155,
    "weighted_f1": 0.9306324004342973,
    "balanced_accuracy": 0.7860276088706586,
    "per_class": {
      "BENIGN": {
        "precision": 0.9516076910647924,
        "recall": 0.9673948751642576,
        "f1-score": 0.9594363443838071,
        "support": 12176.0
      },
      "Establish Foothold": {
        "precision": 0.9778794813119756,
        "recall": 0.9552906110283159,
        "f1-score": 0.9664530719939691,
        "support": 1342.0
      },
      "Lateral Movement": {
        "precision": 0.6138613861386139,
        "recall": 0.32068965517241377,
        "f1-score": 0.42129105322763305,
        "support": 580.0
      },
      "Reconnaissance": {
        "precision": 0.8532338308457711,
        "recall": 0.9007352941176471,
        "f1-score": 0.8763413387838528,
        "support": 1904.0
      }
    },
    "confusion_matrix": [
      [
        11779,
        16,
        115,
        266
      ],
      [
        38,
        1282,
        1,
        21
      ],
      [
        381,
        5,
        186,
        8
      ],
      [
        180,
        8,
        1,
        1715
      ]
    ],
    "class_order": [
      "BENIGN",
      "Establish Foothold",
      "Lateral Movement",
      "Reconnaissance"
    ]
  },
  "feature_importances": {
    "is_tcp": 0.4142335057258606,
    "is_udp": 0.2332451194524765,
    "bytes_fwd": 0.11079554259777069,
    "bytes_bwd": 0.07631853967905045,
    "tot_bytes": 0.05298232287168503,
    "pkts_fwd": 0.037237975746393204,
    "duration": 0.028079014271497726,
    "pkts_bwd": 0.02565661445260048,
    "tot_pkts": 0.02145131677389145
  },
  "wall_seconds": 2.2
}