{
  "config": {
    "tool": "zeek",
    "regime": "native",
    "model": "xgb",
    "task": "multiclass",
    "split": "stratified",
    "seed": 1,
    "include_port": false,
    "dataset": "dapt20",
    "n_features": 19,
    "subsample_benign": null,
    "max_train": 400000
  },
  "config_hash": "4458b683efa3f374",
  "git_commit": null,
  "n_train": 37337,
  "n_test": 16002,
  "n_test_unseen_class": 0,
  "features": [
    "tool_ts",
    "tool_id.orig_p",
    "tool_id.resp_p",
    "tool_duration",
    "tool_orig_bytes",
    "tool_resp_bytes",
    "tool_missed_bytes",
    "tool_orig_pkts",
    "tool_resp_pkts",
    "tool_s_syn",
    "tool_s_fin",
    "tool_s_rst",
    "tool_s_psh",
    "tool_s_ack",
    "tool_r_syn",
    "tool_r_fin",
    "tool_r_rst",
    "tool_r_psh",
    "tool_r_ack"
  ],
  "metrics": {
    "macro_f1": 0.9453111881996858,
    "weighted_f1": 0.9847215019821002,
    "balanced_accuracy": 0.9430108611653811,
    "per_class": {
      "BENIGN": {
        "precision": 0.9894987283616375,
        "recall": 0.9905551905387647,
        "f1-score": 0.9900266776113277,
        "support": 12176.0
      },
      "Establish Foothold": {
        "precision": 0.9992548435171386,
        "recall": 0.9992548435171386,
        "f1-score": 0.9992548435171386,
        "support": 1342.0
      },
      "Lateral Movement": {
        "precision": 0.8035398230088495,
        "recall": 0.7827586206896552,
        "f1-score": 0.7930131004366813,
        "support": 580.0
      },
      "Reconnaissance": {
        "precision": 0.9984260230849947,
        "recall": 0.9994747899159664,
        "f1-score": 0.9989501312335958,
        "support": 1904.0
      }
    },
    "confusion_matrix": [
      [
        12061,
        1,
        111,
        3
      ],
      [
        1,
        1341,
        0,
        0
      ],
      [
        126,
        0,
        454,
        0
      ],
      [
        1,
        0,
        0,
        1903
      ]
    ],
    "class_order": [
      "BENIGN",
      "Establish Foothold",
      "Lateral Movement",
      "Reconnaissance"
    ]
  },
  "feature_importances": {
    "tool_s_psh": 0.3430127501487732,
    "tool_resp_bytes": 0.17044764757156372,
    "tool_orig_bytes": 0.15712201595306396,
    "tool_r_psh": 0.13472425937652588,
    "tool_id.resp_p": 0.04358774051070213,
    "tool_ts": 0.03091263957321644,
    "tool_orig_pkts": 0.027246473357081413,
    "tool_r_rst": 0.019776830449700356,
    "tool_duration": 0.01635683700442314,
    "tool_s_syn": 0.01504369918256998,
    "tool_id.orig_p": 0.012942304834723473,
    "tool_resp_pkts": 0.006223071366548538,
    "tool_r_ack": 0.005536794196814299,
    "tool_s_rst": 0.004759239498525858,
    "tool_r_fin": 0.003936133347451687,
    "tool_s_fin": 0.0034039278980344534,
    "tool_r_syn": 0.002535429550334811,
    "tool_s_ack": 0.00243222713470459,
    "tool_missed_bytes": 0.0
  },
  "wall_seconds": 2.9
}