{
  "config": {
    "tool": "zeek",
    "regime": "common",
    "model": "mlp",
    "task": "multiclass",
    "split": "stratified",
    "seed": 0,
    "include_port": false,
    "dataset": "dapt20",
    "n_features": 9,
    "subsample_benign": null,
    "max_train": 400000
  },
  "config_hash": "e530658fd3311eb2",
  "git_commit": null,
  "n_train": 37337,
  "n_test": 16002,
  "n_test_unseen_class": 0,
  "features": [
    "duration",
    "pkts_fwd",
    "pkts_bwd",
    "bytes_fwd",
    "bytes_bwd",
    "tot_pkts",
    "tot_bytes",
    "is_tcp",
    "is_udp"
  ],
  "metrics": {
    "macro_f1": 0.6893207304973741,
    "weighted_f1": 0.9040731087236543,
    "balanced_accuracy": 0.6956120126702192,
    "per_class": {
      "BENIGN": {
        "precision": 0.9313748716733792,
        "recall": 0.9686268068331143,
        "f1-score": 0.9496356536092435,
        "support": 12176.0
      },
      "Establish Foothold": {
        "precision": 0.9991883116883117,
        "recall": 0.9172876304023845,
        "f1-score": 0.9564879564879565,
        "support": 1342.0
      },
      "Lateral Movement": {
        "precision": 0.0,
        "recall": 0.0,
        "f1-score": 0.0,
        "support": 580.0
      },
      "Reconnaissance": {
        "precision": 0.81015662078785,
        "recall": 0.8965336134453782,
        "f1-score": 0.8511593118922962,
        "support": 1904.0
      }
    },
    "confusion_matrix": [
      [
        11794,
        0,
        0,
        382
      ],
      [
        96,
        1231,
        0,
        15
      ],
      [
        577,
        0,
        0,
        3
      ],
      [
        196,
        1,
        0,
        1707
      ]
    ],
    "class_order": [
      "BENIGN",
      "Establish Foothold",
      "Lateral Movement",
      "Reconnaissance"
    ]
  },
  "feature_importances": null,
  "wall_seconds": 7.2
}