{
  "config": {
    "tool": "zeek",
    "regime": "native",
    "model": "rf",
    "task": "binary",
    "split": "stratified",
    "seed": 2,
    "include_port": false,
    "dataset": "dapt20",
    "n_features": 19,
    "subsample_benign": null,
    "max_train": 400000
  },
  "config_hash": "751ff32f914af4fd",
  "git_commit": null,
  "n_train": 37337,
  "n_test": 16002,
  "n_test_unseen_class": 0,
  "features": [
    "tool_ts",
    "tool_id.orig_p",
    "tool_id.resp_p",
    "tool_duration",
    "tool_orig_bytes",
    "tool_resp_bytes",
    "tool_missed_bytes",
    "tool_orig_pkts",
    "tool_resp_pkts",
    "tool_s_syn",
    "tool_s_fin",
    "tool_s_rst",
    "tool_s_psh",
    "tool_s_ack",
    "tool_r_syn",
    "tool_r_fin",
    "tool_r_rst",
    "tool_r_psh",
    "tool_r_ack"
  ],
  "metrics": {
    "macro_f1": 0.9763028605246736,
    "weighted_f1": 0.9827537010920157,
    "balanced_accuracy": 0.9763882339384788,
    "per_class": {
      "0": {
        "precision": 0.9887465089535075,
        "recall": 0.988584099868594,
        "f1-score": 0.9886652977412731,
        "support": 12176.0
      },
      "1": {
        "precision": 0.9636886102403344,
        "recall": 0.9641923680083638,
        "f1-score": 0.9639404233080742,
        "support": 3826.0
      }
    },
    "fpr": 0.011415900131406045,
    "attack_recall": 0.9641923680083638,
    "attack_precision": 0.9636886102403344,
    "auc_pr": 0.9972646902322839,
    "confusion_matrix": [
      [
        12037,
        139
      ],
      [
        137,
        3689
      ]
    ],
    "class_order": [
      "0",
      "1"
    ]
  },
  "feature_importances": {
    "tool_duration": 0.15897780036430142,
    "tool_resp_pkts": 0.1303124416903881,
    "tool_orig_pkts": 0.12155277793473436,
    "tool_resp_bytes": 0.09382186407603016,
    "tool_ts": 0.0861500835740157,
    "tool_id.orig_p": 0.08131040455122247,
    "tool_orig_bytes": 0.08072907075682545,
    "tool_id.resp_p": 0.07939301233604987,
    "tool_r_psh": 0.04165869238414951,
    "tool_r_ack": 0.03156418428088289,
    "tool_s_psh": 0.031078014130044226,
    "tool_s_ack": 0.026220017632834113,
    "tool_r_rst": 0.025351983489741638,
    "tool_r_syn": 0.0036577459210641026,
    "tool_r_fin": 0.003378682564093784,
    "tool_s_fin": 0.002110368109087432,
    "tool_s_rst": 0.0019670362188803315,
    "tool_s_syn": 0.0007658199856544046,
    "tool_missed_bytes": 0.0
  },
  "wall_seconds": 2.0
}