{
  "config": {
    "tool": "zeek",
    "regime": "common",
    "model": "rf",
    "task": "multiclass",
    "split": "stratified",
    "seed": 4,
    "include_port": false,
    "dataset": "dapt20",
    "n_features": 9,
    "subsample_benign": null,
    "max_train": 400000
  },
  "config_hash": "90471d586e47e0fa",
  "git_commit": null,
  "n_train": 37337,
  "n_test": 16002,
  "n_test_unseen_class": 0,
  "features": [
    "duration",
    "pkts_fwd",
    "pkts_bwd",
    "bytes_fwd",
    "bytes_bwd",
    "tot_pkts",
    "tot_bytes",
    "is_tcp",
    "is_udp"
  ],
  "metrics": {
    "macro_f1": 0.8198109502057618,
    "weighted_f1": 0.9183923453713735,
    "balanced_accuracy": 0.8870540024003553,
    "per_class": {
      "BENIGN": {
        "precision": 0.9678120922140061,
        "recall": 0.9136826544021025,
        "f1-score": 0.9399687381183727,
        "support": 12176.0
      },
      "Establish Foothold": {
        "precision": 0.9779802581624905,
        "recall": 0.9597615499254843,
        "f1-score": 0.9687852576156449,
        "support": 1342.0
      },
      "Lateral Movement": {
        "precision": 0.3601236476043277,
        "recall": 0.803448275862069,
        "f1-score": 0.4973319103521878,
        "support": 580.0
      },
      "Reconnaissance": {
        "precision": 0.875,
        "recall": 0.8713235294117647,
        "f1-score": 0.8731578947368421,
        "support": 1904.0
      }
    },
    "confusion_matrix": [
      [
        11125,
        15,
        813,
        223
      ],
      [
        33,
        1288,
        12,
        9
      ],
      [
        101,
        8,
        466,
        5
      ],
      [
        236,
        6,
        3,
        1659
      ]
    ],
    "class_order": [
      "BENIGN",
      "Establish Foothold",
      "Lateral Movement",
      "Reconnaissance"
    ]
  },
  "feature_importances": {
    "tot_bytes": 0.21648505605761717,
    "bytes_bwd": 0.19598459239938204,
    "bytes_fwd": 0.1716270613802579,
    "duration": 0.14954605742644086,
    "pkts_fwd": 0.06260100728003802,
    "tot_pkts": 0.05851831556516956,
    "is_tcp": 0.05432173312654564,
    "is_udp": 0.051719077838323003,
    "pkts_bwd": 0.03919709892622595
  },
  "wall_seconds": 1.3
}