{
  "config": {
    "tool": "zeek",
    "regime": "native",
    "model": "rf",
    "task": "binary",
    "split": "temporal",
    "seed": 4,
    "include_port": false,
    "dataset": "dapt20",
    "n_features": 19,
    "subsample_benign": null,
    "max_train": 400000
  },
  "config_hash": "8795e4c38d39e31d",
  "git_commit": null,
  "n_train": 36877,
  "n_test": 16462,
  "n_test_unseen_class": 0,
  "features": [
    "tool_ts",
    "tool_id.orig_p",
    "tool_id.resp_p",
    "tool_duration",
    "tool_orig_bytes",
    "tool_resp_bytes",
    "tool_missed_bytes",
    "tool_orig_pkts",
    "tool_resp_pkts",
    "tool_s_syn",
    "tool_s_fin",
    "tool_s_rst",
    "tool_s_psh",
    "tool_s_ack",
    "tool_r_syn",
    "tool_r_fin",
    "tool_r_rst",
    "tool_r_psh",
    "tool_r_ack"
  ],
  "metrics": {
    "macro_f1": 0.48923732702284617,
    "weighted_f1": 0.8304977447877078,
    "balanced_accuracy": 0.5079857915848552,
    "per_class": {
      "0": {
        "precision": 0.8841885843909019,
        "recall": 0.992703744493392,
        "f1-score": 0.9353091864197931,
        "support": 14528.0
      },
      "1": {
        "precision": 0.2980132450331126,
        "recall": 0.02326783867631851,
        "f1-score": 0.04316546762589928,
        "support": 1934.0
      }
    },
    "fpr": 0.00729625550660793,
    "attack_recall": 0.02326783867631851,
    "attack_precision": 0.2980132450331126,
    "auc_pr": 0.39826992611330936,
    "confusion_matrix": [
      [
        14422,
        106
      ],
      [
        1889,
        45
      ]
    ],
    "class_order": [
      "0",
      "1"
    ]
  },
  "feature_importances": {
    "tool_resp_bytes": 0.182105412103488,
    "tool_orig_pkts": 0.12983673851955352,
    "tool_orig_bytes": 0.11231381999236506,
    "tool_id.resp_p": 0.11093617984725164,
    "tool_duration": 0.08836910788243241,
    "tool_ts": 0.07493242041548547,
    "tool_resp_pkts": 0.06693587284520464,
    "tool_id.orig_p": 0.06211763804493453,
    "tool_r_psh": 0.04659641799401298,
    "tool_s_psh": 0.03458109032478127,
    "tool_r_ack": 0.034190161236845484,
    "tool_s_ack": 0.03285184932575811,
    "tool_r_rst": 0.01694415056584377,
    "tool_r_fin": 0.002801303724249217,
    "tool_s_fin": 0.002047425821473602,
    "tool_s_rst": 0.0017004606371842394,
    "tool_r_syn": 0.0007399507191360061,
    "tool_missed_bytes": 0.0,
    "tool_s_syn": 0.0
  },
  "wall_seconds": 2.3
}