{
  "config": {
    "tool": "zeek",
    "regime": "native",
    "model": "rf",
    "task": "binary",
    "split": "stratified",
    "seed": 4,
    "include_port": false,
    "dataset": "dapt20",
    "n_features": 19,
    "subsample_benign": null,
    "max_train": 400000
  },
  "config_hash": "4d40fcd435a31a91",
  "git_commit": null,
  "n_train": 37337,
  "n_test": 16002,
  "n_test_unseen_class": 0,
  "features": [
    "tool_ts",
    "tool_id.orig_p",
    "tool_id.resp_p",
    "tool_duration",
    "tool_orig_bytes",
    "tool_resp_bytes",
    "tool_missed_bytes",
    "tool_orig_pkts",
    "tool_resp_pkts",
    "tool_s_syn",
    "tool_s_fin",
    "tool_s_rst",
    "tool_s_psh",
    "tool_s_ack",
    "tool_r_syn",
    "tool_r_fin",
    "tool_r_rst",
    "tool_r_psh",
    "tool_r_ack"
  ],
  "metrics": {
    "macro_f1": 0.9747799741998788,
    "weighted_f1": 0.981637151213575,
    "balanced_accuracy": 0.9752905933398498,
    "per_class": {
      "0": {
        "precision": 0.9884084182834594,
        "recall": 0.9874342969776609,
        "f1-score": 0.9879211175020542,
        "support": 12176.0
      },
      "1": {
        "precision": 0.9601354872329338,
        "recall": 0.9631468897020387,
        "f1-score": 0.9616388308977035,
        "support": 3826.0
      }
    },
    "fpr": 0.012565703022339027,
    "attack_recall": 0.9631468897020387,
    "attack_precision": 0.9601354872329338,
    "auc_pr": 0.9965402070735342,
    "confusion_matrix": [
      [
        12023,
        153
      ],
      [
        141,
        3685
      ]
    ],
    "class_order": [
      "0",
      "1"
    ]
  },
  "feature_importances": {
    "tool_duration": 0.148305427968426,
    "tool_resp_bytes": 0.12401850085289834,
    "tool_orig_pkts": 0.11681498017733018,
    "tool_id.resp_p": 0.09658766228705302,
    "tool_resp_pkts": 0.09284462678086695,
    "tool_ts": 0.0914508073635313,
    "tool_id.orig_p": 0.08550730463085628,
    "tool_orig_bytes": 0.08264214667137673,
    "tool_r_psh": 0.038698093076007356,
    "tool_s_psh": 0.03330513330269611,
    "tool_r_ack": 0.03146031991051523,
    "tool_s_ack": 0.02709510447310165,
    "tool_r_rst": 0.019918190938429017,
    "tool_s_fin": 0.0030956587758867254,
    "tool_r_fin": 0.003043859388950541,
    "tool_r_syn": 0.0025897274915038663,
    "tool_s_rst": 0.0016163408518515352,
    "tool_s_syn": 0.0010061150587190597,
    "tool_missed_bytes": 0.0
  },
  "wall_seconds": 2.0
}