{
  "config": {
    "tool": "etbert",
    "regime": "embedding",
    "model": "logreg",
    "task": "multiclass",
    "split": "stratified",
    "seed": 1,
    "dataset": "cicids2017",
    "n_features": 768,
    "extractor_family": "nfm",
    "cfg_name": "sample"
  },
  "config_hash": "3af1fe95880ca397",
  "git_commit": null,
  "n_train": 99665,
  "n_test": 42714,
  "metrics": {
    "macro_f1": 0.8685377195730588,
    "weighted_f1": 0.9892321214098266,
    "balanced_accuracy": 0.9238382217308707,
    "per_class": {
      "BENIGN": {
        "precision": 0.9978024454837437,
        "recall": 0.9837777777777778,
        "f1-score": 0.9907404817187456,
        "support": 18000.0
      },
      "Bot": {
        "precision": 0.9328571428571428,
        "recall": 0.9893939393939394,
        "f1-score": 0.9602941176470589,
        "support": 660.0
      },
      "DDoS": {
        "precision": 0.9978369384359401,
        "recall": 0.9995,
        "f1-score": 0.9986677768526229,
        "support": 6000.0
      },
      "DoS GoldenEye": {
        "precision": 0.966268146883006,
        "recall": 0.9851980844579887,
        "f1-score": 0.9756413020047424,
        "support": 2297.0
      },
      "DoS Hulk": {
        "precision": 0.9910344827586207,
        "recall": 0.9953821288386054,
        "f1-score": 0.9932035479783435,
        "support": 4331.0
      },
      "DoS Slowhttptest": {
        "precision": 0.9793510324483776,
        "recall": 0.9844329132690882,
        "f1-score": 0.9818853974121996,
        "support": 1349.0
      },
      "DoS slowloris": {
        "precision": 0.9838591342626559,
        "recall": 0.9903988183161004,
        "f1-score": 0.9871181450128819,
        "support": 1354.0
      },
      "FTP-Patator": {
        "precision": 0.958904109589041,
        "recall": 0.9908409658617818,
        "f1-score": 0.9746109746109746,
        "support": 1201.0
      },
      "Heartbleed": {
        "precision": 0.0,
        "recall": 0.0,
        "f1-score": 0.0,
        "support": 0.0
      },
      "Infiltration": {
        "precision": 1.0,
        "recall": 0.7272727272727273,
        "f1-score": 0.8421052631578947,
        "support": 11.0
      },
      "PortScan": {
        "precision": 0.9986653319986654,
        "recall": 0.9976666666666667,
        "f1-score": 0.9981657495414373,
        "support": 6000.0
      },
      "SSH-Patator": {
        "precision": 0.8976458546571137,
        "recall": 0.9809843400447428,
        "f1-score": 0.9374665954035275,
        "support": 894.0
      },
      "Web Attack - Brute Force": {
        "precision": 0.9589371980676329,
        "recall": 0.9682926829268292,
        "f1-score": 0.9635922330097088,
        "support": 410.0
      },
      "Web Attack - Sql Injection": {
        "precision": 0.6666666666666666,
        "recall": 0.4,
        "f1-score": 0.5,
        "support": 5.0
      },
      "Web Attack - XSS": {
        "precision": 0.9090909090909091,
        "recall": 0.9405940594059405,
        "f1-score": 0.9245742092457421,
        "support": 202.0
      }
    },
    "confusion_matrix": [
      [
        17708,
        47,
        11,
        48,
        29,
        8,
        12,
        29,
        0,
        6,
        92,
        4,
        0,
        6
      ],
      [
        7,
        653,
        0,
        0,
        0,
        0,
        0,
        0,
        0,
        0,
        0,
        0,
        0,
        0
      ],
      [
        3,
        0,
        5997,
        0,
        0,
        0,
        0,
        0,
        0,
        0,
        0,
        0,
        0,
        0
      ],
      [
        7,
        0,
        0,
        2263,
        6,
        10,
        2,
        8,
        0,
        0,
        1,
        0,
        0,
        0
      ],
      [
        3,
        0,
        0,
        13,
        4311,
        0,
        1,
        3,
        0,
        0,
        0,
        0,
        0,
        0
      ],
      [
        0,
        0,
        0,
        14,
        1,
        1328,
        3,
        0,
        0,
        2,
        1,
        0,
        0,
        0
      ],
      [
        3,
        0,
        0,
        1,
        0,
        6,
        1341,
        0,
        0,
        0,
        1,
        1,
        1,
        0
      ],
      [
        2,
        0,
        0,
        3,
        1,
        0,
        0,
        1190,
        0,
        0,
        5,
        0,
        0,
        0
      ],
      [
        1,
        0,
        2,
        0,
        0,
        0,
        0,
        0,
        8,
        0,
        0,
        0,
        0,
        0
      ],
      [
        2,
        0,
        0,
        0,
        1,
        4,
        3,
        2,
        0,
        5986,
        0,
        2,
        0,
        0
      ],
      [
        8,
        0,
        0,
        0,
        1,
        0,
        0,
        8,
        0,
        0,
        877,
        0,
        0,
        0
      ],
      [
        1,
        0,
        0,
        0,
        0,
        0,
        0,
        1,
        0,
        0,
        0,
        397,
        0,
        11
      ],
      [
        0,
        0,
        0,
        0,
        0,
        0,
        1,
        0,
        0,
        0,
        0,
        0,
        2,
        2
      ],
      [
        2,
        0,
        0,
        0,
        0,
        0,
        0,
        0,
        0,
        0,
        0,
        10,
        0,
        190
      ]
    ],
    "class_order": [
      "BENIGN",
      "Bot",
      "DDoS",
      "DoS GoldenEye",
      "DoS Hulk",
      "DoS Slowhttptest",
      "DoS slowloris",
      "FTP-Patator",
      "Heartbleed",
      "Infiltration",
      "PortScan",
      "SSH-Patator",
      "Web Attack - Brute Force",
      "Web Attack - Sql Injection",
      "Web Attack - XSS"
    ]
  },
  "wall_seconds": 39.2
}