{
  "config": {
    "tool": "etbert",
    "regime": "embedding",
    "model": "mlp",
    "task": "binary",
    "split": "stratified",
    "seed": 0,
    "dataset": "cicids2017",
    "n_features": 768,
    "extractor_family": "nfm",
    "cfg_name": "sample"
  },
  "config_hash": "eb2c0229208d5bb8",
  "git_commit": null,
  "n_train": 99665,
  "n_test": 42714,
  "metrics": {
    "macro_f1": 0.9939229102174939,
    "weighted_f1": 0.9940749585088346,
    "balanced_accuracy": 0.9936061139435137,
    "per_class": {
      "0": {
        "precision": 0.9953111917387664,
        "recall": 0.9906111111111111,
        "f1-score": 0.9929555895865237,
        "support": 18000.0
      },
      "1": {
        "precision": 0.9931852090810114,
        "recall": 0.9966011167759165,
        "f1-score": 0.9948902308484641,
        "support": 24714.0
      }
    },
    "fpr": 0.00938888888888889,
    "attack_recall": 0.9966011167759165,
    "attack_precision": 0.9931852090810114,
    "auc_pr": 0.9997738028634782,
    "confusion_matrix": [
      [
        17831,
        169
      ],
      [
        84,
        24630
      ]
    ],
    "class_order": [
      "0",
      "1"
    ]
  },
  "wall_seconds": 37.8
}