{
  "config": {
    "tool": "etbert",
    "regime": "embedding",
    "model": "rf",
    "task": "binary",
    "split": "stratified",
    "seed": 2,
    "dataset": "cicids2017",
    "n_features": 768,
    "extractor_family": "nfm",
    "cfg_name": "sample"
  },
  "config_hash": "ae7e80fc4e66e785",
  "git_commit": null,
  "n_train": 99665,
  "n_test": 42714,
  "metrics": {
    "macro_f1": 0.9621454901930486,
    "weighted_f1": 0.9632618593134441,
    "balanced_accuracy": 0.9576476895686655,
    "per_class": {
      "0": {
        "precision": 0.9922155688622755,
        "recall": 0.9205555555555556,
        "f1-score": 0.955043227665706,
        "support": 18000.0
      },
      "1": {
        "precision": 0.9450295994464519,
        "recall": 0.9947398235817755,
        "f1-score": 0.9692477527203911,
        "support": 24714.0
      }
    },
    "fpr": 0.07944444444444444,
    "attack_recall": 0.9947398235817755,
    "attack_precision": 0.9450295994464519,
    "auc_pr": 0.9964590463675687,
    "confusion_matrix": [
      [
        16570,
        1430
      ],
      [
        130,
        24584
      ]
    ],
    "class_order": [
      "0",
      "1"
    ]
  },
  "wall_seconds": 53.1
}