{
  "config": {
    "tool": "etbert",
    "regime": "embedding",
    "model": "logreg",
    "task": "binary",
    "split": "stratified",
    "seed": 2,
    "dataset": "cicids2017",
    "n_features": 768,
    "extractor_family": "nfm",
    "cfg_name": "sample"
  },
  "config_hash": "41d67bb46e7fc119",
  "git_commit": null,
  "n_train": 99665,
  "n_test": 42714,
  "metrics": {
    "macro_f1": 0.9854277690953268,
    "weighted_f1": 0.9857885041292122,
    "balanced_accuracy": 0.9853801489034555,
    "per_class": {
      "0": {
        "precision": 0.9834880747206316,
        "recall": 0.9827777777777778,
        "f1-score": 0.983132797954817,
        "support": 18000.0
      },
      "1": {
        "precision": 0.9874630970194525,
        "recall": 0.9879825200291333,
        "f1-score": 0.9877227402358366,
        "support": 24714.0
      }
    },
    "fpr": 0.017222222222222222,
    "attack_recall": 0.9879825200291333,
    "attack_precision": 0.9874630970194525,
    "auc_pr": 0.9985305432220595,
    "confusion_matrix": [
      [
        17690,
        310
      ],
      [
        297,
        24417
      ]
    ],
    "class_order": [
      "0",
      "1"
    ]
  },
  "wall_seconds": 25.7
}