{
  "config": {
    "tool": "etbert",
    "regime": "embedding",
    "model": "mlp",
    "task": "multiclass",
    "split": "stratified",
    "seed": 4,
    "dataset": "cicids2017",
    "n_features": 768,
    "extractor_family": "nfm",
    "cfg_name": "sample"
  },
  "config_hash": "693dcf231e5a5971",
  "git_commit": null,
  "n_train": 99665,
  "n_test": 42714,
  "metrics": {
    "macro_f1": 0.8788337095601807,
    "weighted_f1": 0.9914651290049068,
    "balanced_accuracy": 0.9264329761431285,
    "per_class": {
      "BENIGN": {
        "precision": 0.9933447950751484,
        "recall": 0.9950555555555556,
        "f1-score": 0.9941994393716522,
        "support": 18000.0
      },
      "Bot": {
        "precision": 0.9613095238095238,
        "recall": 0.9787878787878788,
        "f1-score": 0.96996996996997,
        "support": 660.0
      },
      "DDoS": {
        "precision": 0.9998333333333334,
        "recall": 0.9998333333333334,
        "f1-score": 0.9998333333333334,
        "support": 6000.0
      },
      "DoS GoldenEye": {
        "precision": 0.9783174327840416,
        "recall": 0.9821506312581628,
        "f1-score": 0.980230284597002,
        "support": 2297.0
      },
      "DoS Hulk": {
        "precision": 0.9956109956109956,
        "recall": 0.9951512352805356,
        "f1-score": 0.9953810623556582,
        "support": 4331.0
      },
      "DoS Slowhttptest": {
        "precision": 0.9791044776119403,
        "recall": 0.9725722757598221,
        "f1-score": 0.9758274451468948,
        "support": 1349.0
      },
      "DoS slowloris": {
        "precision": 0.9881129271916791,
        "recall": 0.982274741506647,
        "f1-score": 0.9851851851851852,
        "support": 1354.0
      },
      "FTP-Patator": {
        "precision": 0.9752883031301482,
        "recall": 0.9858451290591174,
        "f1-score": 0.9805383022774327,
        "support": 1201.0
      },
      "Heartbleed": {
        "precision": 0.0,
        "recall": 0.0,
        "f1-score": 0.0,
        "support": 0.0
      },
      "Infiltration": {
        "precision": 0.8,
        "recall": 0.7272727272727273,
        "f1-score": 0.7619047619047619,
        "support": 11.0
      },
      "PortScan": {
        "precision": 0.9990006662225184,
        "recall": 0.9996666666666667,
        "f1-score": 0.9993335554815062,
        "support": 6000.0
      },
      "SSH-Patator": {
        "precision": 0.9774614472123369,
        "recall": 0.9217002237136466,
        "f1-score": 0.948762233736327,
        "support": 894.0
      },
      "Web Attack - Brute Force": {
        "precision": 0.9207459207459208,
        "recall": 0.9634146341463414,
        "f1-score": 0.9415971394517283,
        "support": 410.0
      },
      "Web Attack - Sql Injection": {
        "precision": 1.0,
        "recall": 0.6,
        "f1-score": 0.75,
        "support": 5.0
      },
      "Web Attack - XSS": {
        "precision": 0.9358288770053476,
        "recall": 0.8663366336633663,
        "f1-score": 0.8997429305912596,
        "support": 202.0
      }
    },
    "confusion_matrix": [
      [
        17911,
        26,
        0,
        22,
        14,
        1,
        2,
        3,
        2,
        4,
        15,
        0,
        0,
        0
      ],
      [
        14,
        646,
        0,
        0,
        0,
        0,
        0,
        0,
        0,
        0,
        0,
        0,
        0,
        0
      ],
      [
        1,
        0,
        5999,
        0,
        0,
        0,
        0,
        0,
        0,
        0,
        0,
        0,
        0,
        0
      ],
      [
        23,
        0,
        0,
        2256,
        3,
        11,
        1,
        3,
        0,
        0,
        0,
        0,
        0,
        0
      ],
      [
        11,
        0,
        0,
        8,
        4310,
        1,
        0,
        1,
        0,
        0,
        0,
        0,
        0,
        0
      ],
      [
        3,
        0,
        0,
        19,
        0,
        1312,
        10,
        2,
        0,
        0,
        1,
        2,
        0,
        0
      ],
      [
        1,
        0,
        0,
        1,
        1,
        15,
        1330,
        3,
        0,
        0,
        0,
        2,
        0,
        1
      ],
      [
        13,
        0,
        0,
        0,
        0,
        0,
        0,
        1184,
        0,
        0,
        3,
        1,
        0,
        0
      ],
      [
        2,
        0,
        1,
        0,
        0,
        0,
        0,
        0,
        8,
        0,
        0,
        0,
        0,
        0
      ],
      [
        1,
        0,
        0,
        0,
        0,
        0,
        0,
        0,
        0,
        5998,
        0,
        1,
        0,
        0
      ],
      [
        50,
        0,
        0,
        0,
        1,
        0,
        1,
        18,
        0,
        0,
        824,
        0,
        0,
        0
      ],
      [
        1,
        0,
        0,
        0,
        0,
        0,
        2,
        0,
        0,
        2,
        0,
        395,
        0,
        10
      ],
      [
        0,
        0,
        0,
        0,
        0,
        0,
        0,
        0,
        0,
        0,
        0,
        1,
        3,
        1
      ],
      [
        0,
        0,
        0,
        0,
        0,
        0,
        0,
        0,
        0,
        0,
        0,
        27,
        0,
        175
      ]
    ],
    "class_order": [
      "BENIGN",
      "Bot",
      "DDoS",
      "DoS GoldenEye",
      "DoS Hulk",
      "DoS Slowhttptest",
      "DoS slowloris",
      "FTP-Patator",
      "Heartbleed",
      "Infiltration",
      "PortScan",
      "SSH-Patator",
      "Web Attack - Brute Force",
      "Web Attack - Sql Injection",
      "Web Attack - XSS"
    ]
  },
  "wall_seconds": 55.0
}