{
  "config": {
    "tool": "etbert",
    "regime": "embedding",
    "model": "mlp",
    "task": "binary",
    "split": "stratified",
    "seed": 3,
    "dataset": "cicids2017",
    "n_features": 768,
    "extractor_family": "nfm",
    "cfg_name": "sample"
  },
  "config_hash": "bd5fdd42b46b7170",
  "git_commit": null,
  "n_train": 99665,
  "n_test": 42714,
  "metrics": {
    "macro_f1": 0.9938288056011498,
    "weighted_f1": 0.9939822545778243,
    "balanced_accuracy": 0.9936685684227564,
    "per_class": {
      "0": {
        "precision": 0.9940413209333407,
        "recall": 0.9916666666666667,
        "f1-score": 0.9928525739077231,
        "support": 18000.0
      },
      "1": {
        "precision": 0.993941107565537,
        "recall": 0.995670470178846,
        "f1-score": 0.9948050372945766,
        "support": 24714.0
      }
    },
    "fpr": 0.008333333333333333,
    "attack_recall": 0.995670470178846,
    "attack_precision": 0.993941107565537,
    "auc_pr": 0.9997818957745133,
    "confusion_matrix": [
      [
        17850,
        150
      ],
      [
        107,
        24607
      ]
    ],
    "class_order": [
      "0",
      "1"
    ]
  },
  "wall_seconds": 47.0
}