{
  "config": {
    "tool": "netfound",
    "regime": "embedding",
    "model": "rf",
    "task": "binary",
    "split": "stratified",
    "seed": 4,
    "dataset": "cicids2017",
    "n_features": 1024,
    "extractor_family": "nfm",
    "cfg_name": "sample"
  },
  "config_hash": "71475b28c98ddbc4",
  "git_commit": null,
  "n_train": 99665,
  "n_test": 42714,
  "metrics": {
    "macro_f1": 0.9985354861722686,
    "weighted_f1": 0.9985717832721821,
    "balanced_accuracy": 0.998456482155863,
    "per_class": {
      "0": {
        "precision": 0.9988875910784805,
        "recall": 0.9977222222222222,
        "f1-score": 0.9983045665527113,
        "support": 18000.0
      },
      "1": {
        "precision": 0.9983424297554073,
        "recall": 0.9991907420895039,
        "f1-score": 0.998766405791826,
        "support": 24714.0
      }
    },
    "fpr": 0.002277777777777778,
    "attack_recall": 0.9991907420895039,
    "attack_precision": 0.9983424297554073,
    "auc_pr": 0.9998661205340781,
    "confusion_matrix": [
      [
        17959,
        41
      ],
      [
        20,
        24694
      ]
    ],
    "class_order": [
      "0",
      "1"
    ]
  },
  "wall_seconds": 42.4
}