{
  "config": {
    "tool": "netfound",
    "regime": "embedding",
    "model": "logreg",
    "task": "binary",
    "split": "stratified",
    "seed": 3,
    "dataset": "cicids2017",
    "n_features": 1024,
    "extractor_family": "nfm",
    "cfg_name": "sample"
  },
  "config_hash": "17b627c80ed274a3",
  "git_commit": null,
  "n_train": 99665,
  "n_test": 42714,
  "metrics": {
    "macro_f1": 0.998727495727953,
    "weighted_f1": 0.9987590620822322,
    "balanced_accuracy": 0.9986258800679777,
    "per_class": {
      "0": {
        "precision": 0.9992766928170033,
        "recall": 0.9977777777777778,
        "f1-score": 0.9985266727823645,
        "support": 18000.0
      },
      "1": {
        "precision": 0.9983832504749202,
        "recall": 0.9994739823581775,
        "f1-score": 0.9989283186735416,
        "support": 24714.0
      }
    },
    "fpr": 0.0022222222222222222,
    "attack_recall": 0.9994739823581775,
    "attack_precision": 0.9983832504749202,
    "auc_pr": 0.9999282421435722,
    "confusion_matrix": [
      [
        17960,
        40
      ],
      [
        13,
        24701
      ]
    ],
    "class_order": [
      "0",
      "1"
    ]
  },
  "wall_seconds": 52.9
}