{
  "config": {
    "tool": "netfound",
    "regime": "embedding",
    "model": "mlp",
    "task": "multiclass",
    "split": "stratified",
    "seed": 2,
    "dataset": "cicids2017",
    "n_features": 1024,
    "extractor_family": "nfm",
    "cfg_name": "sample"
  },
  "config_hash": "2987e2482cf33742",
  "git_commit": null,
  "n_train": 99665,
  "n_test": 42714,
  "metrics": {
    "macro_f1": 0.7973669298850804,
    "weighted_f1": 0.9907133866510635,
    "balanced_accuracy": 0.8686943822432941,
    "per_class": {
      "BENIGN": {
        "precision": 0.9996660730186999,
        "recall": 0.9978888888888889,
        "f1-score": 0.9987766903914591,
        "support": 18000.0
      },
      "Bot": {
        "precision": 0.9747774480712166,
        "recall": 0.9954545454545455,
        "f1-score": 0.9850074962518741,
        "support": 660.0
      },
      "DDoS": {
        "precision": 0.9998333611064822,
        "recall": 1.0,
        "f1-score": 0.9999166736105325,
        "support": 6000.0
      },
      "DoS GoldenEye": {
        "precision": 0.9951605807303123,
        "recall": 0.9847627340008707,
        "f1-score": 0.9899343544857768,
        "support": 2297.0
      },
      "DoS Hulk": {
        "precision": 0.9919743178170144,
        "recall": 0.9988455322096513,
        "f1-score": 0.9953980671882191,
        "support": 4331.0
      },
      "DoS Slowhttptest": {
        "precision": 0.9918397626112759,
        "recall": 0.9911045218680504,
        "f1-score": 0.9914720059325176,
        "support": 1349.0
      },
      "DoS slowloris": {
        "precision": 0.986784140969163,
        "recall": 0.9926144756277696,
        "f1-score": 0.9896907216494846,
        "support": 1354.0
      },
      "FTP-Patator": {
        "precision": 0.9991666666666666,
        "recall": 0.9983347210657785,
        "f1-score": 0.9987505206164098,
        "support": 1201.0
      },
      "Heartbleed": {
        "precision": 0.0,
        "recall": 0.0,
        "f1-score": 0.0,
        "support": 0.0
      },
      "Infiltration": {
        "precision": 0.9166666666666666,
        "recall": 1.0,
        "f1-score": 0.9565217391304348,
        "support": 11.0
      },
      "PortScan": {
        "precision": 0.9976689976689976,
        "recall": 0.9986666666666667,
        "f1-score": 0.998167582875229,
        "support": 6000.0
      },
      "SSH-Patator": {
        "precision": 0.9966517857142857,
        "recall": 0.9988814317673378,
        "f1-score": 0.9977653631284916,
        "support": 894.0
      },
      "Web Attack - Brute Force": {
        "precision": 0.6710963455149501,
        "recall": 0.9853658536585366,
        "f1-score": 0.7984189723320159,
        "support": 410.0
      },
      "Web Attack - Sql Injection": {
        "precision": 0.25,
        "recall": 0.2,
        "f1-score": 0.2222222222222222,
        "support": 5.0
      },
      "Web Attack - XSS": {
        "precision": 0.6666666666666666,
        "recall": 0.019801980198019802,
        "f1-score": 0.038461538461538464,
        "support": 202.0
      }
    },
    "confusion_matrix": [
      [
        17962,
        16,
        1,
        0,
        3,
        0,
        0,
        0,
        1,
        1,
        14,
        2,
        0,
        0,
        0
      ],
      [
        3,
        657,
        0,
        0,
        0,
        0,
        0,
        0,
        0,
        0,
        0,
        0,
        0,
        0,
        0
      ],
      [
        0,
        0,
        6000,
        0,
        0,
        0,
        0,
        0,
        0,
        0,
        0,
        0,
        0,
        0,
        0
      ],
      [
        0,
        0,
        0,
        2262,
        31,
        3,
        1,
        0,
        0,
        0,
        0,
        0,
        0,
        0,
        0
      ],
      [
        0,
        0,
        0,
        3,
        4326,
        0,
        2,
        0,
        0,
        0,
        0,
        0,
        0,
        0,
        0
      ],
      [
        0,
        0,
        0,
        2,
        0,
        1337,
        8,
        0,
        0,
        0,
        0,
        0,
        2,
        0,
        0
      ],
      [
        1,
        0,
        0,
        0,
        0,
        6,
        1344,
        1,
        0,
        0,
        0,
        1,
        0,
        0,
        1
      ],
      [
        1,
        0,
        0,
        0,
        0,
        0,
        1,
        1199,
        0,
        0,
        0,
        0,
        0,
        0,
        0
      ],
      [
        0,
        0,
        0,
        0,
        0,
        0,
        0,
        0,
        0,
        0,
        0,
        0,
        0,
        0,
        0
      ],
      [
        0,
        0,
        0,
        0,
        0,
        0,
        0,
        0,
        0,
        11,
        0,
        0,
        0,
        0,
        0
      ],
      [
        0,
        0,
        0,
        0,
        1,
        0,
        6,
        0,
        0,
        0,
        5992,
        0,
        1,
        0,
        0
      ],
      [
        1,
        0,
        0,
        0,
        0,
        0,
        0,
        0,
        0,
        0,
        0,
        893,
        0,
        0,
        0
      ],
      [
        0,
        1,
        0,
        2,
        0,
        0,
        0,
        0,
        0,
        0,
        0,
        0,
        404,
        2,
        1
      ],
      [
        0,
        0,
        0,
        3,
        0,
        1,
        0,
        0,
        0,
        0,
        0,
        0,
        0,
        1,
        0
      ],
      [
        0,
        0,
        0,
        1,
        0,
        1,
        0,
        0,
        0,
        0,
        0,
        0,
        195,
        1,
        4
      ]
    ],
    "class_order": [
      "BENIGN",
      "Bot",
      "DDoS",
      "DoS GoldenEye",
      "DoS Hulk",
      "DoS Slowhttptest",
      "DoS slowloris",
      "FTP-Patator",
      "Heartbleed",
      "Infiltration",
      "PortScan",
      "SSH-Patator",
      "Web Attack - Brute Force",
      "Web Attack - Sql Injection",
      "Web Attack - XSS"
    ]
  },
  "wall_seconds": 184.4
}