{
  "config": {
    "tool": "netfound",
    "regime": "embedding",
    "model": "xgb",
    "task": "binary",
    "split": "temporal",
    "seed": 1,
    "dataset": "cicids2017",
    "n_features": 1024,
    "extractor_family": "nfm",
    "cfg_name": "sample"
  },
  "config_hash": "d55d6e51ad03e3be",
  "git_commit": null,
  "n_train": 74086,
  "n_test": 68293,
  "metrics": {
    "macro_f1": 0.4452261124299869,
    "weighted_f1": 0.4075676727693755,
    "balanced_accuracy": 0.5945548468907803,
    "per_class": {
      "0": {
        "precision": 0.4005743480148262,
        "recall": 0.9996666666666667,
        "f1-score": 0.5719598541016044,
        "support": 24000.0
      },
      "1": {
        "precision": 0.9990475056554352,
        "recall": 0.189443027114894,
        "f1-score": 0.3184923707583694,
        "support": 44293.0
      }
    },
    "fpr": 0.0003333333333333333,
    "attack_recall": 0.189443027114894,
    "attack_precision": 0.9990475056554352,
    "auc_pr": 0.9775752371333686,
    "confusion_matrix": [
      [
        23992,
        8
      ],
      [
        35902,
        8391
      ]
    ],
    "class_order": [
      "0",
      "1"
    ]
  },
  "wall_seconds": 31.9
}