{
  "config": {
    "tool": "netfound",
    "regime": "embedding",
    "model": "mlp",
    "task": "multiclass",
    "split": "stratified",
    "seed": 3,
    "dataset": "cicids2017",
    "n_features": 1024,
    "extractor_family": "nfm",
    "cfg_name": "sample"
  },
  "config_hash": "139f4f7ce65f3c0a",
  "git_commit": null,
  "n_train": 99665,
  "n_test": 42714,
  "metrics": {
    "macro_f1": 0.7537596530349195,
    "weighted_f1": 0.9899999548193583,
    "balanced_accuracy": 0.8086506670332938,
    "per_class": {
      "BENIGN": {
        "precision": 0.9990545050055617,
        "recall": 0.9979444444444444,
        "f1-score": 0.9984991662034464,
        "support": 18000.0
      },
      "Bot": {
        "precision": 0.9718518518518519,
        "recall": 0.9939393939393939,
        "f1-score": 0.9827715355805243,
        "support": 660.0
      },
      "DDoS": {
        "precision": 1.0,
        "recall": 0.9993333333333333,
        "f1-score": 0.9996665555185061,
        "support": 6000.0
      },
      "DoS GoldenEye": {
        "precision": 0.9903972064600611,
        "recall": 0.9878101872006966,
        "f1-score": 0.9891020052310375,
        "support": 2297.0
      },
      "DoS Hulk": {
        "precision": 0.9896883593033914,
        "recall": 0.9972292773031632,
        "f1-score": 0.9934445083381254,
        "support": 4331.0
      },
      "DoS Slowhttptest": {
        "precision": 0.9903201787043932,
        "recall": 0.9859154929577465,
        "f1-score": 0.9881129271916791,
        "support": 1349.0
      },
      "DoS slowloris": {
        "precision": 0.9881744271988174,
        "recall": 0.9874446085672083,
        "f1-score": 0.9878093830809014,
        "support": 1354.0
      },
      "FTP-Patator": {
        "precision": 1.0,
        "recall": 0.9966694421315571,
        "f1-score": 0.9983319432860718,
        "support": 1201.0
      },
      "Heartbleed": {
        "precision": 0.0,
        "recall": 0.0,
        "f1-score": 0.0,
        "support": 0.0
      },
      "Infiltration": {
        "precision": 1.0,
        "recall": 0.36363636363636365,
        "f1-score": 0.5333333333333333,
        "support": 11.0
      },
      "PortScan": {
        "precision": 0.9978347768154564,
        "recall": 0.9985,
        "f1-score": 0.9981672775741419,
        "support": 6000.0
      },
      "SSH-Patator": {
        "precision": 0.9988801791713325,
        "recall": 0.9977628635346756,
        "f1-score": 0.9983212087297146,
        "support": 894.0
      },
      "Web Attack - Brute Force": {
        "precision": 0.6688524590163935,
        "recall": 0.9951219512195122,
        "f1-score": 0.8,
        "support": 410.0
      },
      "Web Attack - Sql Injection": {
        "precision": 0.0,
        "recall": 0.0,
        "f1-score": 0.0,
        "support": 5.0
      },
      "Web Attack - XSS": {
        "precision": 1.0,
        "recall": 0.019801980198019802,
        "f1-score": 0.038834951456310676,
        "support": 202.0
      }
    },
    "confusion_matrix": [
      [
        17963,
        19,
        0,
        0,
        2,
        0,
        1,
        0,
        0,
        13,
        1,
        1,
        0,
        0
      ],
      [
        4,
        656,
        0,
        0,
        0,
        0,
        0,
        0,
        0,
        0,
        0,
        0,
        0,
        0
      ],
      [
        4,
        0,
        5996,
        0,
        0,
        0,
        0,
        0,
        0,
        0,
        0,
        0,
        0,
        0
      ],
      [
        0,
        0,
        0,
        2269,
        22,
        6,
        0,
        0,
        0,
        0,
        0,
        0,
        0,
        0
      ],
      [
        0,
        0,
        0,
        12,
        4319,
        0,
        0,
        0,
        0,
        0,
        0,
        0,
        0,
        0
      ],
      [
        0,
        0,
        0,
        2,
        0,
        1330,
        15,
        0,
        0,
        0,
        0,
        2,
        0,
        0
      ],
      [
        0,
        0,
        0,
        0,
        12,
        5,
        1337,
        0,
        0,
        0,
        0,
        0,
        0,
        0
      ],
      [
        1,
        0,
        0,
        0,
        3,
        0,
        0,
        1197,
        0,
        0,
        0,
        0,
        0,
        0
      ],
      [
        6,
        0,
        0,
        0,
        1,
        0,
        0,
        0,
        4,
        0,
        0,
        0,
        0,
        0
      ],
      [
        0,
        0,
        0,
        3,
        5,
        0,
        0,
        0,
        0,
        5991,
        0,
        1,
        0,
        0
      ],
      [
        2,
        0,
        0,
        0,
        0,
        0,
        0,
        0,
        0,
        0,
        892,
        0,
        0,
        0
      ],
      [
        0,
        0,
        0,
        1,
        0,
        1,
        0,
        0,
        0,
        0,
        0,
        408,
        0,
        0
      ],
      [
        0,
        0,
        0,
        3,
        0,
        1,
        0,
        0,
        0,
        0,
        0,
        1,
        0,
        0
      ],
      [
        0,
        0,
        0,
        1,
        0,
        0,
        0,
        0,
        0,
        0,
        0,
        197,
        0,
        4
      ]
    ],
    "class_order": [
      "BENIGN",
      "Bot",
      "DDoS",
      "DoS GoldenEye",
      "DoS Hulk",
      "DoS Slowhttptest",
      "DoS slowloris",
      "FTP-Patator",
      "Heartbleed",
      "Infiltration",
      "PortScan",
      "SSH-Patator",
      "Web Attack - Brute Force",
      "Web Attack - Sql Injection",
      "Web Attack - XSS"
    ]
  },
  "wall_seconds": 112.6
}