{
  "config": {
    "tool": "netfound",
    "regime": "embedding",
    "model": "xgb",
    "task": "binary",
    "split": "temporal",
    "seed": 2,
    "dataset": "cicids2017",
    "n_features": 1024,
    "extractor_family": "nfm",
    "cfg_name": "sample"
  },
  "config_hash": "2e252993ae8014bb",
  "git_commit": null,
  "n_train": 74086,
  "n_test": 68293,
  "metrics": {
    "macro_f1": 0.4652368283013055,
    "weighted_f1": 0.43139380995138316,
    "balanced_accuracy": 0.6063148574078673,
    "per_class": {
      "0": {
        "precision": 0.40767871103708486,
        "recall": 0.9994583333333333,
        "f1-score": 0.579130350805186,
        "support": 24000.0
      },
      "1": {
        "precision": 0.9986250661025913,
        "recall": 0.21317138148240128,
        "f1-score": 0.351343305797425,
        "support": 44293.0
      }
    },
    "fpr": 0.0005416666666666666,
    "attack_recall": 0.21317138148240128,
    "attack_precision": 0.9986250661025913,
    "auc_pr": 0.9790070258059765,
    "confusion_matrix": [
      [
        23987,
        13
      ],
      [
        34851,
        9442
      ]
    ],
    "class_order": [
      "0",
      "1"
    ]
  },
  "wall_seconds": 31.5
}