{
  "config": {
    "tool": "netfound",
    "regime": "embedding",
    "model": "logreg",
    "task": "binary",
    "split": "stratified",
    "seed": 4,
    "dataset": "cicids2017",
    "n_features": 1024,
    "extractor_family": "nfm",
    "cfg_name": "sample"
  },
  "config_hash": "35b03aad1bd04854",
  "git_commit": null,
  "n_train": 99665,
  "n_test": 42714,
  "metrics": {
    "macro_f1": 0.9986795167146177,
    "weighted_f1": 0.9987122538222241,
    "balanced_accuracy": 0.9985929635024682,
    "per_class": {
      "0": {
        "precision": 0.9991099738554821,
        "recall": 0.9978333333333333,
        "f1-score": 0.9984712455179698,
        "support": 18000.0
      },
      "1": {
        "precision": 0.998423414318632,
        "recall": 0.9993525936716031,
        "f1-score": 0.9988877879112656,
        "support": 24714.0
      }
    },
    "fpr": 0.0021666666666666666,
    "attack_recall": 0.9993525936716031,
    "attack_precision": 0.998423414318632,
    "auc_pr": 0.9999121713336616,
    "confusion_matrix": [
      [
        17961,
        39
      ],
      [
        16,
        24698
      ]
    ],
    "class_order": [
      "0",
      "1"
    ]
  },
  "wall_seconds": 56.4
}