{
  "config": {
    "tool": "netfound",
    "regime": "embedding",
    "model": "rf",
    "task": "binary",
    "split": "temporal",
    "seed": 3,
    "dataset": "cicids2017",
    "n_features": 1024,
    "extractor_family": "nfm",
    "cfg_name": "sample"
  },
  "config_hash": "1b65175d7542d9b4",
  "git_commit": null,
  "n_train": 74086,
  "n_test": 68293,
  "metrics": {
    "macro_f1": 0.36823693370723193,
    "weighted_f1": 0.3150140597559053,
    "balanced_accuracy": 0.552002562952009,
    "per_class": {
      "0": {
        "precision": 0.376859633964339,
        "recall": 0.9995416666666667,
        "f1-score": 0.5473504078489533,
        "support": 24000.0
      },
      "1": {
        "precision": 0.9976282880551962,
        "recall": 0.10446345923735127,
        "f1-score": 0.1891234595655106,
        "support": 44293.0
      }
    },
    "fpr": 0.0004583333333333333,
    "attack_recall": 0.10446345923735127,
    "attack_precision": 0.9976282880551962,
    "auc_pr": 0.9697520416453538,
    "confusion_matrix": [
      [
        23989,
        11
      ],
      [
        39666,
        4627
      ]
    ],
    "class_order": [
      "0",
      "1"
    ]
  },
  "wall_seconds": 28.7
}