{
  "config": {
    "tool": "netfound",
    "regime": "embedding",
    "model": "xgb",
    "task": "multiclass",
    "split": "stratified",
    "seed": 4,
    "dataset": "cicids2017",
    "n_features": 1024,
    "extractor_family": "nfm",
    "cfg_name": "sample"
  },
  "config_hash": "0ee9545444bde8a6",
  "git_commit": null,
  "n_train": 99665,
  "n_test": 42714,
  "metrics": {
    "macro_f1": 0.7810125443606896,
    "weighted_f1": 0.9907738449321764,
    "balanced_accuracy": 0.8345236015629504,
    "per_class": {
      "BENIGN": {
        "precision": 0.9987772343263672,
        "recall": 0.9983333333333333,
        "f1-score": 0.9985552344965548,
        "support": 18000.0
      },
      "Bot": {
        "precision": 0.9835082458770614,
        "recall": 0.9939393939393939,
        "f1-score": 0.9886963074604371,
        "support": 660.0
      },
      "DDoS": {
        "precision": 0.9991672218520986,
        "recall": 0.9998333333333334,
        "f1-score": 0.9995001666111296,
        "support": 6000.0
      },
      "DoS GoldenEye": {
        "precision": 0.9925828970331588,
        "recall": 0.9904222899434044,
        "f1-score": 0.9915014164305949,
        "support": 2297.0
      },
      "DoS Hulk": {
        "precision": 0.9940133548238544,
        "recall": 0.9967674901870238,
        "f1-score": 0.9953885174083468,
        "support": 4331.0
      },
      "DoS Slowhttptest": {
        "precision": 0.9896219421793921,
        "recall": 0.9896219421793921,
        "f1-score": 0.9896219421793921,
        "support": 1349.0
      },
      "DoS slowloris": {
        "precision": 0.9881481481481481,
        "recall": 0.9852289512555391,
        "f1-score": 0.9866863905325444,
        "support": 1354.0
      },
      "FTP-Patator": {
        "precision": 1.0,
        "recall": 0.9991673605328892,
        "f1-score": 0.9995835068721366,
        "support": 1201.0
      },
      "Heartbleed": {
        "precision": 0.0,
        "recall": 0.0,
        "f1-score": 0.0,
        "support": 0.0
      },
      "Infiltration": {
        "precision": 1.0,
        "recall": 0.7272727272727273,
        "f1-score": 0.8421052631578947,
        "support": 11.0
      },
      "PortScan": {
        "precision": 0.9973382132756613,
        "recall": 0.9991666666666666,
        "f1-score": 0.9982516026975272,
        "support": 6000.0
      },
      "SSH-Patator": {
        "precision": 0.9977452085682075,
        "recall": 0.9899328859060402,
        "f1-score": 0.9938236945536215,
        "support": 894.0
      },
      "Web Attack - Brute Force": {
        "precision": 0.6708407871198568,
        "recall": 0.9146341463414634,
        "f1-score": 0.7739938080495357,
        "support": 410.0
      },
      "Web Attack - Sql Injection": {
        "precision": 0.0,
        "recall": 0.0,
        "f1-score": 0.0,
        "support": 5.0
      },
      "Web Attack - XSS": {
        "precision": 0.38461538461538464,
        "recall": 0.09900990099009901,
        "f1-score": 0.15748031496062992,
        "support": 202.0
      }
    },
    "confusion_matrix": [
      [
        17970,
        11,
        4,
        0,
        0,
        0,
        1,
        0,
        0,
        14,
        0,
        0,
        0,
        0
      ],
      [
        4,
        656,
        0,
        0,
        0,
        0,
        0,
        0,
        0,
        0,
        0,
        0,
        0,
        0
      ],
      [
        1,
        0,
        5999,
        0,
        0,
        0,
        0,
        0,
        0,
        0,
        0,
        0,
        0,
        0
      ],
      [
        0,
        0,
        0,
        2275,
        20,
        2,
        0,
        0,
        0,
        0,
        0,
        0,
        0,
        0
      ],
      [
        0,
        0,
        1,
        12,
        4317,
        0,
        0,
        0,
        0,
        1,
        0,
        0,
        0,
        0
      ],
      [
        1,
        0,
        0,
        1,
        0,
        1335,
        11,
        0,
        0,
        0,
        0,
        1,
        0,
        0
      ],
      [
        1,
        0,
        0,
        0,
        3,
        12,
        1334,
        0,
        0,
        1,
        2,
        1,
        0,
        0
      ],
      [
        1,
        0,
        0,
        0,
        0,
        0,
        0,
        1200,
        0,
        0,
        0,
        0,
        0,
        0
      ],
      [
        2,
        0,
        0,
        0,
        1,
        0,
        0,
        0,
        8,
        0,
        0,
        0,
        0,
        0
      ],
      [
        2,
        0,
        0,
        0,
        2,
        0,
        1,
        0,
        0,
        5995,
        0,
        0,
        0,
        0
      ],
      [
        4,
        0,
        0,
        0,
        0,
        0,
        3,
        0,
        0,
        0,
        885,
        2,
        0,
        0
      ],
      [
        3,
        0,
        0,
        0,
        0,
        0,
        0,
        0,
        0,
        0,
        0,
        375,
        0,
        32
      ],
      [
        0,
        0,
        0,
        3,
        0,
        0,
        0,
        0,
        0,
        0,
        0,
        2,
        0,
        0
      ],
      [
        3,
        0,
        0,
        1,
        0,
        0,
        0,
        0,
        0,
        0,
        0,
        178,
        0,
        20
      ]
    ],
    "class_order": [
      "BENIGN",
      "Bot",
      "DDoS",
      "DoS GoldenEye",
      "DoS Hulk",
      "DoS Slowhttptest",
      "DoS slowloris",
      "FTP-Patator",
      "Heartbleed",
      "Infiltration",
      "PortScan",
      "SSH-Patator",
      "Web Attack - Brute Force",
      "Web Attack - Sql Injection",
      "Web Attack - XSS"
    ]
  },
  "wall_seconds": 271.1
}