{
  "config": {
    "tool": "netfound",
    "regime": "embedding",
    "model": "rf",
    "task": "multiclass",
    "split": "stratified",
    "seed": 1,
    "dataset": "cicids2017",
    "n_features": 1024,
    "extractor_family": "nfm",
    "cfg_name": "sample"
  },
  "config_hash": "2237a1ada265e6ae",
  "git_commit": null,
  "n_train": 99665,
  "n_test": 42714,
  "metrics": {
    "macro_f1": 0.7743887838102382,
    "weighted_f1": 0.989861564505142,
    "balanced_accuracy": 0.8330685095901201,
    "per_class": {
      "BENIGN": {
        "precision": 0.9975575908964751,
        "recall": 0.9983888888888889,
        "f1-score": 0.9979730667777315,
        "support": 18000.0
      },
      "Bot": {
        "precision": 0.9790104947526237,
        "recall": 0.9893939393939394,
        "f1-score": 0.984174830444612,
        "support": 660.0
      },
      "DDoS": {
        "precision": 0.9998333611064822,
        "recall": 1.0,
        "f1-score": 0.9999166736105325,
        "support": 6000.0
      },
      "DoS GoldenEye": {
        "precision": 0.9908056042031523,
        "recall": 0.9851980844579887,
        "f1-score": 0.9879938877974241,
        "support": 2297.0
      },
      "DoS Hulk": {
        "precision": 0.9935543278084714,
        "recall": 0.996536596628954,
        "f1-score": 0.9950432276657061,
        "support": 4331.0
      },
      "DoS Slowhttptest": {
        "precision": 0.9859778597785978,
        "recall": 0.9903632320237212,
        "f1-score": 0.9881656804733728,
        "support": 1349.0
      },
      "DoS slowloris": {
        "precision": 0.9895755770662695,
        "recall": 0.981536189069424,
        "f1-score": 0.985539488320356,
        "support": 1354.0
      },
      "FTP-Patator": {
        "precision": 1.0,
        "recall": 0.9958368026644463,
        "f1-score": 0.9979140592407175,
        "support": 1201.0
      },
      "Heartbleed": {
        "precision": 0.0,
        "recall": 0.0,
        "f1-score": 0.0,
        "support": 0.0
      },
      "Infiltration": {
        "precision": 1.0,
        "recall": 0.7272727272727273,
        "f1-score": 0.8421052631578947,
        "support": 11.0
      },
      "PortScan": {
        "precision": 0.9979993331110371,
        "recall": 0.9976666666666667,
        "f1-score": 0.997832972162027,
        "support": 6000.0
      },
      "SSH-Patator": {
        "precision": 1.0,
        "recall": 0.9955257270693513,
        "f1-score": 0.9977578475336323,
        "support": 894.0
      },
      "Web Attack - Brute Force": {
        "precision": 0.6677740863787376,
        "recall": 0.9804878048780488,
        "f1-score": 0.7944664031620553,
        "support": 410.0
      },
      "Web Attack - Sql Injection": {
        "precision": 0.0,
        "recall": 0.0,
        "f1-score": 0.0,
        "support": 5.0
      },
      "Web Attack - XSS": {
        "precision": 0.45454545454545453,
        "recall": 0.024752475247524754,
        "f1-score": 0.046948356807511735,
        "support": 202.0
      }
    },
    "confusion_matrix": [
      [
        17971,
        14,
        0,
        3,
        0,
        0,
        0,
        0,
        0,
        11,
        0,
        1,
        0,
        0
      ],
      [
        7,
        653,
        0,
        0,
        0,
        0,
        0,
        0,
        0,
        0,
        0,
        0,
        0,
        0
      ],
      [
        0,
        0,
        6000,
        0,
        0,
        0,
        0,
        0,
        0,
        0,
        0,
        0,
        0,
        0
      ],
      [
        3,
        0,
        0,
        2263,
        28,
        3,
        0,
        0,
        0,
        0,
        0,
        0,
        0,
        0
      ],
      [
        3,
        0,
        1,
        5,
        4316,
        1,
        5,
        0,
        0,
        0,
        0,
        0,
        0,
        0
      ],
      [
        5,
        0,
        0,
        3,
        0,
        1336,
        5,
        0,
        0,
        0,
        0,
        0,
        0,
        0
      ],
      [
        7,
        0,
        0,
        1,
        0,
        15,
        1329,
        0,
        0,
        1,
        0,
        1,
        0,
        0
      ],
      [
        5,
        0,
        0,
        0,
        0,
        0,
        0,
        1196,
        0,
        0,
        0,
        0,
        0,
        0
      ],
      [
        3,
        0,
        0,
        0,
        0,
        0,
        0,
        0,
        8,
        0,
        0,
        0,
        0,
        0
      ],
      [
        5,
        0,
        0,
        3,
        0,
        0,
        4,
        0,
        0,
        5986,
        0,
        2,
        0,
        0
      ],
      [
        4,
        0,
        0,
        0,
        0,
        0,
        0,
        0,
        0,
        0,
        890,
        0,
        0,
        0
      ],
      [
        1,
        0,
        0,
        1,
        0,
        0,
        0,
        0,
        0,
        0,
        0,
        402,
        0,
        6
      ],
      [
        0,
        0,
        0,
        5,
        0,
        0,
        0,
        0,
        0,
        0,
        0,
        0,
        0,
        0
      ],
      [
        1,
        0,
        0,
        0,
        0,
        0,
        0,
        0,
        0,
        0,
        0,
        196,
        0,
        5
      ]
    ],
    "class_order": [
      "BENIGN",
      "Bot",
      "DDoS",
      "DoS GoldenEye",
      "DoS Hulk",
      "DoS Slowhttptest",
      "DoS slowloris",
      "FTP-Patator",
      "Heartbleed",
      "Infiltration",
      "PortScan",
      "SSH-Patator",
      "Web Attack - Brute Force",
      "Web Attack - Sql Injection",
      "Web Attack - XSS"
    ]
  },
  "wall_seconds": 34.2
}