{
  "config": {
    "tool": "netfound",
    "regime": "embedding",
    "model": "rf",
    "task": "binary",
    "split": "temporal",
    "seed": 1,
    "dataset": "cicids2017",
    "n_features": 1024,
    "extractor_family": "nfm",
    "cfg_name": "sample"
  },
  "config_hash": "030ec36e40c8de6d",
  "git_commit": null,
  "n_train": 74086,
  "n_test": 68293,
  "metrics": {
    "macro_f1": 0.3382702660183032,
    "weighted_f1": 0.2786157518175944,
    "balanced_accuracy": 0.5367162371405565,
    "per_class": {
      "0": {
        "precision": 0.3690087983756845,
        "recall": 0.9995833333333334,
        "f1-score": 0.53902844560284,
        "support": 24000.0
      },
      "1": {
        "precision": 0.9969521487351417,
        "recall": 0.07384914094777956,
        "f1-score": 0.13751208643376633,
        "support": 44293.0
      }
    },
    "fpr": 0.0004166666666666667,
    "attack_recall": 0.07384914094777956,
    "attack_precision": 0.9969521487351417,
    "auc_pr": 0.9666405227119579,
    "confusion_matrix": [
      [
        23990,
        10
      ],
      [
        41022,
        3271
      ]
    ],
    "class_order": [
      "0",
      "1"
    ]
  },
  "wall_seconds": 28.6
}