{
  "config": {
    "tool": "netfound",
    "regime": "embedding",
    "model": "xgb",
    "task": "multiclass",
    "split": "stratified",
    "seed": 3,
    "dataset": "cicids2017",
    "n_features": 1024,
    "extractor_family": "nfm",
    "cfg_name": "sample"
  },
  "config_hash": "f3a68e37c2494ec2",
  "git_commit": null,
  "n_train": 99665,
  "n_test": 42714,
  "metrics": {
    "macro_f1": 0.7856535487752757,
    "weighted_f1": 0.9912116838269457,
    "balanced_accuracy": 0.8270817822887279,
    "per_class": {
      "BENIGN": {
        "precision": 0.9985554753041835,
        "recall": 0.9985,
        "f1-score": 0.99852773688158,
        "support": 18000.0
      },
      "Bot": {
        "precision": 0.9819004524886877,
        "recall": 0.9863636363636363,
        "f1-score": 0.9841269841269841,
        "support": 660.0
      },
      "DDoS": {
        "precision": 0.999333444425929,
        "recall": 0.9995,
        "f1-score": 0.9994167152737272,
        "support": 6000.0
      },
      "DoS GoldenEye": {
        "precision": 0.9930039352864014,
        "recall": 0.9886808881149325,
        "f1-score": 0.9908376963350786,
        "support": 2297.0
      },
      "DoS Hulk": {
        "precision": 0.9956120092378753,
        "recall": 0.9953821288386054,
        "f1-score": 0.9954970557672325,
        "support": 4331.0
      },
      "DoS Slowhttptest": {
        "precision": 0.9867549668874173,
        "recall": 0.994069681245367,
        "f1-score": 0.9903988183161004,
        "support": 1349.0
      },
      "DoS slowloris": {
        "precision": 0.9867256637168141,
        "recall": 0.9881831610044313,
        "f1-score": 0.9874538745387453,
        "support": 1354.0
      },
      "FTP-Patator": {
        "precision": 1.0,
        "recall": 0.9983347210657785,
        "f1-score": 0.9991666666666666,
        "support": 1201.0
      },
      "Heartbleed": {
        "precision": 0.0,
        "recall": 0.0,
        "f1-score": 0.0,
        "support": 0.0
      },
      "Infiltration": {
        "precision": 1.0,
        "recall": 0.36363636363636365,
        "f1-score": 0.5333333333333333,
        "support": 11.0
      },
      "PortScan": {
        "precision": 0.997504159733777,
        "recall": 0.9991666666666666,
        "f1-score": 0.9983347210657785,
        "support": 6000.0
      },
      "SSH-Patator": {
        "precision": 0.9988789237668162,
        "recall": 0.9966442953020134,
        "f1-score": 0.9977603583426652,
        "support": 894.0
      },
      "Web Attack - Brute Force": {
        "precision": 0.6850828729281768,
        "recall": 0.9073170731707317,
        "f1-score": 0.7806925498426023,
        "support": 410.0
      },
      "Web Attack - Sql Injection": {
        "precision": 0.5,
        "recall": 0.2,
        "f1-score": 0.2857142857142857,
        "support": 5.0
      },
      "Web Attack - XSS": {
        "precision": 0.4782608695652174,
        "recall": 0.16336633663366337,
        "f1-score": 0.24354243542435425,
        "support": 202.0
      }
    },
    "confusion_matrix": [
      [
        17973,
        12,
        3,
        0,
        0,
        0,
        1,
        0,
        0,
        10,
        1,
        0,
        0,
        0
      ],
      [
        9,
        651,
        0,
        0,
        0,
        0,
        0,
        0,
        0,
        0,
        0,
        0,
        0,
        0
      ],
      [
        3,
        0,
        5997,
        0,
        0,
        0,
        0,
        0,
        0,
        0,
        0,
        0,
        0,
        0
      ],
      [
        3,
        0,
        0,
        2271,
        18,
        3,
        1,
        0,
        0,
        0,
        0,
        1,
        0,
        0
      ],
      [
        0,
        0,
        1,
        14,
        4311,
        0,
        3,
        0,
        0,
        2,
        0,
        0,
        0,
        0
      ],
      [
        0,
        0,
        0,
        0,
        0,
        1341,
        6,
        0,
        0,
        0,
        0,
        1,
        0,
        1
      ],
      [
        0,
        0,
        0,
        0,
        0,
        13,
        1338,
        0,
        0,
        3,
        0,
        0,
        0,
        0
      ],
      [
        1,
        0,
        0,
        0,
        0,
        1,
        0,
        1199,
        0,
        0,
        0,
        0,
        0,
        0
      ],
      [
        5,
        0,
        0,
        0,
        1,
        0,
        1,
        0,
        4,
        0,
        0,
        0,
        0,
        0
      ],
      [
        1,
        0,
        0,
        0,
        0,
        0,
        4,
        0,
        0,
        5995,
        0,
        0,
        0,
        0
      ],
      [
        1,
        0,
        0,
        0,
        0,
        0,
        2,
        0,
        0,
        0,
        891,
        0,
        0,
        0
      ],
      [
        2,
        0,
        0,
        0,
        0,
        1,
        0,
        0,
        0,
        0,
        0,
        372,
        0,
        35
      ],
      [
        0,
        0,
        0,
        2,
        0,
        0,
        0,
        0,
        0,
        0,
        0,
        2,
        1,
        0
      ],
      [
        1,
        0,
        0,
        0,
        0,
        0,
        0,
        0,
        0,
        0,
        0,
        167,
        1,
        33
      ]
    ],
    "class_order": [
      "BENIGN",
      "Bot",
      "DDoS",
      "DoS GoldenEye",
      "DoS Hulk",
      "DoS Slowhttptest",
      "DoS slowloris",
      "FTP-Patator",
      "Heartbleed",
      "Infiltration",
      "PortScan",
      "SSH-Patator",
      "Web Attack - Brute Force",
      "Web Attack - Sql Injection",
      "Web Attack - XSS"
    ]
  },
  "wall_seconds": 226.4
}