{
  "config": {
    "tool": "netfound",
    "regime": "embedding",
    "model": "logreg",
    "task": "binary",
    "split": "stratified",
    "seed": 0,
    "dataset": "cicids2017",
    "n_features": 1024,
    "extractor_family": "nfm",
    "cfg_name": "sample"
  },
  "config_hash": "d54adb5667bd6d48",
  "git_commit": null,
  "n_train": 99665,
  "n_test": 42714,
  "metrics": {
    "macro_f1": 0.9986795567042415,
    "weighted_f1": 0.9987122733838211,
    "balanced_accuracy": 0.998608056162499,
    "per_class": {
      "0": {
        "precision": 0.9989989433290696,
        "recall": 0.9979444444444444,
        "f1-score": 0.9984714154692754,
        "support": 18000.0
      },
      "1": {
        "precision": 0.9985040229652691,
        "recall": 0.9992716678805535,
        "f1-score": 0.9988876979392076,
        "support": 24714.0
      }
    },
    "fpr": 0.0020555555555555557,
    "attack_recall": 0.9992716678805535,
    "attack_precision": 0.9985040229652691,
    "auc_pr": 0.9999284914955928,
    "confusion_matrix": [
      [
        17963,
        37
      ],
      [
        18,
        24696
      ]
    ],
    "class_order": [
      "0",
      "1"
    ]
  },
  "wall_seconds": 52.5
}