{
  "config": {
    "tool": "netfound",
    "regime": "embedding",
    "model": "mlp",
    "task": "binary",
    "split": "temporal",
    "seed": 2,
    "dataset": "cicids2017",
    "n_features": 1024,
    "extractor_family": "nfm",
    "cfg_name": "sample"
  },
  "config_hash": "2f00778a92974b41",
  "git_commit": null,
  "n_train": 74086,
  "n_test": 68293,
  "metrics": {
    "macro_f1": 0.406804524473891,
    "weighted_f1": 0.3616366397964387,
    "balanced_accuracy": 0.5724434932344463,
    "per_class": {
      "0": {
        "precision": 0.3879241985338145,
        "recall": 0.9987916666666666,
        "f1-score": 0.5588101593370088,
        "support": 24000.0
      },
      "1": {
        "precision": 0.9955384615384615,
        "recall": 0.1460953198022261,
        "f1-score": 0.2547988896107731,
        "support": 44293.0
      }
    },
    "fpr": 0.0012083333333333334,
    "attack_recall": 0.1460953198022261,
    "attack_precision": 0.9955384615384615,
    "auc_pr": 0.9784144719726596,
    "confusion_matrix": [
      [
        23971,
        29
      ],
      [
        37822,
        6471
      ]
    ],
    "class_order": [
      "0",
      "1"
    ]
  },
  "wall_seconds": 55.0
}