{
  "config": {
    "tool": "nfstream-native",
    "regime": "embedding",
    "model": "mlp",
    "task": "binary",
    "split": "temporal",
    "seed": 0,
    "dataset": "cicids2017",
    "n_features": 58,
    "extractor_family": "nfm",
    "cfg_name": "sample"
  },
  "config_hash": "1abfda8883eabdd4",
  "git_commit": null,
  "n_train": 74086,
  "n_test": 68293,
  "metrics": {
    "macro_f1": 0.5765993756910388,
    "weighted_f1": 0.5615943599243939,
    "balanced_accuracy": 0.677918600286727,
    "per_class": {
      "0": {
        "precision": 0.45705404477668865,
        "recall": 0.998625,
        "f1-score": 0.6270964703419765,
        "support": 24000.0
      },
      "1": {
        "precision": 0.997918637653737,
        "recall": 0.35721220057345404,
        "f1-score": 0.526102281040101,
        "support": 44293.0
      }
    },
    "fpr": 0.001375,
    "attack_recall": 0.35721220057345404,
    "attack_precision": 0.997918637653737,
    "auc_pr": 0.98358506579147,
    "confusion_matrix": [
      [
        23967,
        33
      ],
      [
        28471,
        15822
      ]
    ],
    "class_order": [
      "0",
      "1"
    ]
  },
  "wall_seconds": 11.5
}