{
  "config": {
    "tool": "nfstream-native",
    "regime": "embedding",
    "model": "logreg",
    "task": "multiclass",
    "split": "stratified",
    "seed": 4,
    "dataset": "cicids2017",
    "n_features": 58,
    "extractor_family": "nfm",
    "cfg_name": "sample"
  },
  "config_hash": "8c2e60b4d3624362",
  "git_commit": null,
  "n_train": 99665,
  "n_test": 42714,
  "metrics": {
    "macro_f1": 0.720834143143757,
    "weighted_f1": 0.9708918974554049,
    "balanced_accuracy": 0.9160857454969845,
    "per_class": {
      "BENIGN": {
        "precision": 0.9991154095653713,
        "recall": 0.9412222222222222,
        "f1-score": 0.969305146322625,
        "support": 18000.0
      },
      "Bot": {
        "precision": 0.7112068965517241,
        "recall": 1.0,
        "f1-score": 0.8312342569269522,
        "support": 660.0
      },
      "DDoS": {
        "precision": 0.9978351373855121,
        "recall": 0.9986666666666667,
        "f1-score": 0.9982507288629737,
        "support": 6000.0
      },
      "DoS GoldenEye": {
        "precision": 0.9830434782608696,
        "recall": 0.9843273835437527,
        "f1-score": 0.9836850119643246,
        "support": 2297.0
      },
      "DoS Hulk": {
        "precision": 0.9914903403863845,
        "recall": 0.9953821288386054,
        "f1-score": 0.9934324230902177,
        "support": 4331.0
      },
      "DoS Slowhttptest": {
        "precision": 0.9696092619392185,
        "recall": 0.9933283914010378,
        "f1-score": 0.9813255217868913,
        "support": 1349.0
      },
      "DoS slowloris": {
        "precision": 0.9289198606271777,
        "recall": 0.9844903988183161,
        "f1-score": 0.9558981713875941,
        "support": 1354.0
      },
      "FTP-Patator": {
        "precision": 0.976326530612245,
        "recall": 0.9958368026644463,
        "f1-score": 0.9859851607584501,
        "support": 1201.0
      },
      "Heartbleed": {
        "precision": 0.0,
        "recall": 0.0,
        "f1-score": 0.0,
        "support": 0.0
      },
      "Infiltration": {
        "precision": 0.1,
        "recall": 0.9090909090909091,
        "f1-score": 0.18018018018018017,
        "support": 11.0
      },
      "PortScan": {
        "precision": 0.9900662251655629,
        "recall": 0.9966666666666667,
        "f1-score": 0.9933554817275747,
        "support": 6000.0
      },
      "SSH-Patator": {
        "precision": 0.9756906077348066,
        "recall": 0.9876957494407159,
        "f1-score": 0.9816564758198999,
        "support": 894.0
      },
      "Web Attack - Brute Force": {
        "precision": 0.4701298701298701,
        "recall": 0.44146341463414634,
        "f1-score": 0.45534591194968554,
        "support": 410.0
      },
      "Web Attack - Sql Injection": {
        "precision": 0.018867924528301886,
        "recall": 0.8,
        "f1-score": 0.03686635944700461,
        "support": 5.0
      },
      "Web Attack - XSS": {
        "precision": 0.3292433537832311,
        "recall": 0.7970297029702971,
        "f1-score": 0.46599131693198265,
        "support": 202.0
      }
    },
    "confusion_matrix": [
      [
        16942,
        264,
        5,
        14,
        12,
        26,
        79,
        29,
        3,
        85,
        56,
        22,
        161,
        203,
        99
      ],
      [
        0,
        660,
        0,
        0,
        0,
        0,
        0,
        0,
        0,
        0,
        0,
        0,
        0,
        0,
        0
      ],
      [
        6,
        0,
        5992,
        1,
        0,
        0,
        0,
        0,
        0,
        0,
        1,
        0,
        0,
        0,
        0
      ],
      [
        3,
        0,
        0,
        2261,
        24,
        7,
        1,
        0,
        0,
        0,
        0,
        0,
        0,
        1,
        0
      ],
      [
        0,
        0,
        8,
        10,
        4311,
        0,
        0,
        0,
        0,
        2,
        0,
        0,
        0,
        0,
        0
      ],
      [
        0,
        0,
        0,
        0,
        1,
        1340,
        6,
        0,
        0,
        1,
        0,
        0,
        0,
        1,
        0
      ],
      [
        0,
        0,
        0,
        9,
        0,
        9,
        1333,
        0,
        0,
        0,
        1,
        0,
        1,
        1,
        0
      ],
      [
        0,
        0,
        0,
        0,
        0,
        0,
        5,
        1196,
        0,
        0,
        0,
        0,
        0,
        0,
        0
      ],
      [
        0,
        0,
        0,
        0,
        0,
        0,
        0,
        0,
        0,
        0,
        0,
        0,
        0,
        0,
        0
      ],
      [
        0,
        0,
        0,
        0,
        0,
        0,
        0,
        0,
        0,
        10,
        1,
        0,
        0,
        0,
        0
      ],
      [
        1,
        0,
        0,
        5,
        0,
        0,
        10,
        0,
        0,
        0,
        5980,
        0,
        1,
        0,
        3
      ],
      [
        3,
        4,
        0,
        0,
        0,
        0,
        1,
        0,
        0,
        2,
        1,
        883,
        0,
        0,
        0
      ],
      [
        2,
        0,
        0,
        0,
        0,
        0,
        0,
        0,
        0,
        0,
        0,
        0,
        181,
        2,
        225
      ],
      [
        0,
        0,
        0,
        0,
        0,
        0,
        0,
        0,
        0,
        0,
        0,
        0,
        0,
        4,
        1
      ],
      [
        0,
        0,
        0,
        0,
        0,
        0,
        0,
        0,
        0,
        0,
        0,
        0,
        41,
        0,
        161
      ]
    ],
    "class_order": [
      "BENIGN",
      "Bot",
      "DDoS",
      "DoS GoldenEye",
      "DoS Hulk",
      "DoS Slowhttptest",
      "DoS slowloris",
      "FTP-Patator",
      "Heartbleed",
      "Infiltration",
      "PortScan",
      "SSH-Patator",
      "Web Attack - Brute Force",
      "Web Attack - Sql Injection",
      "Web Attack - XSS"
    ]
  },
  "wall_seconds": 19.0
}