{
  "config": {
    "tool": "nfstream-common",
    "regime": "embedding",
    "model": "mlp",
    "task": "binary",
    "split": "stratified",
    "seed": 1,
    "dataset": "cicids2017",
    "n_features": 9,
    "extractor_family": "nfm",
    "cfg_name": "sample"
  },
  "config_hash": "2c57d4812b7683c2",
  "git_commit": null,
  "n_train": 99665,
  "n_test": 42714,
  "metrics": {
    "macro_f1": 0.967214822163885,
    "weighted_f1": 0.9681007368928978,
    "balanced_accuracy": 0.9650044104556122,
    "per_class": {
      "0": {
        "precision": 0.978987968453169,
        "recall": 0.9447777777777778,
        "f1-score": 0.9615786944106754,
        "support": 18000.0
      },
      "1": {
        "precision": 0.9607781241368425,
        "recall": 0.9852310431334467,
        "f1-score": 0.9728509499170945,
        "support": 24714.0
      }
    },
    "fpr": 0.05522222222222222,
    "attack_recall": 0.9852310431334467,
    "attack_precision": 0.9607781241368425,
    "auc_pr": 0.9963560557886433,
    "confusion_matrix": [
      [
        17006,
        994
      ],
      [
        365,
        24349
      ]
    ],
    "class_order": [
      "0",
      "1"
    ]
  },
  "wall_seconds": 5.0
}