{
  "config": {
    "tool": "nfstream-common",
    "regime": "embedding",
    "model": "xgb",
    "task": "binary",
    "split": "temporal",
    "seed": 0,
    "dataset": "cicids2017",
    "n_features": 9,
    "extractor_family": "nfm",
    "cfg_name": "sample"
  },
  "config_hash": "24f4dad6105ea390",
  "git_commit": null,
  "n_train": 74086,
  "n_test": 68293,
  "metrics": {
    "macro_f1": 0.6031346062389611,
    "weighted_f1": 0.5954487067947593,
    "balanced_accuracy": 0.684637552773576,
    "per_class": {
      "0": {
        "precision": 0.46935007385524374,
        "recall": 0.95325,
        "f1-score": 0.6290003299241175,
        "support": 24000.0
      },
      "1": {
        "precision": 0.9426057598854162,
        "recall": 0.41602510554715194,
        "f1-score": 0.5772688825538047,
        "support": 44293.0
      }
    },
    "fpr": 0.04675,
    "attack_recall": 0.41602510554715194,
    "attack_precision": 0.9426057598854162,
    "auc_pr": 0.9736992915144616,
    "confusion_matrix": [
      [
        22878,
        1122
      ],
      [
        25866,
        18427
      ]
    ],
    "class_order": [
      "0",
      "1"
    ]
  },
  "wall_seconds": 2.6
}