{
  "config": {
    "tool": "nfstream-common",
    "regime": "embedding",
    "model": "logreg",
    "task": "multiclass",
    "split": "stratified",
    "seed": 4,
    "dataset": "cicids2017",
    "n_features": 9,
    "extractor_family": "nfm",
    "cfg_name": "sample"
  },
  "config_hash": "9b79b3365405a00f",
  "git_commit": null,
  "n_train": 99665,
  "n_test": 42714,
  "metrics": {
    "macro_f1": 0.5791179657142201,
    "weighted_f1": 0.8539439848289664,
    "balanced_accuracy": 0.7054457670202946,
    "per_class": {
      "BENIGN": {
        "precision": 0.9995990055337236,
        "recall": 0.6924444444444444,
        "f1-score": 0.8181430306212872,
        "support": 18000.0
      },
      "Bot": {
        "precision": 0.39283387622149835,
        "recall": 0.9136363636363637,
        "f1-score": 0.5494305239179954,
        "support": 660.0
      },
      "DDoS": {
        "precision": 0.9533300116259757,
        "recall": 0.9566666666666667,
        "f1-score": 0.9549954246734881,
        "support": 6000.0
      },
      "DoS GoldenEye": {
        "precision": 0.9701120797011208,
        "recall": 0.6782760121898128,
        "f1-score": 0.7983602357161158,
        "support": 2297.0
      },
      "DoS Hulk": {
        "precision": 1.0,
        "recall": 0.9577464788732394,
        "f1-score": 0.9784172661870504,
        "support": 4331.0
      },
      "DoS Slowhttptest": {
        "precision": 0.5977722772277227,
        "recall": 0.7160859896219421,
        "f1-score": 0.651602023608769,
        "support": 1349.0
      },
      "DoS slowloris": {
        "precision": 0.7106710671067107,
        "recall": 0.4771048744460857,
        "f1-score": 0.5709235528060097,
        "support": 1354.0
      },
      "FTP-Patator": {
        "precision": 0.966693744922827,
        "recall": 0.9908409658617818,
        "f1-score": 0.9786184210526315,
        "support": 1201.0
      },
      "Heartbleed": {
        "precision": 0.0,
        "recall": 0.0,
        "f1-score": 0.0,
        "support": 0.0
      },
      "Infiltration": {
        "precision": 0.0,
        "recall": 0.0,
        "f1-score": 0.0,
        "support": 11.0
      },
      "PortScan": {
        "precision": 0.9124065313596826,
        "recall": 0.9965,
        "f1-score": 0.9526009718792321,
        "support": 6000.0
      },
      "SSH-Patator": {
        "precision": 0.905894519131334,
        "recall": 0.9798657718120806,
        "f1-score": 0.9414293390650188,
        "support": 894.0
      },
      "Web Attack - Brute Force": {
        "precision": 0.3327433628318584,
        "recall": 0.9170731707317074,
        "f1-score": 0.4883116883116883,
        "support": 410.0
      },
      "Web Attack - Sql Injection": {
        "precision": 0.0019749835418038184,
        "recall": 0.6,
        "f1-score": 0.003937007874015748,
        "support": 5.0
      },
      "Web Attack - XSS": {
        "precision": 0.0,
        "recall": 0.0,
        "f1-score": 0.0,
        "support": 202.0
      }
    },
    "confusion_matrix": [
      [
        12464,
        859,
        177,
        4,
        0,
        31,
        3,
        41,
        3,
        1153,
        355,
        91,
        539,
        1358,
        922
      ],
      [
        0,
        603,
        0,
        0,
        0,
        50,
        1,
        0,
        0,
        0,
        0,
        0,
        0,
        6,
        0
      ],
      [
        0,
        0,
        5740,
        2,
        0,
        0,
        0,
        0,
        0,
        58,
        0,
        0,
        1,
        28,
        171
      ],
      [
        0,
        0,
        79,
        1558,
        0,
        68,
        2,
        0,
        0,
        337,
        26,
        0,
        0,
        51,
        176
      ],
      [
        0,
        0,
        24,
        11,
        4148,
        0,
        0,
        0,
        84,
        14,
        47,
        0,
        0,
        2,
        1
      ],
      [
        0,
        0,
        0,
        29,
        0,
        966,
        255,
        0,
        0,
        49,
        0,
        0,
        1,
        49,
        0
      ],
      [
        0,
        42,
        0,
        1,
        0,
        501,
        646,
        0,
        0,
        12,
        137,
        0,
        1,
        0,
        14
      ],
      [
        0,
        6,
        0,
        0,
        0,
        0,
        0,
        1190,
        0,
        0,
        0,
        0,
        5,
        0,
        0
      ],
      [
        0,
        0,
        0,
        0,
        0,
        0,
        0,
        0,
        0,
        0,
        0,
        0,
        0,
        0,
        0
      ],
      [
        0,
        0,
        0,
        1,
        0,
        0,
        0,
        0,
        1,
        0,
        9,
        0,
        0,
        0,
        0
      ],
      [
        0,
        0,
        1,
        0,
        0,
        0,
        2,
        0,
        0,
        3,
        5979,
        0,
        14,
        1,
        0
      ],
      [
        1,
        8,
        0,
        0,
        0,
        0,
        0,
        0,
        0,
        5,
        0,
        876,
        1,
        3,
        0
      ],
      [
        0,
        10,
        0,
        0,
        0,
        0,
        0,
        0,
        0,
        7,
        0,
        0,
        376,
        17,
        0
      ],
      [
        0,
        1,
        0,
        0,
        0,
        0,
        0,
        0,
        0,
        0,
        0,
        0,
        1,
        3,
        0
      ],
      [
        4,
        6,
        0,
        0,
        0,
        0,
        0,
        0,
        0,
        0,
        0,
        0,
        191,
        1,
        0
      ]
    ],
    "class_order": [
      "BENIGN",
      "Bot",
      "DDoS",
      "DoS GoldenEye",
      "DoS Hulk",
      "DoS Slowhttptest",
      "DoS slowloris",
      "FTP-Patator",
      "Heartbleed",
      "Infiltration",
      "PortScan",
      "SSH-Patator",
      "Web Attack - Brute Force",
      "Web Attack - Sql Injection",
      "Web Attack - XSS"
    ]
  },
  "wall_seconds": 10.5
}