{
  "config": {
    "tool": "nfstream-common",
    "regime": "embedding",
    "model": "xgb",
    "task": "binary",
    "split": "stratified",
    "seed": 3,
    "dataset": "cicids2017",
    "n_features": 9,
    "extractor_family": "nfm",
    "cfg_name": "sample"
  },
  "config_hash": "201c08d323678b30",
  "git_commit": null,
  "n_train": 99665,
  "n_test": 42714,
  "metrics": {
    "macro_f1": 0.995314927920829,
    "weighted_f1": 0.9954326997478566,
    "balanced_accuracy": 0.994877640203933,
    "per_class": {
      "0": {
        "precision": 0.9978191578594195,
        "recall": 0.9913333333333333,
        "f1-score": 0.9945656717665747,
        "support": 18000.0
      },
      "1": {
        "precision": 0.993717530506222,
        "recall": 0.9984219470745327,
        "f1-score": 0.9960641840750832,
        "support": 24714.0
      }
    },
    "fpr": 0.008666666666666666,
    "attack_recall": 0.9984219470745327,
    "attack_precision": 0.993717530506222,
    "auc_pr": 0.9998128211822004,
    "confusion_matrix": [
      [
        17844,
        156
      ],
      [
        39,
        24675
      ]
    ],
    "class_order": [
      "0",
      "1"
    ]
  },
  "wall_seconds": 2.0
}