{
  "config": {
    "tool": "nfstream-native",
    "regime": "embedding",
    "model": "logreg",
    "task": "binary",
    "split": "stratified",
    "seed": 4,
    "dataset": "cicids2017",
    "n_features": 58,
    "extractor_family": "nfm",
    "cfg_name": "sample"
  },
  "config_hash": "2751682a68b8b9fa",
  "git_commit": null,
  "n_train": 99665,
  "n_test": 42714,
  "metrics": {
    "macro_f1": 0.9700559672554019,
    "weighted_f1": 0.9708459356563336,
    "balanced_accuracy": 0.9684454762482804,
    "per_class": {
      "0": {
        "precision": 0.9775434596751211,
        "recall": 0.9528333333333333,
        "f1-score": 0.9650302433534955,
        "support": 18000.0
      },
      "1": {
        "precision": 0.9662680281298422,
        "recall": 0.9840576191632273,
        "f1-score": 0.9750816911573081,
        "support": 24714.0
      }
    },
    "fpr": 0.04716666666666667,
    "attack_recall": 0.9840576191632273,
    "attack_precision": 0.9662680281298422,
    "auc_pr": 0.993580281580661,
    "confusion_matrix": [
      [
        17151,
        849
      ],
      [
        394,
        24320
      ]
    ],
    "class_order": [
      "0",
      "1"
    ]
  },
  "wall_seconds": 3.8
}