{
  "config": {
    "tool": "nfstream-common",
    "regime": "embedding",
    "model": "mlp",
    "task": "multiclass",
    "split": "stratified",
    "seed": 4,
    "dataset": "cicids2017",
    "n_features": 9,
    "extractor_family": "nfm",
    "cfg_name": "sample"
  },
  "config_hash": "27000c02d5b63ea9",
  "git_commit": null,
  "n_train": 99665,
  "n_test": 42714,
  "metrics": {
    "macro_f1": 0.6898862139740192,
    "weighted_f1": 0.9752207026746085,
    "balanced_accuracy": 0.752865926873497,
    "per_class": {
      "BENIGN": {
        "precision": 0.9910559561741853,
        "recall": 0.9849444444444444,
        "f1-score": 0.9879907492546462,
        "support": 18000.0
      },
      "Bot": {
        "precision": 0.8832565284178188,
        "recall": 0.8712121212121212,
        "f1-score": 0.8771929824561403,
        "support": 660.0
      },
      "DDoS": {
        "precision": 0.9978372982864748,
        "recall": 0.9996666666666667,
        "f1-score": 0.998751144783948,
        "support": 6000.0
      },
      "DoS GoldenEye": {
        "precision": 0.9868478737395879,
        "recall": 0.9799738789725729,
        "f1-score": 0.9833988641328091,
        "support": 2297.0
      },
      "DoS Hulk": {
        "precision": 0.9988306828811974,
        "recall": 0.9861463865158162,
        "f1-score": 0.9924480074358081,
        "support": 4331.0
      },
      "DoS Slowhttptest": {
        "precision": 0.9703113685734974,
        "recall": 0.9933283914010378,
        "f1-score": 0.9816849816849816,
        "support": 1349.0
      },
      "DoS slowloris": {
        "precision": 0.9172690763052209,
        "recall": 0.843426883308715,
        "f1-score": 0.8787995382839554,
        "support": 1354.0
      },
      "FTP-Patator": {
        "precision": 0.9991603694374476,
        "recall": 0.9908409658617818,
        "f1-score": 0.9949832775919732,
        "support": 1201.0
      },
      "Heartbleed": {
        "precision": 0.0,
        "recall": 0.0,
        "f1-score": 0.0,
        "support": 0.0
      },
      "Infiltration": {
        "precision": 0.0,
        "recall": 0.0,
        "f1-score": 0.0,
        "support": 11.0
      },
      "PortScan": {
        "precision": 0.9600385170919595,
        "recall": 0.997,
        "f1-score": 0.9781702232033358,
        "support": 6000.0
      },
      "SSH-Patator": {
        "precision": 1.0,
        "recall": 0.9765100671140939,
        "f1-score": 0.9881154499151104,
        "support": 894.0
      },
      "Web Attack - Brute Force": {
        "precision": 0.5489051094890511,
        "recall": 0.9170731707317074,
        "f1-score": 0.6867579908675799,
        "support": 410.0
      },
      "Web Attack - Sql Injection": {
        "precision": 0.0,
        "recall": 0.0,
        "f1-score": 0.0,
        "support": 5.0
      },
      "Web Attack - XSS": {
        "precision": 0.0,
        "recall": 0.0,
        "f1-score": 0.0,
        "support": 202.0
      }
    },
    "confusion_matrix": [
      [
        17729,
        32,
        3,
        16,
        4,
        21,
        47,
        1,
        0,
        30,
        0,
        117,
        0,
        0
      ],
      [
        35,
        575,
        0,
        0,
        0,
        0,
        50,
        0,
        0,
        0,
        0,
        0,
        0,
        0
      ],
      [
        2,
        0,
        5998,
        0,
        0,
        0,
        0,
        0,
        0,
        0,
        0,
        0,
        0,
        0
      ],
      [
        9,
        0,
        8,
        2251,
        1,
        2,
        0,
        0,
        0,
        26,
        0,
        0,
        0,
        0
      ],
      [
        1,
        0,
        0,
        12,
        4271,
        0,
        0,
        0,
        0,
        47,
        0,
        0,
        0,
        0
      ],
      [
        4,
        0,
        0,
        1,
        0,
        1340,
        4,
        0,
        0,
        0,
        0,
        0,
        0,
        0
      ],
      [
        20,
        37,
        0,
        0,
        0,
        18,
        1142,
        0,
        0,
        137,
        0,
        0,
        0,
        0
      ],
      [
        11,
        0,
        0,
        0,
        0,
        0,
        0,
        1190,
        0,
        0,
        0,
        0,
        0,
        0
      ],
      [
        2,
        0,
        0,
        0,
        0,
        0,
        0,
        0,
        0,
        9,
        0,
        0,
        0,
        0
      ],
      [
        14,
        0,
        2,
        0,
        0,
        0,
        2,
        0,
        0,
        5982,
        0,
        0,
        0,
        0
      ],
      [
        14,
        7,
        0,
        0,
        0,
        0,
        0,
        0,
        0,
        0,
        873,
        0,
        0,
        0
      ],
      [
        34,
        0,
        0,
        0,
        0,
        0,
        0,
        0,
        0,
        0,
        0,
        376,
        0,
        0
      ],
      [
        3,
        0,
        0,
        1,
        0,
        0,
        0,
        0,
        0,
        0,
        0,
        1,
        0,
        0
      ],
      [
        11,
        0,
        0,
        0,
        0,
        0,
        0,
        0,
        0,
        0,
        0,
        191,
        0,
        0
      ]
    ],
    "class_order": [
      "BENIGN",
      "Bot",
      "DDoS",
      "DoS GoldenEye",
      "DoS Hulk",
      "DoS Slowhttptest",
      "DoS slowloris",
      "FTP-Patator",
      "Heartbleed",
      "Infiltration",
      "PortScan",
      "SSH-Patator",
      "Web Attack - Brute Force",
      "Web Attack - Sql Injection",
      "Web Attack - XSS"
    ]
  },
  "wall_seconds": 11.0
}