{
  "config": {
    "tool": "nfstream-native",
    "regime": "embedding",
    "model": "mlp",
    "task": "binary",
    "split": "stratified",
    "seed": 0,
    "dataset": "cicids2017",
    "n_features": 58,
    "extractor_family": "nfm",
    "cfg_name": "sample"
  },
  "config_hash": "4eb24d6d01398191",
  "git_commit": null,
  "n_train": 99665,
  "n_test": 42714,
  "metrics": {
    "macro_f1": 0.9980310555394648,
    "weighted_f1": 0.9980799778263147,
    "balanced_accuracy": 0.9978882414825605,
    "per_class": {
      "0": {
        "precision": 0.9987751920721524,
        "recall": 0.9966666666666667,
        "f1-score": 0.9977198153606585,
        "support": 18000.0
      },
      "1": {
        "precision": 0.9975759534583064,
        "recall": 0.9991098162984543,
        "f1-score": 0.9983422957182712,
        "support": 24714.0
      }
    },
    "fpr": 0.0033333333333333335,
    "attack_recall": 0.9991098162984543,
    "attack_precision": 0.9975759534583064,
    "auc_pr": 0.9998105769714218,
    "confusion_matrix": [
      [
        17940,
        60
      ],
      [
        22,
        24692
      ]
    ],
    "class_order": [
      "0",
      "1"
    ]
  },
  "wall_seconds": 26.1
}