{
  "config": {
    "tool": "nfstream-common",
    "regime": "embedding",
    "model": "logreg",
    "task": "multiclass",
    "split": "stratified",
    "seed": 2,
    "dataset": "cicids2017",
    "n_features": 9,
    "extractor_family": "nfm",
    "cfg_name": "sample"
  },
  "config_hash": "836ecbe8bd224ce8",
  "git_commit": null,
  "n_train": 99665,
  "n_test": 42714,
  "metrics": {
    "macro_f1": 0.5811673860563976,
    "weighted_f1": 0.8586400031830422,
    "balanced_accuracy": 0.7398134494602923,
    "per_class": {
      "BENIGN": {
        "precision": 0.9996894409937889,
        "recall": 0.7153333333333334,
        "f1-score": 0.8339378238341969,
        "support": 18000.0
      },
      "Bot": {
        "precision": 0.4615963855421687,
        "recall": 0.9287878787878788,
        "f1-score": 0.6167002012072434,
        "support": 660.0
      },
      "DDoS": {
        "precision": 0.9512114171921673,
        "recall": 0.9553333333333334,
        "f1-score": 0.9532679195077333,
        "support": 6000.0
      },
      "DoS GoldenEye": {
        "precision": 0.9181141439205955,
        "recall": 0.6443186765346104,
        "f1-score": 0.7572269122537734,
        "support": 2297.0
      },
      "DoS Hulk": {
        "precision": 1.0,
        "recall": 0.9612098822442854,
        "f1-score": 0.9802213327054391,
        "support": 4331.0
      },
      "DoS Slowhttptest": {
        "precision": 0.6057934508816121,
        "recall": 0.7131208302446257,
        "f1-score": 0.655090228123936,
        "support": 1349.0
      },
      "DoS slowloris": {
        "precision": 0.7019122609673791,
        "recall": 0.4608567208271787,
        "f1-score": 0.5563976816763263,
        "support": 1354.0
      },
      "FTP-Patator": {
        "precision": 0.9471577261809447,
        "recall": 0.9850124895920067,
        "f1-score": 0.9657142857142857,
        "support": 1201.0
      },
      "Heartbleed": {
        "precision": 0.0,
        "recall": 0.0,
        "f1-score": 0.0,
        "support": 0.0
      },
      "Infiltration": {
        "precision": 0.0008756567425569177,
        "recall": 0.09090909090909091,
        "f1-score": 0.0017346053772766695,
        "support": 11.0
      },
      "PortScan": {
        "precision": 0.9124656278643446,
        "recall": 0.9955,
        "f1-score": 0.9521759923481588,
        "support": 6000.0
      },
      "SSH-Patator": {
        "precision": 0.8885542168674698,
        "recall": 0.9899328859060402,
        "f1-score": 0.9365079365079365,
        "support": 894.0
      },
      "Web Attack - Brute Force": {
        "precision": 0.3471837488457987,
        "recall": 0.9170731707317074,
        "f1-score": 0.5036838580040187,
        "support": 410.0
      },
      "Web Attack - Sql Injection": {
        "precision": 0.0024319066147859923,
        "recall": 1.0,
        "f1-score": 0.0048520135856380394,
        "support": 5.0
      },
      "Web Attack - XSS": {
        "precision": 0.0,
        "recall": 0.0,
        "f1-score": 0.0,
        "support": 202.0
      }
    },
    "confusion_matrix": [
      [
        12876,
        636,
        174,
        23,
        0,
        29,
        14,
        66,
        2,
        545,
        343,
        109,
        492,
        1941,
        750
      ],
      [
        0,
        613,
        0,
        0,
        0,
        35,
        0,
        0,
        0,
        6,
        0,
        1,
        0,
        5,
        0
      ],
      [
        0,
        0,
        5732,
        1,
        0,
        0,
        0,
        0,
        0,
        47,
        0,
        0,
        0,
        33,
        187
      ],
      [
        0,
        0,
        94,
        1480,
        0,
        62,
        4,
        0,
        0,
        462,
        36,
        0,
        0,
        38,
        121
      ],
      [
        0,
        0,
        22,
        10,
        4163,
        0,
        1,
        0,
        85,
        14,
        34,
        0,
        0,
        0,
        2
      ],
      [
        0,
        0,
        0,
        98,
        0,
        962,
        240,
        0,
        0,
        46,
        0,
        0,
        1,
        2,
        0
      ],
      [
        0,
        53,
        0,
        0,
        0,
        500,
        624,
        0,
        0,
        16,
        151,
        0,
        0,
        1,
        9
      ],
      [
        0,
        8,
        0,
        0,
        0,
        0,
        0,
        1183,
        0,
        0,
        0,
        0,
        10,
        0,
        0
      ],
      [
        0,
        0,
        0,
        0,
        0,
        0,
        0,
        0,
        0,
        0,
        0,
        0,
        0,
        0,
        0
      ],
      [
        0,
        0,
        0,
        0,
        0,
        0,
        0,
        0,
        0,
        1,
        9,
        1,
        0,
        0,
        0
      ],
      [
        0,
        1,
        4,
        0,
        0,
        0,
        6,
        0,
        0,
        2,
        5973,
        0,
        14,
        0,
        0
      ],
      [
        0,
        4,
        0,
        0,
        0,
        0,
        0,
        0,
        0,
        3,
        0,
        885,
        0,
        2,
        0
      ],
      [
        0,
        7,
        0,
        0,
        0,
        0,
        0,
        0,
        0,
        0,
        0,
        0,
        376,
        27,
        0
      ],
      [
        0,
        0,
        0,
        0,
        0,
        0,
        0,
        0,
        0,
        0,
        0,
        0,
        0,
        5,
        0
      ],
      [
        4,
        6,
        0,
        0,
        0,
        0,
        0,
        0,
        0,
        0,
        0,
        0,
        190,
        2,
        0
      ]
    ],
    "class_order": [
      "BENIGN",
      "Bot",
      "DDoS",
      "DoS GoldenEye",
      "DoS Hulk",
      "DoS Slowhttptest",
      "DoS slowloris",
      "FTP-Patator",
      "Heartbleed",
      "Infiltration",
      "PortScan",
      "SSH-Patator",
      "Web Attack - Brute Force",
      "Web Attack - Sql Injection",
      "Web Attack - XSS"
    ]
  },
  "wall_seconds": 8.9
}