{
  "config": {
    "tool": "nfstream-common",
    "regime": "embedding",
    "model": "mlp",
    "task": "binary",
    "split": "temporal",
    "seed": 0,
    "dataset": "cicids2017",
    "n_features": 9,
    "extractor_family": "nfm",
    "cfg_name": "sample"
  },
  "config_hash": "9a4271176abf36a2",
  "git_commit": null,
  "n_train": 74086,
  "n_test": 68293,
  "metrics": {
    "macro_f1": 0.9047637225552483,
    "weighted_f1": 0.9117020613168263,
    "balanced_accuracy": 0.9187570900970056,
    "per_class": {
      "0": {
        "precision": 0.8246397328396675,
        "recall": 0.9465833333333333,
        "f1-score": 0.8814138004616966,
        "support": 24000.0
      },
      "1": {
        "precision": 0.9685352444531711,
        "recall": 0.8909308468606778,
        "f1-score": 0.9281136446488,
        "support": 44293.0
      }
    },
    "fpr": 0.05341666666666667,
    "attack_recall": 0.8909308468606778,
    "attack_precision": 0.9685352444531711,
    "auc_pr": 0.9710904659472317,
    "confusion_matrix": [
      [
        22718,
        1282
      ],
      [
        4831,
        39462
      ]
    ],
    "class_order": [
      "0",
      "1"
    ]
  },
  "wall_seconds": 4.1
}