{
  "config": {
    "tool": "nfstream-native",
    "regime": "embedding",
    "model": "mlp",
    "task": "multiclass",
    "split": "stratified",
    "seed": 1,
    "dataset": "cicids2017",
    "n_features": 58,
    "extractor_family": "nfm",
    "cfg_name": "sample"
  },
  "config_hash": "910d244482c96f06",
  "git_commit": null,
  "n_train": 99665,
  "n_test": 42714,
  "metrics": {
    "macro_f1": 0.8100623227664403,
    "weighted_f1": 0.9904652127878675,
    "balanced_accuracy": 0.871815804472683,
    "per_class": {
      "BENIGN": {
        "precision": 0.9988304093567252,
        "recall": 0.9963333333333333,
        "f1-score": 0.9975803087192324,
        "support": 18000.0
      },
      "Bot": {
        "precision": 0.9690721649484536,
        "recall": 0.996969696969697,
        "f1-score": 0.9828230022404779,
        "support": 660.0
      },
      "DDoS": {
        "precision": 1.0,
        "recall": 1.0,
        "f1-score": 1.0,
        "support": 6000.0
      },
      "DoS GoldenEye": {
        "precision": 0.9991181657848325,
        "recall": 0.9865041358293426,
        "f1-score": 0.9927710843373494,
        "support": 2297.0
      },
      "DoS Hulk": {
        "precision": 0.9903956094214498,
        "recall": 1.0,
        "f1-score": 0.9951746323529411,
        "support": 4331.0
      },
      "DoS Slowhttptest": {
        "precision": 0.9925871015567087,
        "recall": 0.9925871015567087,
        "f1-score": 0.9925871015567087,
        "support": 1349.0
      },
      "DoS slowloris": {
        "precision": 0.9933481152993349,
        "recall": 0.9926144756277696,
        "f1-score": 0.9929811599556705,
        "support": 1354.0
      },
      "FTP-Patator": {
        "precision": 0.9991680532445923,
        "recall": 1.0,
        "f1-score": 0.9995838535164377,
        "support": 1201.0
      },
      "Heartbleed": {
        "precision": 0.0,
        "recall": 0.0,
        "f1-score": 0.0,
        "support": 0.0
      },
      "Infiltration": {
        "precision": 1.0,
        "recall": 0.8181818181818182,
        "f1-score": 0.9,
        "support": 11.0
      },
      "PortScan": {
        "precision": 0.9974995832638773,
        "recall": 0.9973333333333333,
        "f1-score": 0.9974164513709476,
        "support": 6000.0
      },
      "SSH-Patator": {
        "precision": 0.9977678571428571,
        "recall": 1.0,
        "f1-score": 0.9988826815642458,
        "support": 894.0
      },
      "Web Attack - Brute Force": {
        "precision": 0.6580226904376013,
        "recall": 0.9902439024390244,
        "f1-score": 0.7906523855890945,
        "support": 410.0
      },
      "Web Attack - Sql Injection": {
        "precision": 0.5,
        "recall": 0.4,
        "f1-score": 0.4444444444444444,
        "support": 5.0
      },
      "Web Attack - XSS": {
        "precision": 0.7,
        "recall": 0.034653465346534656,
        "f1-score": 0.0660377358490566,
        "support": 202.0
      }
    },
    "confusion_matrix": [
      [
        17934,
        21,
        0,
        1,
        3,
        7,
        3,
        1,
        0,
        14,
        2,
        13,
        1,
        0
      ],
      [
        2,
        658,
        0,
        0,
        0,
        0,
        0,
        0,
        0,
        0,
        0,
        0,
        0,
        0
      ],
      [
        0,
        0,
        6000,
        0,
        0,
        0,
        0,
        0,
        0,
        0,
        0,
        0,
        0,
        0
      ],
      [
        0,
        0,
        0,
        2266,
        28,
        3,
        0,
        0,
        0,
        0,
        0,
        0,
        0,
        0
      ],
      [
        0,
        0,
        0,
        0,
        4331,
        0,
        0,
        0,
        0,
        0,
        0,
        0,
        0,
        0
      ],
      [
        2,
        0,
        0,
        1,
        0,
        1339,
        6,
        0,
        0,
        0,
        0,
        0,
        1,
        0
      ],
      [
        2,
        0,
        0,
        0,
        7,
        0,
        1344,
        0,
        0,
        0,
        0,
        1,
        0,
        0
      ],
      [
        0,
        0,
        0,
        0,
        0,
        0,
        0,
        1201,
        0,
        0,
        0,
        0,
        0,
        0
      ],
      [
        2,
        0,
        0,
        0,
        0,
        0,
        0,
        0,
        9,
        0,
        0,
        0,
        0,
        0
      ],
      [
        9,
        0,
        0,
        0,
        4,
        0,
        0,
        0,
        0,
        5984,
        0,
        3,
        0,
        0
      ],
      [
        0,
        0,
        0,
        0,
        0,
        0,
        0,
        0,
        0,
        0,
        894,
        0,
        0,
        0
      ],
      [
        2,
        0,
        0,
        0,
        0,
        0,
        0,
        0,
        0,
        0,
        0,
        406,
        0,
        2
      ],
      [
        2,
        0,
        0,
        0,
        0,
        0,
        0,
        0,
        0,
        0,
        0,
        0,
        2,
        1
      ],
      [
        0,
        0,
        0,
        0,
        0,
        0,
        0,
        0,
        0,
        1,
        0,
        194,
        0,
        7
      ]
    ],
    "class_order": [
      "BENIGN",
      "Bot",
      "DDoS",
      "DoS GoldenEye",
      "DoS Hulk",
      "DoS Slowhttptest",
      "DoS slowloris",
      "FTP-Patator",
      "Heartbleed",
      "Infiltration",
      "PortScan",
      "SSH-Patator",
      "Web Attack - Brute Force",
      "Web Attack - Sql Injection",
      "Web Attack - XSS"
    ]
  },
  "wall_seconds": 15.8
}