{
  "config": {
    "tool": "nfstream-common",
    "regime": "embedding",
    "model": "logreg",
    "task": "multiclass",
    "split": "stratified",
    "seed": 3,
    "dataset": "cicids2017",
    "n_features": 9,
    "extractor_family": "nfm",
    "cfg_name": "sample"
  },
  "config_hash": "f716a8ce37b4d7cd",
  "git_commit": null,
  "n_train": 99665,
  "n_test": 42714,
  "metrics": {
    "macro_f1": 0.5950736355287362,
    "weighted_f1": 0.8746697624670777,
    "balanced_accuracy": 0.7299664769939177,
    "per_class": {
      "BENIGN": {
        "precision": 0.9986609135545306,
        "recall": 0.7457777777777778,
        "f1-score": 0.8538897016729216,
        "support": 18000.0
      },
      "Bot": {
        "precision": 0.5460405156537753,
        "recall": 0.8984848484848484,
        "f1-score": 0.6792668957617412,
        "support": 660.0
      },
      "DDoS": {
        "precision": 0.9627371273712737,
        "recall": 0.9473333333333334,
        "f1-score": 0.9549731182795699,
        "support": 6000.0
      },
      "DoS GoldenEye": {
        "precision": 0.9581320450885669,
        "recall": 0.7771005659555943,
        "f1-score": 0.8581730769230769,
        "support": 2297.0
      },
      "DoS Hulk": {
        "precision": 0.9980815347721822,
        "recall": 0.9609789886862157,
        "f1-score": 0.9791789201270439,
        "support": 4331.0
      },
      "DoS Slowhttptest": {
        "precision": 0.6003705991352687,
        "recall": 0.720533728687917,
        "f1-score": 0.6549865229110512,
        "support": 1349.0
      },
      "DoS slowloris": {
        "precision": 0.6882168925964547,
        "recall": 0.4874446085672083,
        "f1-score": 0.5706874189364461,
        "support": 1354.0
      },
      "FTP-Patator": {
        "precision": 0.9619741100323624,
        "recall": 0.9900083263946711,
        "f1-score": 0.975789905621666,
        "support": 1201.0
      },
      "Heartbleed": {
        "precision": 0.0,
        "recall": 0.0,
        "f1-score": 0.0,
        "support": 0.0
      },
      "Infiltration": {
        "precision": 0.0,
        "recall": 0.0,
        "f1-score": 0.0,
        "support": 11.0
      },
      "PortScan": {
        "precision": 0.9158104585186321,
        "recall": 0.9953333333333333,
        "f1-score": 0.9539174187365227,
        "support": 6000.0
      },
      "SSH-Patator": {
        "precision": 0.9119170984455959,
        "recall": 0.9843400447427293,
        "f1-score": 0.9467455621301775,
        "support": 894.0
      },
      "Web Attack - Brute Force": {
        "precision": 0.33815551537070526,
        "recall": 0.9121951219512195,
        "f1-score": 0.49340369393139843,
        "support": 410.0
      },
      "Web Attack - Sql Injection": {
        "precision": 0.002554278416347382,
        "recall": 0.8,
        "f1-score": 0.005092297899427116,
        "support": 5.0
      },
      "Web Attack - XSS": {
        "precision": 0.0,
        "recall": 0.0,
        "f1-score": 0.0,
        "support": 202.0
      }
    },
    "confusion_matrix": [
      [
        13424,
        420,
        157,
        46,
        7,
        26,
        11,
        47,
        8,
        591,
        347,
        85,
        509,
        1368,
        954
      ],
      [
        0,
        593,
        0,
        1,
        0,
        53,
        1,
        0,
        0,
        9,
        0,
        0,
        0,
        3,
        0
      ],
      [
        0,
        0,
        5684,
        0,
        0,
        0,
        0,
        0,
        0,
        78,
        0,
        0,
        2,
        0,
        236
      ],
      [
        2,
        0,
        33,
        1785,
        0,
        62,
        4,
        0,
        0,
        7,
        21,
        0,
        0,
        184,
        199
      ],
      [
        1,
        0,
        25,
        22,
        4162,
        0,
        0,
        0,
        70,
        0,
        50,
        0,
        0,
        1,
        0
      ],
      [
        6,
        0,
        0,
        9,
        0,
        972,
        282,
        0,
        0,
        78,
        0,
        0,
        2,
        0,
        0
      ],
      [
        0,
        41,
        0,
        0,
        0,
        505,
        660,
        0,
        0,
        15,
        127,
        0,
        1,
        1,
        4
      ],
      [
        0,
        2,
        0,
        0,
        0,
        0,
        0,
        1189,
        0,
        3,
        0,
        0,
        7,
        0,
        0
      ],
      [
        0,
        0,
        0,
        0,
        0,
        0,
        0,
        0,
        0,
        0,
        0,
        0,
        0,
        0,
        0
      ],
      [
        1,
        0,
        0,
        0,
        1,
        1,
        0,
        0,
        3,
        0,
        4,
        0,
        1,
        0,
        0
      ],
      [
        0,
        1,
        5,
        0,
        0,
        0,
        1,
        0,
        0,
        3,
        5972,
        0,
        18,
        0,
        0
      ],
      [
        4,
        8,
        0,
        0,
        0,
        0,
        0,
        0,
        0,
        0,
        0,
        880,
        0,
        2,
        0
      ],
      [
        0,
        16,
        0,
        0,
        0,
        0,
        0,
        0,
        0,
        19,
        0,
        0,
        374,
        1,
        0
      ],
      [
        0,
        0,
        0,
        0,
        0,
        0,
        0,
        0,
        0,
        0,
        0,
        0,
        1,
        4,
        0
      ],
      [
        4,
        5,
        0,
        0,
        0,
        0,
        0,
        0,
        0,
        0,
        0,
        0,
        191,
        2,
        0
      ]
    ],
    "class_order": [
      "BENIGN",
      "Bot",
      "DDoS",
      "DoS GoldenEye",
      "DoS Hulk",
      "DoS Slowhttptest",
      "DoS slowloris",
      "FTP-Patator",
      "Heartbleed",
      "Infiltration",
      "PortScan",
      "SSH-Patator",
      "Web Attack - Brute Force",
      "Web Attack - Sql Injection",
      "Web Attack - XSS"
    ]
  },
  "wall_seconds": 9.3
}