{
  "config": {
    "tool": "nfstream-common",
    "regime": "embedding",
    "model": "logreg",
    "task": "multiclass",
    "split": "stratified",
    "seed": 1,
    "dataset": "cicids2017",
    "n_features": 9,
    "extractor_family": "nfm",
    "cfg_name": "sample"
  },
  "config_hash": "72bb974fefb28ca7",
  "git_commit": null,
  "n_train": 99665,
  "n_test": 42714,
  "metrics": {
    "macro_f1": 0.5837130937614872,
    "weighted_f1": 0.8587427141820119,
    "balanced_accuracy": 0.7332007675747744,
    "per_class": {
      "BENIGN": {
        "precision": 0.9995310301703924,
        "recall": 0.7104444444444444,
        "f1-score": 0.830551406118075,
        "support": 18000.0
      },
      "Bot": {
        "precision": 0.49029126213592233,
        "recall": 0.9181818181818182,
        "f1-score": 0.6392405063291139,
        "support": 660.0
      },
      "DDoS": {
        "precision": 0.9535541867820876,
        "recall": 0.9546666666666667,
        "f1-score": 0.9541101024402432,
        "support": 6000.0
      },
      "DoS GoldenEye": {
        "precision": 0.9684418145956607,
        "recall": 0.6412712233347845,
        "f1-score": 0.7716081718177056,
        "support": 2297.0
      },
      "DoS Hulk": {
        "precision": 0.9995202686495562,
        "recall": 0.9621334564765643,
        "f1-score": 0.9804705882352941,
        "support": 4331.0
      },
      "DoS Slowhttptest": {
        "precision": 0.5973367152821814,
        "recall": 0.698295033358043,
        "f1-score": 0.6438824333561176,
        "support": 1349.0
      },
      "DoS slowloris": {
        "precision": 0.7130339539978094,
        "recall": 0.4807976366322009,
        "f1-score": 0.5743273048081164,
        "support": 1354.0
      },
      "FTP-Patator": {
        "precision": 0.946656050955414,
        "recall": 0.9900083263946711,
        "f1-score": 0.9678469678469679,
        "support": 1201.0
      },
      "Heartbleed": {
        "precision": 0.0,
        "recall": 0.0,
        "f1-score": 0.0,
        "support": 0.0
      },
      "Infiltration": {
        "precision": 0.0,
        "recall": 0.0,
        "f1-score": 0.0,
        "support": 11.0
      },
      "PortScan": {
        "precision": 0.9149393520651006,
        "recall": 0.9931666666666666,
        "f1-score": 0.9524494525693279,
        "support": 6000.0
      },
      "SSH-Patator": {
        "precision": 0.8891129032258065,
        "recall": 0.9865771812080537,
        "f1-score": 0.9353128313891834,
        "support": 894.0
      },
      "Web Attack - Brute Force": {
        "precision": 0.34324324324324323,
        "recall": 0.9292682926829269,
        "f1-score": 0.5013157894736842,
        "support": 410.0
      },
      "Web Attack - Sql Injection": {
        "precision": 0.002295684113865932,
        "recall": 1.0,
        "f1-score": 0.004580852038479157,
        "support": 5.0
      },
      "Web Attack - XSS": {
        "precision": 0.0,
        "recall": 0.0,
        "f1-score": 0.0,
        "support": 202.0
      }
    },
    "confusion_matrix": [
      [
        12788,
        552,
        153,
        1,
        1,
        35,
        13,
        67,
        1,
        640,
        342,
        109,
        509,
        2063,
        726
      ],
      [
        0,
        606,
        0,
        0,
        0,
        47,
        0,
        0,
        0,
        2,
        0,
        0,
        0,
        5,
        0
      ],
      [
        0,
        0,
        5728,
        0,
        0,
        0,
        0,
        0,
        0,
        43,
        0,
        0,
        0,
        35,
        194
      ],
      [
        0,
        0,
        98,
        1473,
        0,
        50,
        2,
        0,
        0,
        498,
        30,
        0,
        0,
        39,
        107
      ],
      [
        0,
        0,
        22,
        11,
        4167,
        1,
        1,
        0,
        65,
        12,
        52,
        0,
        0,
        0,
        0
      ],
      [
        0,
        0,
        0,
        36,
        0,
        942,
        243,
        0,
        0,
        122,
        0,
        0,
        0,
        6,
        0
      ],
      [
        0,
        47,
        0,
        0,
        0,
        502,
        651,
        0,
        0,
        19,
        122,
        0,
        4,
        2,
        7
      ],
      [
        0,
        9,
        0,
        0,
        0,
        0,
        0,
        1189,
        0,
        0,
        0,
        0,
        0,
        0,
        3
      ],
      [
        0,
        0,
        0,
        0,
        0,
        0,
        0,
        0,
        0,
        0,
        0,
        0,
        0,
        0,
        0
      ],
      [
        0,
        0,
        0,
        0,
        1,
        0,
        0,
        0,
        1,
        0,
        8,
        1,
        0,
        0,
        0
      ],
      [
        0,
        3,
        6,
        0,
        0,
        0,
        3,
        0,
        0,
        6,
        5959,
        0,
        23,
        0,
        0
      ],
      [
        0,
        8,
        0,
        0,
        0,
        0,
        0,
        0,
        0,
        1,
        0,
        882,
        0,
        3,
        0
      ],
      [
        0,
        8,
        0,
        0,
        0,
        0,
        0,
        0,
        0,
        0,
        0,
        0,
        381,
        20,
        1
      ],
      [
        0,
        0,
        0,
        0,
        0,
        0,
        0,
        0,
        0,
        0,
        0,
        0,
        0,
        5,
        0
      ],
      [
        6,
        3,
        0,
        0,
        0,
        0,
        0,
        0,
        0,
        0,
        0,
        0,
        193,
        0,
        0
      ]
    ],
    "class_order": [
      "BENIGN",
      "Bot",
      "DDoS",
      "DoS GoldenEye",
      "DoS Hulk",
      "DoS Slowhttptest",
      "DoS slowloris",
      "FTP-Patator",
      "Heartbleed",
      "Infiltration",
      "PortScan",
      "SSH-Patator",
      "Web Attack - Brute Force",
      "Web Attack - Sql Injection",
      "Web Attack - XSS"
    ]
  },
  "wall_seconds": 9.1
}