{
  "config": {
    "tool": "nfstream-native",
    "regime": "embedding",
    "model": "rf",
    "task": "binary",
    "split": "temporal",
    "seed": 1,
    "dataset": "cicids2017",
    "n_features": 58,
    "extractor_family": "nfm",
    "cfg_name": "sample"
  },
  "config_hash": "32ea00e3551bdac4",
  "git_commit": null,
  "n_train": 74086,
  "n_test": 68293,
  "metrics": {
    "macro_f1": 0.4871420101024899,
    "weighted_f1": 0.4572938710449901,
    "balanced_accuracy": 0.6197359261057052,
    "per_class": {
      "0": {
        "precision": 0.41606408989231647,
        "recall": 0.99975,
        "f1-score": 0.5875913749403078,
        "support": 24000.0
      },
      "1": {
        "precision": 0.9994352409638554,
        "recall": 0.23972185221141037,
        "f1-score": 0.3866926452646721,
        "support": 44293.0
      }
    },
    "fpr": 0.00025,
    "attack_recall": 0.23972185221141037,
    "attack_precision": 0.9994352409638554,
    "auc_pr": 0.9783488590087076,
    "confusion_matrix": [
      [
        23994,
        6
      ],
      [
        33675,
        10618
      ]
    ],
    "class_order": [
      "0",
      "1"
    ]
  },
  "wall_seconds": 3.1
}