{
  "config": {
    "tool": "nfstream-native",
    "regime": "embedding",
    "model": "logreg",
    "task": "multiclass",
    "split": "stratified",
    "seed": 2,
    "dataset": "cicids2017",
    "n_features": 58,
    "extractor_family": "nfm",
    "cfg_name": "sample"
  },
  "config_hash": "3cdb02a4550bc6d4",
  "git_commit": null,
  "n_train": 99665,
  "n_test": 42714,
  "metrics": {
    "macro_f1": 0.7204758654348243,
    "weighted_f1": 0.9643055223240569,
    "balanced_accuracy": 0.9283221437662171,
    "per_class": {
      "BENIGN": {
        "precision": 0.9993982790781636,
        "recall": 0.9227222222222222,
        "f1-score": 0.9595308934400185,
        "support": 18000.0
      },
      "Bot": {
        "precision": 0.7396184062850729,
        "recall": 0.9984848484848485,
        "f1-score": 0.8497743391360413,
        "support": 660.0
      },
      "DDoS": {
        "precision": 0.998003992015968,
        "recall": 1.0,
        "f1-score": 0.999000999000999,
        "support": 6000.0
      },
      "DoS GoldenEye": {
        "precision": 0.9938298810048479,
        "recall": 0.9817152808010449,
        "f1-score": 0.9877354358300482,
        "support": 2297.0
      },
      "DoS Hulk": {
        "precision": 0.9908151549942594,
        "recall": 0.9963057030708843,
        "f1-score": 0.9935528436564587,
        "support": 4331.0
      },
      "DoS Slowhttptest": {
        "precision": 0.972463768115942,
        "recall": 0.9948109710896961,
        "f1-score": 0.9835104433858556,
        "support": 1349.0
      },
      "DoS slowloris": {
        "precision": 0.9505998588567396,
        "recall": 0.9948301329394387,
        "f1-score": 0.9722121977625406,
        "support": 1354.0
      },
      "FTP-Patator": {
        "precision": 0.9700404858299595,
        "recall": 0.9975020815986678,
        "f1-score": 0.9835796387520526,
        "support": 1201.0
      },
      "Heartbleed": {
        "precision": 0.0,
        "recall": 0.0,
        "f1-score": 0.0,
        "support": 0.0
      },
      "Infiltration": {
        "precision": 0.06993006993006994,
        "recall": 0.9090909090909091,
        "f1-score": 0.12987012987012986,
        "support": 11.0
      },
      "PortScan": {
        "precision": 0.9351359799937481,
        "recall": 0.9971666666666666,
        "f1-score": 0.9651556702693983,
        "support": 6000.0
      },
      "SSH-Patator": {
        "precision": 0.9758771929824561,
        "recall": 0.9955257270693513,
        "f1-score": 0.9856035437430787,
        "support": 894.0
      },
      "Web Attack - Brute Force": {
        "precision": 0.48009950248756217,
        "recall": 0.47073170731707314,
        "f1-score": 0.4753694581280788,
        "support": 410.0
      },
      "Web Attack - Sql Injection": {
        "precision": 0.018796992481203006,
        "recall": 1.0,
        "f1-score": 0.03690036900369004,
        "support": 5.0
      },
      "Web Attack - XSS": {
        "precision": 0.3616504854368932,
        "recall": 0.7376237623762376,
        "f1-score": 0.48534201954397393,
        "support": 202.0
      }
    },
    "confusion_matrix": [
      [
        16609,
        228,
        4,
        7,
        8,
        25,
        55,
        37,
        3,
        130,
        415,
        22,
        157,
        251,
        49
      ],
      [
        0,
        659,
        1,
        0,
        0,
        0,
        0,
        0,
        0,
        0,
        0,
        0,
        0,
        0,
        0
      ],
      [
        0,
        0,
        6000,
        0,
        0,
        0,
        0,
        0,
        0,
        0,
        0,
        0,
        0,
        0,
        0
      ],
      [
        5,
        0,
        0,
        2255,
        31,
        5,
        1,
        0,
        0,
        0,
        0,
        0,
        0,
        0,
        0
      ],
      [
        0,
        0,
        6,
        4,
        4315,
        2,
        2,
        0,
        0,
        2,
        0,
        0,
        0,
        0,
        0
      ],
      [
        1,
        0,
        0,
        0,
        0,
        1342,
        3,
        0,
        0,
        1,
        0,
        0,
        0,
        1,
        1
      ],
      [
        1,
        0,
        0,
        0,
        0,
        6,
        1347,
        0,
        0,
        0,
        0,
        0,
        0,
        0,
        0
      ],
      [
        0,
        0,
        0,
        0,
        0,
        0,
        3,
        1198,
        0,
        0,
        0,
        0,
        0,
        0,
        0
      ],
      [
        0,
        0,
        0,
        0,
        0,
        0,
        0,
        0,
        0,
        0,
        0,
        0,
        0,
        0,
        0
      ],
      [
        1,
        0,
        0,
        0,
        0,
        0,
        0,
        0,
        0,
        10,
        0,
        0,
        0,
        0,
        0
      ],
      [
        0,
        0,
        0,
        3,
        1,
        0,
        6,
        0,
        0,
        0,
        5983,
        0,
        1,
        3,
        3
      ],
      [
        1,
        3,
        0,
        0,
        0,
        0,
        0,
        0,
        0,
        0,
        0,
        890,
        0,
        0,
        0
      ],
      [
        1,
        1,
        1,
        0,
        0,
        0,
        0,
        0,
        0,
        0,
        0,
        0,
        193,
        4,
        210
      ],
      [
        0,
        0,
        0,
        0,
        0,
        0,
        0,
        0,
        0,
        0,
        0,
        0,
        0,
        5,
        0
      ],
      [
        0,
        0,
        0,
        0,
        0,
        0,
        0,
        0,
        0,
        0,
        0,
        0,
        51,
        2,
        149
      ]
    ],
    "class_order": [
      "BENIGN",
      "Bot",
      "DDoS",
      "DoS GoldenEye",
      "DoS Hulk",
      "DoS Slowhttptest",
      "DoS slowloris",
      "FTP-Patator",
      "Heartbleed",
      "Infiltration",
      "PortScan",
      "SSH-Patator",
      "Web Attack - Brute Force",
      "Web Attack - Sql Injection",
      "Web Attack - XSS"
    ]
  },
  "wall_seconds": 18.0
}