{
  "config": {
    "tool": "nfstream-common",
    "regime": "embedding",
    "model": "rf",
    "task": "binary",
    "split": "stratified",
    "seed": 4,
    "dataset": "cicids2017",
    "n_features": 9,
    "extractor_family": "nfm",
    "cfg_name": "sample"
  },
  "config_hash": "6d3a3b1ca27a126d",
  "git_commit": null,
  "n_train": 99665,
  "n_test": 42714,
  "metrics": {
    "macro_f1": 0.9945264521830901,
    "weighted_f1": 0.9946619295133217,
    "balanced_accuracy": 0.9944816703083272,
    "per_class": {
      "0": {
        "precision": 0.9939959973315544,
        "recall": 0.9933333333333333,
        "f1-score": 0.9936645548516172,
        "support": 18000.0
      },
      "1": {
        "precision": 0.9951468090269352,
        "recall": 0.9956300072833212,
        "f1-score": 0.9953883495145631,
        "support": 24714.0
      }
    },
    "fpr": 0.006666666666666667,
    "attack_recall": 0.9956300072833212,
    "attack_precision": 0.9951468090269352,
    "auc_pr": 0.9978173411415675,
    "confusion_matrix": [
      [
        17880,
        120
      ],
      [
        108,
        24606
      ]
    ],
    "class_order": [
      "0",
      "1"
    ]
  },
  "wall_seconds": 3.1
}