{
  "config": {
    "tool": "nfstream-native",
    "regime": "embedding",
    "model": "mlp",
    "task": "multiclass",
    "split": "stratified",
    "seed": 4,
    "dataset": "cicids2017",
    "n_features": 58,
    "extractor_family": "nfm",
    "cfg_name": "sample"
  },
  "config_hash": "d9056224d9ec817d",
  "git_commit": null,
  "n_train": 99665,
  "n_test": 42714,
  "metrics": {
    "macro_f1": 0.7918448865372223,
    "weighted_f1": 0.9901875460215657,
    "balanced_accuracy": 0.8564148778474551,
    "per_class": {
      "BENIGN": {
        "precision": 0.9983299003507209,
        "recall": 0.9962777777777778,
        "f1-score": 0.997302783416289,
        "support": 18000.0
      },
      "Bot": {
        "precision": 0.9733333333333334,
        "recall": 0.9954545454545455,
        "f1-score": 0.9842696629213483,
        "support": 660.0
      },
      "DDoS": {
        "precision": 0.9993336665000833,
        "recall": 0.9998333333333334,
        "f1-score": 0.9995834374739648,
        "support": 6000.0
      },
      "DoS GoldenEye": {
        "precision": 0.999558693733451,
        "recall": 0.9860687853722246,
        "f1-score": 0.9927679158448389,
        "support": 2297.0
      },
      "DoS Hulk": {
        "precision": 0.9913023575188831,
        "recall": 1.0,
        "f1-score": 0.995632183908046,
        "support": 4331.0
      },
      "DoS Slowhttptest": {
        "precision": 0.9918639053254438,
        "recall": 0.994069681245367,
        "f1-score": 0.9929655683080341,
        "support": 1349.0
      },
      "DoS slowloris": {
        "precision": 0.9948148148148148,
        "recall": 0.9918759231905465,
        "f1-score": 0.9933431952662722,
        "support": 1354.0
      },
      "FTP-Patator": {
        "precision": 0.9975083056478405,
        "recall": 1.0,
        "f1-score": 0.9987525987525988,
        "support": 1201.0
      },
      "Heartbleed": {
        "precision": 0.0,
        "recall": 0.0,
        "f1-score": 0.0,
        "support": 0.0
      },
      "Infiltration": {
        "precision": 0.9,
        "recall": 0.8181818181818182,
        "f1-score": 0.8571428571428571,
        "support": 11.0
      },
      "PortScan": {
        "precision": 0.9960086479294861,
        "recall": 0.9981666666666666,
        "f1-score": 0.9970864896362274,
        "support": 6000.0
      },
      "SSH-Patator": {
        "precision": 1.0,
        "recall": 0.9899328859060402,
        "f1-score": 0.9949409780775716,
        "support": 894.0
      },
      "Web Attack - Brute Force": {
        "precision": 0.6633986928104575,
        "recall": 0.9902439024390244,
        "f1-score": 0.7945205479452054,
        "support": 410.0
      },
      "Web Attack - Sql Injection": {
        "precision": 0.25,
        "recall": 0.2,
        "f1-score": 0.2222222222222222,
        "support": 5.0
      },
      "Web Attack - XSS": {
        "precision": 0.75,
        "recall": 0.0297029702970297,
        "f1-score": 0.05714285714285714,
        "support": 202.0
      }
    },
    "confusion_matrix": [
      [
        17933,
        18,
        1,
        0,
        1,
        8,
        1,
        3,
        1,
        23,
        0,
        8,
        3,
        0
      ],
      [
        3,
        657,
        0,
        0,
        0,
        0,
        0,
        0,
        0,
        0,
        0,
        0,
        0,
        0
      ],
      [
        1,
        0,
        5999,
        0,
        0,
        0,
        0,
        0,
        0,
        0,
        0,
        0,
        0,
        0
      ],
      [
        3,
        0,
        2,
        2265,
        24,
        3,
        0,
        0,
        0,
        0,
        0,
        0,
        0,
        0
      ],
      [
        0,
        0,
        0,
        0,
        4331,
        0,
        0,
        0,
        0,
        0,
        0,
        0,
        0,
        0
      ],
      [
        1,
        0,
        0,
        1,
        0,
        1341,
        6,
        0,
        0,
        0,
        0,
        0,
        0,
        0
      ],
      [
        1,
        0,
        0,
        0,
        9,
        0,
        1343,
        0,
        0,
        0,
        0,
        1,
        0,
        0
      ],
      [
        0,
        0,
        0,
        0,
        0,
        0,
        0,
        1201,
        0,
        0,
        0,
        0,
        0,
        0
      ],
      [
        2,
        0,
        0,
        0,
        0,
        0,
        0,
        0,
        9,
        0,
        0,
        0,
        0,
        0
      ],
      [
        6,
        0,
        1,
        0,
        4,
        0,
        0,
        0,
        0,
        5989,
        0,
        0,
        0,
        0
      ],
      [
        8,
        0,
        0,
        0,
        0,
        0,
        0,
        0,
        0,
        1,
        885,
        0,
        0,
        0
      ],
      [
        3,
        0,
        0,
        0,
        0,
        0,
        0,
        0,
        0,
        0,
        0,
        406,
        0,
        1
      ],
      [
        2,
        0,
        0,
        0,
        0,
        0,
        0,
        0,
        0,
        0,
        0,
        1,
        1,
        1
      ],
      [
        0,
        0,
        0,
        0,
        0,
        0,
        0,
        0,
        0,
        0,
        0,
        196,
        0,
        6
      ]
    ],
    "class_order": [
      "BENIGN",
      "Bot",
      "DDoS",
      "DoS GoldenEye",
      "DoS Hulk",
      "DoS Slowhttptest",
      "DoS slowloris",
      "FTP-Patator",
      "Heartbleed",
      "Infiltration",
      "PortScan",
      "SSH-Patator",
      "Web Attack - Brute Force",
      "Web Attack - Sql Injection",
      "Web Attack - XSS"
    ]
  },
  "wall_seconds": 13.2
}