{
  "config": {
    "tool": "nfstream-common",
    "regime": "embedding",
    "model": "rf",
    "task": "binary",
    "split": "stratified",
    "seed": 0,
    "dataset": "cicids2017",
    "n_features": 9,
    "extractor_family": "nfm",
    "cfg_name": "sample"
  },
  "config_hash": "d780c922a00b9e4c",
  "git_commit": null,
  "n_train": 99665,
  "n_test": 42714,
  "metrics": {
    "macro_f1": 0.9947667573595882,
    "weighted_f1": 0.9948961712802816,
    "balanced_accuracy": 0.9947443554260742,
    "per_class": {
      "0": {
        "precision": 0.994109147493609,
        "recall": 0.9937777777777778,
        "f1-score": 0.9939434350169473,
        "support": 18000.0
      },
      "1": {
        "precision": 0.9954692556634305,
        "recall": 0.9957109330743708,
        "f1-score": 0.9955900797022292,
        "support": 24714.0
      }
    },
    "fpr": 0.006222222222222222,
    "attack_recall": 0.9957109330743708,
    "attack_precision": 0.9954692556634305,
    "auc_pr": 0.9987495052243773,
    "confusion_matrix": [
      [
        17888,
        112
      ],
      [
        106,
        24608
      ]
    ],
    "class_order": [
      "0",
      "1"
    ]
  },
  "wall_seconds": 3.3
}