{
  "config": {
    "tool": "nfstream-common",
    "regime": "embedding",
    "model": "rf",
    "task": "multiclass",
    "split": "stratified",
    "seed": 1,
    "dataset": "cicids2017",
    "n_features": 9,
    "extractor_family": "nfm",
    "cfg_name": "sample"
  },
  "config_hash": "1af2c265a1f23e6d",
  "git_commit": null,
  "n_train": 99665,
  "n_test": 42714,
  "metrics": {
    "macro_f1": 0.7869141778079101,
    "weighted_f1": 0.9897109724414427,
    "balanced_accuracy": 0.8374104567993612,
    "per_class": {
      "BENIGN": {
        "precision": 0.9958806501892674,
        "recall": 0.9938888888888889,
        "f1-score": 0.9948837726615505,
        "support": 18000.0
      },
      "Bot": {
        "precision": 0.9805097451274363,
        "recall": 0.990909090909091,
        "f1-score": 0.9856819894498869,
        "support": 660.0
      },
      "DDoS": {
        "precision": 1.0,
        "recall": 1.0,
        "f1-score": 1.0,
        "support": 6000.0
      },
      "DoS GoldenEye": {
        "precision": 0.9922044174967518,
        "recall": 0.9973878972572922,
        "f1-score": 0.9947894051237516,
        "support": 2297.0
      },
      "DoS Hulk": {
        "precision": 0.9990725712960816,
        "recall": 0.9949203417224659,
        "f1-score": 0.9969921332716335,
        "support": 4331.0
      },
      "DoS Slowhttptest": {
        "precision": 0.994060876020787,
        "recall": 0.9925871015567087,
        "f1-score": 0.9933234421364985,
        "support": 1349.0
      },
      "DoS slowloris": {
        "precision": 0.9882697947214076,
        "recall": 0.9955686853766618,
        "f1-score": 0.9919058130978661,
        "support": 1354.0
      },
      "FTP-Patator": {
        "precision": 1.0,
        "recall": 0.9966694421315571,
        "f1-score": 0.9983319432860718,
        "support": 1201.0
      },
      "Heartbleed": {
        "precision": 0.0,
        "recall": 0.0,
        "f1-score": 0.0,
        "support": 0.0
      },
      "Infiltration": {
        "precision": 1.0,
        "recall": 0.7272727272727273,
        "f1-score": 0.8421052631578947,
        "support": 11.0
      },
      "PortScan": {
        "precision": 0.9983349983349983,
        "recall": 0.9993333333333333,
        "f1-score": 0.9988339163751457,
        "support": 6000.0
      },
      "SSH-Patator": {
        "precision": 1.0,
        "recall": 1.0,
        "f1-score": 1.0,
        "support": 894.0
      },
      "Web Attack - Brute Force": {
        "precision": 0.6339066339066339,
        "recall": 0.6292682926829268,
        "f1-score": 0.631578947368421,
        "support": 410.0
      },
      "Web Attack - Sql Injection": {
        "precision": 0.0,
        "recall": 0.0,
        "f1-score": 0.0,
        "support": 5.0
      },
      "Web Attack - XSS": {
        "precision": 0.34893617021276596,
        "recall": 0.40594059405940597,
        "f1-score": 0.37528604118993136,
        "support": 202.0
      }
    },
    "confusion_matrix": [
      [
        17890,
        13,
        0,
        4,
        0,
        5,
        2,
        0,
        0,
        0,
        10,
        0,
        41,
        0,
        35
      ],
      [
        6,
        654,
        0,
        0,
        0,
        0,
        0,
        0,
        0,
        0,
        0,
        0,
        0,
        0,
        0
      ],
      [
        0,
        0,
        6000,
        0,
        0,
        0,
        0,
        0,
        0,
        0,
        0,
        0,
        0,
        0,
        0
      ],
      [
        0,
        0,
        0,
        2291,
        4,
        2,
        0,
        0,
        0,
        0,
        0,
        0,
        0,
        0,
        0
      ],
      [
        0,
        0,
        0,
        14,
        4309,
        0,
        5,
        0,
        3,
        0,
        0,
        0,
        0,
        0,
        0
      ],
      [
        5,
        0,
        0,
        0,
        0,
        1339,
        5,
        0,
        0,
        0,
        0,
        0,
        0,
        0,
        0
      ],
      [
        5,
        0,
        0,
        0,
        0,
        1,
        1348,
        0,
        0,
        0,
        0,
        0,
        0,
        0,
        0
      ],
      [
        4,
        0,
        0,
        0,
        0,
        0,
        0,
        1197,
        0,
        0,
        0,
        0,
        0,
        0,
        0
      ],
      [
        0,
        0,
        0,
        0,
        0,
        0,
        0,
        0,
        0,
        0,
        0,
        0,
        0,
        0,
        0
      ],
      [
        3,
        0,
        0,
        0,
        0,
        0,
        0,
        0,
        0,
        8,
        0,
        0,
        0,
        0,
        0
      ],
      [
        0,
        0,
        0,
        0,
        0,
        0,
        4,
        0,
        0,
        0,
        5996,
        0,
        0,
        0,
        0
      ],
      [
        0,
        0,
        0,
        0,
        0,
        0,
        0,
        0,
        0,
        0,
        0,
        894,
        0,
        0,
        0
      ],
      [
        34,
        0,
        0,
        0,
        0,
        0,
        0,
        0,
        0,
        0,
        0,
        0,
        258,
        0,
        118
      ],
      [
        5,
        0,
        0,
        0,
        0,
        0,
        0,
        0,
        0,
        0,
        0,
        0,
        0,
        0,
        0
      ],
      [
        12,
        0,
        0,
        0,
        0,
        0,
        0,
        0,
        0,
        0,
        0,
        0,
        108,
        0,
        82
      ]
    ],
    "class_order": [
      "BENIGN",
      "Bot",
      "DDoS",
      "DoS GoldenEye",
      "DoS Hulk",
      "DoS Slowhttptest",
      "DoS slowloris",
      "FTP-Patator",
      "Heartbleed",
      "Infiltration",
      "PortScan",
      "SSH-Patator",
      "Web Attack - Brute Force",
      "Web Attack - Sql Injection",
      "Web Attack - XSS"
    ]
  },
  "wall_seconds": 3.5
}