{
  "config": {
    "tool": "nfstream-common",
    "regime": "embedding",
    "model": "rf",
    "task": "binary",
    "split": "temporal",
    "seed": 3,
    "dataset": "cicids2017",
    "n_features": 9,
    "extractor_family": "nfm",
    "cfg_name": "sample"
  },
  "config_hash": "3809207c5bf38bb1",
  "git_commit": null,
  "n_train": 74086,
  "n_test": 68293,
  "metrics": {
    "macro_f1": 0.5251080381347296,
    "weighted_f1": 0.5058379321532238,
    "balanced_accuracy": 0.6301844761023186,
    "per_class": {
      "0": {
        "precision": 0.4270128126223913,
        "recall": 0.954,
        "f1-score": 0.5899586441464074,
        "support": 24000.0
      },
      "1": {
        "precision": 0.9247648902821317,
        "recall": 0.3063689522046373,
        "f1-score": 0.46025743212305187,
        "support": 44293.0
      }
    },
    "fpr": 0.046,
    "attack_recall": 0.3063689522046373,
    "attack_precision": 0.9247648902821317,
    "auc_pr": 0.916481413684042,
    "confusion_matrix": [
      [
        22896,
        1104
      ],
      [
        30723,
        13570
      ]
    ],
    "class_order": [
      "0",
      "1"
    ]
  },
  "wall_seconds": 2.7
}