{
  "config": {
    "tool": "nfstream-native",
    "regime": "embedding",
    "model": "logreg",
    "task": "multiclass",
    "split": "stratified",
    "seed": 1,
    "dataset": "cicids2017",
    "n_features": 58,
    "extractor_family": "nfm",
    "cfg_name": "sample"
  },
  "config_hash": "bc898fb4745a8a85",
  "git_commit": null,
  "n_train": 99665,
  "n_test": 42714,
  "metrics": {
    "macro_f1": 0.7217792285048451,
    "weighted_f1": 0.9718510313112757,
    "balanced_accuracy": 0.9321921619908202,
    "per_class": {
      "BENIGN": {
        "precision": 0.9994093325457767,
        "recall": 0.94,
        "f1-score": 0.9687947323217865,
        "support": 18000.0
      },
      "Bot": {
        "precision": 0.7333333333333333,
        "recall": 1.0,
        "f1-score": 0.8461538461538461,
        "support": 660.0
      },
      "DDoS": {
        "precision": 0.9985019973368842,
        "recall": 0.9998333333333334,
        "f1-score": 0.9991672218520986,
        "support": 6000.0
      },
      "DoS GoldenEye": {
        "precision": 0.9813287016934433,
        "recall": 0.9838920330866348,
        "f1-score": 0.9826086956521739,
        "support": 2297.0
      },
      "DoS Hulk": {
        "precision": 0.9919503219871205,
        "recall": 0.9958439159547449,
        "f1-score": 0.9938933056803779,
        "support": 4331.0
      },
      "DoS Slowhttptest": {
        "precision": 0.9702683103698332,
        "recall": 0.9918458117123795,
        "f1-score": 0.9809384164222874,
        "support": 1349.0
      },
      "DoS slowloris": {
        "precision": 0.9639509733237203,
        "recall": 0.9874446085672083,
        "f1-score": 0.9755563662896753,
        "support": 1354.0
      },
      "FTP-Patator": {
        "precision": 0.9684466019417476,
        "recall": 0.9966694421315571,
        "f1-score": 0.982355354944604,
        "support": 1201.0
      },
      "Heartbleed": {
        "precision": 0.0,
        "recall": 0.0,
        "f1-score": 0.0,
        "support": 0.0
      },
      "Infiltration": {
        "precision": 0.06666666666666667,
        "recall": 0.9090909090909091,
        "f1-score": 0.12422360248447205,
        "support": 11.0
      },
      "PortScan": {
        "precision": 0.9905582242835845,
        "recall": 0.9966666666666667,
        "f1-score": 0.9936030572401762,
        "support": 6000.0
      },
      "SSH-Patator": {
        "precision": 0.9800443458980045,
        "recall": 0.9888143176733781,
        "f1-score": 0.9844097995545658,
        "support": 894.0
      },
      "Web Attack - Brute Force": {
        "precision": 0.4793814432989691,
        "recall": 0.45365853658536587,
        "f1-score": 0.46616541353383456,
        "support": 410.0
      },
      "Web Attack - Sql Injection": {
        "precision": 0.017361111111111112,
        "recall": 1.0,
        "f1-score": 0.034129692832764506,
        "support": 5.0
      },
      "Web Attack - XSS": {
        "precision": 0.35667396061269147,
        "recall": 0.806930693069307,
        "f1-score": 0.4946889226100152,
        "support": 202.0
      }
    },
    "confusion_matrix": [
      [
        16920,
        234,
        1,
        18,
        5,
        31,
        38,
        39,
        1,
        139,
        55,
        17,
        159,
        274,
        69
      ],
      [
        0,
        660,
        0,
        0,
        0,
        0,
        0,
        0,
        0,
        0,
        0,
        0,
        0,
        0,
        0
      ],
      [
        1,
        0,
        5999,
        0,
        0,
        0,
        0,
        0,
        0,
        0,
        0,
        0,
        0,
        0,
        0
      ],
      [
        3,
        0,
        0,
        2260,
        28,
        3,
        3,
        0,
        0,
        0,
        0,
        0,
        0,
        0,
        0
      ],
      [
        0,
        0,
        8,
        9,
        4313,
        1,
        0,
        0,
        0,
        0,
        0,
        0,
        0,
        0,
        0
      ],
      [
        0,
        0,
        0,
        0,
        1,
        1338,
        5,
        0,
        0,
        1,
        0,
        0,
        0,
        4,
        0
      ],
      [
        2,
        0,
        0,
        7,
        0,
        6,
        1337,
        0,
        0,
        0,
        0,
        0,
        2,
        0,
        0
      ],
      [
        0,
        0,
        0,
        0,
        0,
        0,
        4,
        1197,
        0,
        0,
        0,
        0,
        0,
        0,
        0
      ],
      [
        0,
        0,
        0,
        0,
        0,
        0,
        0,
        0,
        0,
        0,
        0,
        0,
        0,
        0,
        0
      ],
      [
        0,
        0,
        0,
        0,
        0,
        0,
        0,
        0,
        0,
        10,
        0,
        1,
        0,
        0,
        0
      ],
      [
        0,
        0,
        0,
        9,
        1,
        0,
        0,
        0,
        0,
        0,
        5980,
        0,
        3,
        4,
        3
      ],
      [
        2,
        6,
        0,
        0,
        0,
        0,
        0,
        0,
        0,
        0,
        2,
        884,
        0,
        0,
        0
      ],
      [
        2,
        0,
        0,
        0,
        0,
        0,
        0,
        0,
        0,
        0,
        0,
        0,
        186,
        0,
        222
      ],
      [
        0,
        0,
        0,
        0,
        0,
        0,
        0,
        0,
        0,
        0,
        0,
        0,
        0,
        5,
        0
      ],
      [
        0,
        0,
        0,
        0,
        0,
        0,
        0,
        0,
        0,
        0,
        0,
        0,
        38,
        1,
        163
      ]
    ],
    "class_order": [
      "BENIGN",
      "Bot",
      "DDoS",
      "DoS GoldenEye",
      "DoS Hulk",
      "DoS Slowhttptest",
      "DoS slowloris",
      "FTP-Patator",
      "Heartbleed",
      "Infiltration",
      "PortScan",
      "SSH-Patator",
      "Web Attack - Brute Force",
      "Web Attack - Sql Injection",
      "Web Attack - XSS"
    ]
  },
  "wall_seconds": 20.4
}