{
  "config": {
    "tool": "nfstream-common",
    "regime": "embedding",
    "model": "xgb",
    "task": "multiclass",
    "split": "stratified",
    "seed": 3,
    "dataset": "cicids2017",
    "n_features": 9,
    "extractor_family": "nfm",
    "cfg_name": "sample"
  },
  "config_hash": "35fcdf53dd0dcccc",
  "git_commit": null,
  "n_train": 99665,
  "n_test": 42714,
  "metrics": {
    "macro_f1": 0.7996082526197739,
    "weighted_f1": 0.9888129279442089,
    "balanced_accuracy": 0.8503390349819754,
    "per_class": {
      "BENIGN": {
        "precision": 0.9975418994413408,
        "recall": 0.992,
        "f1-score": 0.9947632311977715,
        "support": 18000.0
      },
      "Bot": {
        "precision": 0.9748520710059172,
        "recall": 0.9984848484848485,
        "f1-score": 0.9865269461077845,
        "support": 660.0
      },
      "DDoS": {
        "precision": 0.9996667777407531,
        "recall": 1.0,
        "f1-score": 0.9998333611064822,
        "support": 6000.0
      },
      "DoS GoldenEye": {
        "precision": 0.9938944614042738,
        "recall": 0.9921636917718764,
        "f1-score": 0.9930283224400871,
        "support": 2297.0
      },
      "DoS Hulk": {
        "precision": 0.995852534562212,
        "recall": 0.9979219579773724,
        "f1-score": 0.9968861722984661,
        "support": 4331.0
      },
      "DoS Slowhttptest": {
        "precision": 0.9926144756277696,
        "recall": 0.9962935507783544,
        "f1-score": 0.9944506104328524,
        "support": 1349.0
      },
      "DoS slowloris": {
        "precision": 0.9897285399853265,
        "recall": 0.9963072378138847,
        "f1-score": 0.993006993006993,
        "support": 1354.0
      },
      "FTP-Patator": {
        "precision": 1.0,
        "recall": 0.9991673605328892,
        "f1-score": 0.9995835068721366,
        "support": 1201.0
      },
      "Heartbleed": {
        "precision": 0.0,
        "recall": 0.0,
        "f1-score": 0.0,
        "support": 0.0
      },
      "Infiltration": {
        "precision": 1.0,
        "recall": 0.36363636363636365,
        "f1-score": 0.5333333333333333,
        "support": 11.0
      },
      "PortScan": {
        "precision": 0.9985002499583403,
        "recall": 0.9986666666666667,
        "f1-score": 0.9985834513790518,
        "support": 6000.0
      },
      "SSH-Patator": {
        "precision": 0.9988789237668162,
        "recall": 0.9966442953020134,
        "f1-score": 0.9977603583426652,
        "support": 894.0
      },
      "Web Attack - Brute Force": {
        "precision": 0.5758468335787923,
        "recall": 0.9536585365853658,
        "f1-score": 0.7180899908172635,
        "support": 410.0
      },
      "Web Attack - Sql Injection": {
        "precision": 1.0,
        "recall": 0.6,
        "f1-score": 0.75,
        "support": 5.0
      },
      "Web Attack - XSS": {
        "precision": 0.5714285714285714,
        "recall": 0.019801980198019802,
        "f1-score": 0.03827751196172249,
        "support": 202.0
      }
    },
    "confusion_matrix": [
      [
        17856,
        17,
        2,
        7,
        5,
        2,
        2,
        0,
        0,
        9,
        1,
        96,
        0,
        3
      ],
      [
        1,
        659,
        0,
        0,
        0,
        0,
        0,
        0,
        0,
        0,
        0,
        0,
        0,
        0
      ],
      [
        0,
        0,
        6000,
        0,
        0,
        0,
        0,
        0,
        0,
        0,
        0,
        0,
        0,
        0
      ],
      [
        1,
        0,
        0,
        2279,
        13,
        4,
        0,
        0,
        0,
        0,
        0,
        0,
        0,
        0
      ],
      [
        0,
        0,
        0,
        5,
        4322,
        0,
        4,
        0,
        0,
        0,
        0,
        0,
        0,
        0
      ],
      [
        1,
        0,
        0,
        0,
        0,
        1344,
        3,
        0,
        0,
        0,
        0,
        1,
        0,
        0
      ],
      [
        1,
        0,
        0,
        0,
        0,
        4,
        1349,
        0,
        0,
        0,
        0,
        0,
        0,
        0
      ],
      [
        1,
        0,
        0,
        0,
        0,
        0,
        0,
        1200,
        0,
        0,
        0,
        0,
        0,
        0
      ],
      [
        7,
        0,
        0,
        0,
        0,
        0,
        0,
        0,
        4,
        0,
        0,
        0,
        0,
        0
      ],
      [
        1,
        0,
        0,
        2,
        0,
        0,
        5,
        0,
        0,
        5992,
        0,
        0,
        0,
        0
      ],
      [
        3,
        0,
        0,
        0,
        0,
        0,
        0,
        0,
        0,
        0,
        891,
        0,
        0,
        0
      ],
      [
        19,
        0,
        0,
        0,
        0,
        0,
        0,
        0,
        0,
        0,
        0,
        391,
        0,
        0
      ],
      [
        1,
        0,
        0,
        0,
        0,
        0,
        0,
        0,
        0,
        0,
        0,
        1,
        3,
        0
      ],
      [
        8,
        0,
        0,
        0,
        0,
        0,
        0,
        0,
        0,
        0,
        0,
        190,
        0,
        4
      ]
    ],
    "class_order": [
      "BENIGN",
      "Bot",
      "DDoS",
      "DoS GoldenEye",
      "DoS Hulk",
      "DoS Slowhttptest",
      "DoS slowloris",
      "FTP-Patator",
      "Heartbleed",
      "Infiltration",
      "PortScan",
      "SSH-Patator",
      "Web Attack - Brute Force",
      "Web Attack - Sql Injection",
      "Web Attack - XSS"
    ]
  },
  "wall_seconds": 13.2
}