{
  "config": {
    "tool": "nfstream-common",
    "regime": "embedding",
    "model": "rf",
    "task": "binary",
    "split": "stratified",
    "seed": 1,
    "dataset": "cicids2017",
    "n_features": 9,
    "extractor_family": "nfm",
    "cfg_name": "sample"
  },
  "config_hash": "04215d2ad1acfdf2",
  "git_commit": null,
  "n_train": 99665,
  "n_test": 42714,
  "metrics": {
    "macro_f1": 0.994599165833235,
    "weighted_f1": 0.9947325055365802,
    "balanced_accuracy": 0.9946178279517682,
    "per_class": {
      "0": {
        "precision": 0.9936128853096362,
        "recall": 0.9938888888888889,
        "f1-score": 0.993750867935009,
        "support": 18000.0
      },
      "1": {
        "precision": 0.9955481808248007,
        "recall": 0.9953467670146475,
        "f1-score": 0.9954474637314611,
        "support": 24714.0
      }
    },
    "fpr": 0.006111111111111111,
    "attack_recall": 0.9953467670146475,
    "attack_precision": 0.9955481808248007,
    "auc_pr": 0.9979539786458711,
    "confusion_matrix": [
      [
        17890,
        110
      ],
      [
        115,
        24599
      ]
    ],
    "class_order": [
      "0",
      "1"
    ]
  },
  "wall_seconds": 3.3
}