{
  "config": {
    "tool": "raw-cnn",
    "regime": "embedding",
    "model": "mlp",
    "task": "multiclass",
    "split": "stratified",
    "seed": 2,
    "dataset": "cicids2017",
    "n_features": 128,
    "extractor_family": "nfm",
    "cfg_name": "sample"
  },
  "config_hash": "21bf847efdce9b57",
  "git_commit": null,
  "n_train": 99665,
  "n_test": 42714,
  "metrics": {
    "macro_f1": 0.7470587351008787,
    "weighted_f1": 0.9845471054970263,
    "balanced_accuracy": 0.802338376174651,
    "per_class": {
      "BENIGN": {
        "precision": 0.9932248570000556,
        "recall": 0.9936111111111111,
        "f1-score": 0.9934179465104007,
        "support": 18000.0
      },
      "Bot": {
        "precision": 0.9750778816199377,
        "recall": 0.9484848484848485,
        "f1-score": 0.9615975422427036,
        "support": 660.0
      },
      "DDoS": {
        "precision": 0.9986666666666667,
        "recall": 0.9986666666666667,
        "f1-score": 0.9986666666666667,
        "support": 6000.0
      },
      "DoS GoldenEye": {
        "precision": 0.9717514124293786,
        "recall": 0.9734436221158033,
        "f1-score": 0.9725967812092214,
        "support": 2297.0
      },
      "DoS Hulk": {
        "precision": 0.9903559127439725,
        "recall": 0.9958439159547449,
        "f1-score": 0.9930923324890628,
        "support": 4331.0
      },
      "DoS Slowhttptest": {
        "precision": 0.9865269461077845,
        "recall": 0.9770200148257969,
        "f1-score": 0.9817504655493482,
        "support": 1349.0
      },
      "DoS slowloris": {
        "precision": 0.962882096069869,
        "recall": 0.9771048744460856,
        "f1-score": 0.9699413489736071,
        "support": 1354.0
      },
      "FTP-Patator": {
        "precision": 0.996661101836394,
        "recall": 0.9941715237302248,
        "f1-score": 0.9954147561483951,
        "support": 1201.0
      },
      "Heartbleed": {
        "precision": 0.0,
        "recall": 0.0,
        "f1-score": 0.0,
        "support": 0.0
      },
      "Infiltration": {
        "precision": 0.7142857142857143,
        "recall": 0.45454545454545453,
        "f1-score": 0.5555555555555556,
        "support": 11.0
      },
      "PortScan": {
        "precision": 0.9941715237302248,
        "recall": 0.995,
        "f1-score": 0.994585589337776,
        "support": 6000.0
      },
      "SSH-Patator": {
        "precision": 0.996606334841629,
        "recall": 0.9854586129753915,
        "f1-score": 0.9910011248593926,
        "support": 894.0
      },
      "Web Attack - Brute Force": {
        "precision": 0.6399317406143344,
        "recall": 0.9146341463414634,
        "f1-score": 0.7530120481927711,
        "support": 410.0
      },
      "Web Attack - Sql Injection": {
        "precision": 0.0,
        "recall": 0.0,
        "f1-score": 0.0,
        "support": 5.0
      },
      "Web Attack - XSS": {
        "precision": 0.2631578947368421,
        "recall": 0.024752475247524754,
        "f1-score": 0.04524886877828054,
        "support": 202.0
      }
    },
    "confusion_matrix": [
      [
        17885,
        16,
        1,
        20,
        11,
        4,
        15,
        2,
        2,
        25,
        2,
        12,
        0,
        5
      ],
      [
        33,
        626,
        0,
        1,
        0,
        0,
        0,
        0,
        0,
        0,
        0,
        0,
        0,
        0
      ],
      [
        3,
        0,
        5992,
        3,
        1,
        0,
        1,
        0,
        0,
        0,
        0,
        0,
        0,
        0
      ],
      [
        17,
        0,
        3,
        2236,
        24,
        8,
        5,
        2,
        0,
        2,
        0,
        0,
        0,
        0
      ],
      [
        6,
        0,
        3,
        7,
        4313,
        0,
        1,
        0,
        0,
        1,
        0,
        0,
        0,
        0
      ],
      [
        8,
        0,
        0,
        2,
        0,
        1318,
        21,
        0,
        0,
        0,
        0,
        0,
        0,
        0
      ],
      [
        7,
        0,
        1,
        4,
        6,
        4,
        1323,
        0,
        0,
        4,
        0,
        5,
        0,
        0
      ],
      [
        6,
        0,
        0,
        1,
        0,
        0,
        0,
        1194,
        0,
        0,
        0,
        0,
        0,
        0
      ],
      [
        4,
        0,
        0,
        0,
        0,
        0,
        0,
        0,
        5,
        2,
        0,
        0,
        0,
        0
      ],
      [
        22,
        0,
        0,
        0,
        0,
        0,
        8,
        0,
        0,
        5970,
        0,
        0,
        0,
        0
      ],
      [
        12,
        0,
        0,
        0,
        0,
        1,
        0,
        0,
        0,
        0,
        881,
        0,
        0,
        0
      ],
      [
        3,
        0,
        0,
        21,
        0,
        1,
        0,
        0,
        0,
        0,
        1,
        375,
        0,
        9
      ],
      [
        0,
        0,
        0,
        4,
        0,
        0,
        0,
        0,
        0,
        1,
        0,
        0,
        0,
        0
      ],
      [
        1,
        0,
        0,
        2,
        0,
        0,
        0,
        0,
        0,
        0,
        0,
        194,
        0,
        5
      ]
    ],
    "class_order": [
      "BENIGN",
      "Bot",
      "DDoS",
      "DoS GoldenEye",
      "DoS Hulk",
      "DoS Slowhttptest",
      "DoS slowloris",
      "FTP-Patator",
      "Heartbleed",
      "Infiltration",
      "PortScan",
      "SSH-Patator",
      "Web Attack - Brute Force",
      "Web Attack - Sql Injection",
      "Web Attack - XSS"
    ]
  },
  "wall_seconds": 23.6
}