{
  "config": {
    "tool": "raw-cnn",
    "regime": "embedding",
    "model": "mlp",
    "task": "binary",
    "split": "temporal",
    "seed": 4,
    "dataset": "cicids2017",
    "n_features": 128,
    "extractor_family": "nfm",
    "cfg_name": "sample"
  },
  "config_hash": "9e176d0113a7d28e",
  "git_commit": null,
  "n_train": 74086,
  "n_test": 68293,
  "metrics": {
    "macro_f1": 0.6559183222449483,
    "weighted_f1": 0.6555126038380937,
    "balanced_accuracy": 0.7207413177590138,
    "per_class": {
      "0": {
        "precision": 0.5056323489812404,
        "recall": 0.938875,
        "f1-score": 0.6572837057347879,
        "support": 24000.0
      },
      "1": {
        "precision": 0.9381769143242445,
        "recall": 0.5026076355180277,
        "f1-score": 0.6545529387551087,
        "support": 44293.0
      }
    },
    "fpr": 0.061125,
    "attack_recall": 0.5026076355180277,
    "attack_precision": 0.9381769143242445,
    "auc_pr": 0.9424215031362934,
    "confusion_matrix": [
      [
        22533,
        1467
      ],
      [
        22031,
        22262
      ]
    ],
    "class_order": [
      "0",
      "1"
    ]
  },
  "wall_seconds": 7.3
}