{
  "config": {
    "tool": "raw-cnn",
    "regime": "embedding",
    "model": "xgb",
    "task": "binary",
    "split": "stratified",
    "seed": 3,
    "dataset": "cicids2017",
    "n_features": 128,
    "extractor_family": "nfm",
    "cfg_name": "sample"
  },
  "config_hash": "1e71275369285ccc",
  "git_commit": null,
  "n_train": 99665,
  "n_test": 42714,
  "metrics": {
    "macro_f1": 0.9939474390335524,
    "weighted_f1": 0.9940986286121768,
    "balanced_accuracy": 0.9936716233713685,
    "per_class": {
      "0": {
        "precision": 0.995035144482874,
        "recall": 0.9909444444444444,
        "f1-score": 0.9929855814730278,
        "support": 18000.0
      },
      "1": {
        "precision": 0.9934242375342908,
        "recall": 0.9963988022982925,
        "f1-score": 0.994909296594077,
        "support": 24714.0
      }
    },
    "fpr": 0.009055555555555556,
    "attack_recall": 0.9963988022982925,
    "attack_precision": 0.9934242375342908,
    "auc_pr": 0.9998274535096696,
    "confusion_matrix": [
      [
        17837,
        163
      ],
      [
        89,
        24625
      ]
    ],
    "class_order": [
      "0",
      "1"
    ]
  },
  "wall_seconds": 6.1
}