{
  "config": {
    "tool": "raw-cnn",
    "regime": "embedding",
    "model": "rf",
    "task": "binary",
    "split": "stratified",
    "seed": 4,
    "dataset": "cicids2017",
    "n_features": 128,
    "extractor_family": "nfm",
    "cfg_name": "sample"
  },
  "config_hash": "8811158fa53e21b0",
  "git_commit": null,
  "n_train": 99665,
  "n_test": 42714,
  "metrics": {
    "macro_f1": 0.9886268931175873,
    "weighted_f1": 0.9889169718371296,
    "balanced_accuracy": 0.9878270413530792,
    "per_class": {
      "0": {
        "precision": 0.9928021143789012,
        "recall": 0.9808333333333333,
        "f1-score": 0.9867814325238241,
        "support": 18000.0
      },
      "1": {
        "precision": 0.9861618065861778,
        "recall": 0.9948207493728252,
        "f1-score": 0.9904723537113506,
        "support": 24714.0
      }
    },
    "fpr": 0.019166666666666665,
    "attack_recall": 0.9948207493728252,
    "attack_precision": 0.9861618065861778,
    "auc_pr": 0.9995281881947381,
    "confusion_matrix": [
      [
        17655,
        345
      ],
      [
        128,
        24586
      ]
    ],
    "class_order": [
      "0",
      "1"
    ]
  },
  "wall_seconds": 10.6
}