{
  "config": {
    "tool": "raw-cnn",
    "regime": "embedding",
    "model": "mlp",
    "task": "binary",
    "split": "temporal",
    "seed": 3,
    "dataset": "cicids2017",
    "n_features": 128,
    "extractor_family": "nfm",
    "cfg_name": "sample"
  },
  "config_hash": "51e011009a0db59d",
  "git_commit": null,
  "n_train": 74086,
  "n_test": 68293,
  "metrics": {
    "macro_f1": 0.5928971159330287,
    "weighted_f1": 0.5833195660619547,
    "balanced_accuracy": 0.6789210240143289,
    "per_class": {
      "0": {
        "precision": 0.4635010060362173,
        "recall": 0.9598333333333333,
        "f1-score": 0.6251289009497965,
        "support": 24000.0
      },
      "1": {
        "precision": 0.9481525305222396,
        "recall": 0.39800871469532434,
        "f1-score": 0.5606653309162611,
        "support": 44293.0
      }
    },
    "fpr": 0.04016666666666667,
    "attack_recall": 0.39800871469532434,
    "attack_precision": 0.9481525305222396,
    "auc_pr": 0.9440509362657525,
    "confusion_matrix": [
      [
        23036,
        964
      ],
      [
        26664,
        17629
      ]
    ],
    "class_order": [
      "0",
      "1"
    ]
  },
  "wall_seconds": 16.8
}