{
  "config": {
    "tool": "raw-cnn",
    "regime": "embedding",
    "model": "mlp",
    "task": "binary",
    "split": "stratified",
    "seed": 4,
    "dataset": "cicids2017",
    "n_features": 128,
    "extractor_family": "nfm",
    "cfg_name": "sample"
  },
  "config_hash": "32a87111b739b561",
  "git_commit": null,
  "n_train": 99665,
  "n_test": 42714,
  "metrics": {
    "macro_f1": 0.9944297504047417,
    "weighted_f1": 0.9945679491990753,
    "balanced_accuracy": 0.9943252812171239,
    "per_class": {
      "0": {
        "precision": 0.9943245047852215,
        "recall": 0.9927777777777778,
        "f1-score": 0.9935505393083509,
        "support": 18000.0
      },
      "1": {
        "precision": 0.9947457764125778,
        "recall": 0.99587278465647,
        "f1-score": 0.9953089615011323,
        "support": 24714.0
      }
    },
    "fpr": 0.007222222222222222,
    "attack_recall": 0.99587278465647,
    "attack_precision": 0.9947457764125778,
    "auc_pr": 0.9995407823525126,
    "confusion_matrix": [
      [
        17870,
        130
      ],
      [
        102,
        24612
      ]
    ],
    "class_order": [
      "0",
      "1"
    ]
  },
  "wall_seconds": 22.7
}