{
  "config": {
    "tool": "raw-cnn",
    "regime": "embedding",
    "model": "rf",
    "task": "binary",
    "split": "stratified",
    "seed": 3,
    "dataset": "cicids2017",
    "n_features": 128,
    "extractor_family": "nfm",
    "cfg_name": "sample"
  },
  "config_hash": "d2ca53415e8cd32a",
  "git_commit": null,
  "n_train": 99665,
  "n_test": 42714,
  "metrics": {
    "macro_f1": 0.9894038774940652,
    "weighted_f1": 0.9896705513402487,
    "balanced_accuracy": 0.9889423201424294,
    "per_class": {
      "0": {
        "precision": 0.9911608391608392,
        "recall": 0.9842777777777778,
        "f1-score": 0.9877073170731707,
        "support": 18000.0
      },
      "1": {
        "precision": 0.9886066266757921,
        "recall": 0.993606862507081,
        "f1-score": 0.9911004379149597,
        "support": 24714.0
      }
    },
    "fpr": 0.01572222222222222,
    "attack_recall": 0.993606862507081,
    "attack_precision": 0.9886066266757921,
    "auc_pr": 0.9995435820869991,
    "confusion_matrix": [
      [
        17717,
        283
      ],
      [
        158,
        24556
      ]
    ],
    "class_order": [
      "0",
      "1"
    ]
  },
  "wall_seconds": 10.4
}