{
  "config": {
    "tool": "raw-cnn",
    "regime": "embedding",
    "model": "rf",
    "task": "binary",
    "split": "temporal",
    "seed": 0,
    "dataset": "cicids2017",
    "n_features": 128,
    "extractor_family": "nfm",
    "cfg_name": "sample"
  },
  "config_hash": "0ad58c5b62a29034",
  "git_commit": null,
  "n_train": 74086,
  "n_test": 68293,
  "metrics": {
    "macro_f1": 0.5089980810086755,
    "weighted_f1": 0.48517538665805154,
    "balanced_accuracy": 0.6258687786444811,
    "per_class": {
      "0": {
        "precision": 0.42210157997258496,
        "recall": 0.975125,
        "f1-score": 0.589169729620865,
        "support": 24000.0
      },
      "1": {
        "precision": 0.9535372402521597,
        "recall": 0.2766125572889621,
        "f1-score": 0.42882643239648593,
        "support": 44293.0
      }
    },
    "fpr": 0.024875,
    "attack_recall": 0.2766125572889621,
    "attack_precision": 0.9535372402521597,
    "auc_pr": 0.9352413561914874,
    "confusion_matrix": [
      [
        23403,
        597
      ],
      [
        32041,
        12252
      ]
    ],
    "class_order": [
      "0",
      "1"
    ]
  },
  "wall_seconds": 7.4
}