{
  "config": {
    "tool": "yatc",
    "regime": "embedding",
    "model": "xgb",
    "task": "binary",
    "split": "temporal",
    "seed": 2,
    "dataset": "cicids2017",
    "n_features": 192,
    "extractor_family": "nfm",
    "cfg_name": "sample"
  },
  "config_hash": "fa7909995536503a",
  "git_commit": null,
  "n_train": 74086,
  "n_test": 68293,
  "metrics": {
    "macro_f1": 0.5856660459329497,
    "weighted_f1": 0.5722677335575961,
    "balanced_accuracy": 0.6832369232534863,
    "per_class": {
      "0": {
        "precision": 0.46171097148380863,
        "recall": 0.9950833333333333,
        "f1-score": 0.630756025090789,
        "support": 24000.0
      },
      "1": {
        "precision": 0.9928778367938194,
        "recall": 0.3713905131736392,
        "f1-score": 0.5405760667751105,
        "support": 44293.0
      }
    },
    "fpr": 0.004916666666666666,
    "attack_recall": 0.3713905131736392,
    "attack_precision": 0.9928778367938194,
    "auc_pr": 0.9780541188007084,
    "confusion_matrix": [
      [
        23882,
        118
      ],
      [
        27843,
        16450
      ]
    ],
    "class_order": [
      "0",
      "1"
    ]
  },
  "wall_seconds": 8.7
}