{
  "config": {
    "tool": "yatc",
    "regime": "embedding",
    "model": "xgb",
    "task": "binary",
    "split": "stratified",
    "seed": 3,
    "dataset": "cicids2017",
    "n_features": 192,
    "extractor_family": "nfm",
    "cfg_name": "sample"
  },
  "config_hash": "e18082f836599ac5",
  "git_commit": null,
  "n_train": 99665,
  "n_test": 42714,
  "metrics": {
    "macro_f1": 0.9979345695418771,
    "weighted_f1": 0.9979861020311165,
    "balanced_accuracy": 0.9976865744112648,
    "per_class": {
      "0": {
        "precision": 0.999442399910784,
        "recall": 0.9957777777777778,
        "f1-score": 0.9976067234374131,
        "support": 18000.0
      },
      "1": {
        "precision": 0.9969330104923325,
        "recall": 0.9995953710447519,
        "f1-score": 0.998262415646341,
        "support": 24714.0
      }
    },
    "fpr": 0.004222222222222222,
    "attack_recall": 0.9995953710447519,
    "attack_precision": 0.9969330104923325,
    "auc_pr": 0.9999564202757203,
    "confusion_matrix": [
      [
        17924,
        76
      ],
      [
        10,
        24704
      ]
    ],
    "class_order": [
      "0",
      "1"
    ]
  },
  "wall_seconds": 11.7
}