{
  "config": {
    "tool": "yatc",
    "regime": "embedding",
    "model": "mlp",
    "task": "binary",
    "split": "stratified",
    "seed": 4,
    "dataset": "cicids2017",
    "n_features": 192,
    "extractor_family": "nfm",
    "cfg_name": "sample"
  },
  "config_hash": "19d59af7328bea68",
  "git_commit": null,
  "n_train": 99665,
  "n_test": 42714,
  "metrics": {
    "macro_f1": 0.9990878109453267,
    "weighted_f1": 0.9991103552266167,
    "balanced_accuracy": 0.9990802783847212,
    "per_class": {
      "0": {
        "precision": 0.9989998888765418,
        "recall": 0.9988888888888889,
        "f1-score": 0.9989443857992111,
        "support": 18000.0
      },
      "1": {
        "precision": 0.9991908075740411,
        "recall": 0.9992716678805535,
        "f1-score": 0.9992312360914425,
        "support": 24714.0
      }
    },
    "fpr": 0.0011111111111111111,
    "attack_recall": 0.9992716678805535,
    "attack_precision": 0.9991908075740411,
    "auc_pr": 0.9999598587910961,
    "confusion_matrix": [
      [
        17980,
        20
      ],
      [
        18,
        24696
      ]
    ],
    "class_order": [
      "0",
      "1"
    ]
  },
  "wall_seconds": 31.5
}