{
  "config": {
    "tool": "yatc",
    "regime": "embedding",
    "model": "mlp",
    "task": "binary",
    "split": "stratified",
    "seed": 1,
    "dataset": "cicids2017",
    "n_features": 192,
    "extractor_family": "nfm",
    "cfg_name": "sample"
  },
  "config_hash": "723ffaa945fa5c9a",
  "git_commit": null,
  "n_train": 99665,
  "n_test": 42714,
  "metrics": {
    "macro_f1": 0.9993758706468026,
    "weighted_f1": 0.9993912956813694,
    "balanced_accuracy": 0.9993683337379623,
    "per_class": {
      "0": {
        "precision": 0.9993332592510279,
        "recall": 0.9992222222222222,
        "f1-score": 0.9992777376520918,
        "support": 18000.0
      },
      "1": {
        "precision": 0.9994335653018288,
        "recall": 0.9995144452537024,
        "f1-score": 0.9994740036415133,
        "support": 24714.0
      }
    },
    "fpr": 0.0007777777777777777,
    "attack_recall": 0.9995144452537024,
    "attack_precision": 0.9994335653018288,
    "auc_pr": 0.9999651252153023,
    "confusion_matrix": [
      [
        17986,
        14
      ],
      [
        12,
        24702
      ]
    ],
    "class_order": [
      "0",
      "1"
    ]
  },
  "wall_seconds": 28.3
}