{
  "config": {
    "tool": "yatc",
    "regime": "embedding",
    "model": "logreg",
    "task": "multiclass",
    "split": "stratified",
    "seed": 0,
    "dataset": "cicids2017",
    "n_features": 192,
    "extractor_family": "nfm",
    "cfg_name": "sample"
  },
  "config_hash": "ddf26ef03a7f401f",
  "git_commit": null,
  "n_train": 99665,
  "n_test": 42714,
  "metrics": {
    "macro_f1": 0.8300082062570948,
    "weighted_f1": 0.9902195711336425,
    "balanced_accuracy": 0.9485809371638458,
    "per_class": {
      "BENIGN": {
        "precision": 0.9994950345059754,
        "recall": 0.9896666666666667,
        "f1-score": 0.9945565698015242,
        "support": 18000.0
      },
      "Bot": {
        "precision": 0.9836065573770492,
        "recall": 1.0,
        "f1-score": 0.9917355371900827,
        "support": 660.0
      },
      "DDoS": {
        "precision": 0.9970089730807578,
        "recall": 1.0,
        "f1-score": 0.9985022466300549,
        "support": 6000.0
      },
      "DoS GoldenEye": {
        "precision": 0.9745948313622427,
        "recall": 0.9686547670875054,
        "f1-score": 0.9716157205240175,
        "support": 2297.0
      },
      "DoS Hulk": {
        "precision": 0.9907493061979649,
        "recall": 0.9891480027707227,
        "f1-score": 0.989948006932409,
        "support": 4331.0
      },
      "DoS Slowhttptest": {
        "precision": 0.9751461988304093,
        "recall": 0.9888806523350631,
        "f1-score": 0.9819654030180346,
        "support": 1349.0
      },
      "DoS slowloris": {
        "precision": 0.9823659074210139,
        "recall": 0.9874446085672083,
        "f1-score": 0.9848987108655617,
        "support": 1354.0
      },
      "FTP-Patator": {
        "precision": 1.0,
        "recall": 1.0,
        "f1-score": 1.0,
        "support": 1201.0
      },
      "Heartbleed": {
        "precision": 0.0,
        "recall": 0.0,
        "f1-score": 0.0,
        "support": 0.0
      },
      "Infiltration": {
        "precision": 0.2,
        "recall": 0.8181818181818182,
        "f1-score": 0.32142857142857145,
        "support": 11.0
      },
      "PortScan": {
        "precision": 0.9897367985432876,
        "recall": 0.9965,
        "f1-score": 0.9931068848102317,
        "support": 6000.0
      },
      "SSH-Patator": {
        "precision": 0.9955456570155902,
        "recall": 1.0,
        "f1-score": 0.9977678571428571,
        "support": 894.0
      },
      "Web Attack - Brute Force": {
        "precision": 0.830316742081448,
        "recall": 0.8951219512195122,
        "f1-score": 0.8615023474178404,
        "support": 410.0
      },
      "Web Attack - Sql Injection": {
        "precision": 0.4444444444444444,
        "recall": 0.8,
        "f1-score": 0.5714285714285714,
        "support": 5.0
      },
      "Web Attack - XSS": {
        "precision": 0.7434782608695653,
        "recall": 0.8465346534653465,
        "f1-score": 0.7916666666666666,
        "support": 202.0
      }
    },
    "confusion_matrix": [
      [
        17814,
        9,
        17,
        17,
        2,
        2,
        9,
        0,
        33,
        54,
        1,
        25,
        4,
        13
      ],
      [
        0,
        660,
        0,
        0,
        0,
        0,
        0,
        0,
        0,
        0,
        0,
        0,
        0,
        0
      ],
      [
        0,
        0,
        6000,
        0,
        0,
        0,
        0,
        0,
        0,
        0,
        0,
        0,
        0,
        0
      ],
      [
        3,
        1,
        0,
        2225,
        37,
        12,
        4,
        0,
        0,
        5,
        1,
        6,
        0,
        3
      ],
      [
        0,
        0,
        0,
        34,
        4284,
        4,
        2,
        0,
        0,
        3,
        0,
        4,
        0,
        0
      ],
      [
        1,
        0,
        0,
        5,
        0,
        1334,
        8,
        0,
        0,
        0,
        0,
        1,
        0,
        0
      ],
      [
        0,
        0,
        0,
        0,
        0,
        16,
        1337,
        0,
        0,
        0,
        0,
        0,
        0,
        1
      ],
      [
        0,
        0,
        0,
        0,
        0,
        0,
        0,
        1201,
        0,
        0,
        0,
        0,
        0,
        0
      ],
      [
        1,
        1,
        0,
        0,
        0,
        0,
        0,
        0,
        9,
        0,
        0,
        0,
        0,
        0
      ],
      [
        3,
        0,
        1,
        2,
        1,
        0,
        1,
        0,
        3,
        5979,
        2,
        8,
        0,
        0
      ],
      [
        0,
        0,
        0,
        0,
        0,
        0,
        0,
        0,
        0,
        0,
        894,
        0,
        0,
        0
      ],
      [
        0,
        0,
        0,
        0,
        0,
        0,
        0,
        0,
        0,
        0,
        0,
        367,
        1,
        42
      ],
      [
        0,
        0,
        0,
        0,
        0,
        0,
        0,
        0,
        0,
        0,
        0,
        1,
        4,
        0
      ],
      [
        1,
        0,
        0,
        0,
        0,
        0,
        0,
        0,
        0,
        0,
        0,
        30,
        0,
        171
      ]
    ],
    "class_order": [
      "BENIGN",
      "Bot",
      "DDoS",
      "DoS GoldenEye",
      "DoS Hulk",
      "DoS Slowhttptest",
      "DoS slowloris",
      "FTP-Patator",
      "Heartbleed",
      "Infiltration",
      "PortScan",
      "SSH-Patator",
      "Web Attack - Brute Force",
      "Web Attack - Sql Injection",
      "Web Attack - XSS"
    ]
  },
  "wall_seconds": 28.0
}