{
  "config": {
    "tool": "yatc",
    "regime": "embedding",
    "model": "mlp",
    "task": "binary",
    "split": "temporal",
    "seed": 1,
    "dataset": "cicids2017",
    "n_features": 192,
    "extractor_family": "nfm",
    "cfg_name": "sample"
  },
  "config_hash": "0aebb87a490c4373",
  "git_commit": null,
  "n_train": 74086,
  "n_test": 68293,
  "metrics": {
    "macro_f1": 0.35736476696391384,
    "weighted_f1": 0.30185586041895873,
    "balanced_accuracy": 0.5462784840907894,
    "per_class": {
      "0": {
        "precision": 0.37388728661626003,
        "recall": 0.9992916666666667,
        "f1-score": 0.5441715355380339,
        "support": 24000.0
      },
      "1": {
        "precision": 0.9959016393442623,
        "recall": 0.09326530151491207,
        "f1-score": 0.17055799838979377,
        "support": 44293.0
      }
    },
    "fpr": 0.0007083333333333334,
    "attack_recall": 0.09326530151491207,
    "attack_precision": 0.9959016393442623,
    "auc_pr": 0.9816656102486415,
    "confusion_matrix": [
      [
        23983,
        17
      ],
      [
        40162,
        4131
      ]
    ],
    "class_order": [
      "0",
      "1"
    ]
  },
  "wall_seconds": 14.2
}