{
  "config": {
    "tool": "yatc",
    "regime": "embedding",
    "model": "mlp",
    "task": "binary",
    "split": "stratified",
    "seed": 2,
    "dataset": "cicids2017",
    "n_features": 192,
    "extractor_family": "nfm",
    "cfg_name": "sample"
  },
  "config_hash": "5e2ed1bc675fd506",
  "git_commit": null,
  "n_train": 99665,
  "n_test": 42714,
  "metrics": {
    "macro_f1": 0.9985112406762813,
    "weighted_f1": 0.9985482537357965,
    "balanced_accuracy": 0.9983532410779314,
    "per_class": {
      "0": {
        "precision": 0.9994431451163827,
        "recall": 0.9971111111111111,
        "f1-score": 0.9982757661716447,
        "support": 18000.0
      },
      "1": {
        "precision": 0.9978994991113266,
        "recall": 0.9995953710447519,
        "f1-score": 0.9987467151809177,
        "support": 24714.0
      }
    },
    "fpr": 0.0028888888888888888,
    "attack_recall": 0.9995953710447519,
    "attack_precision": 0.9978994991113266,
    "auc_pr": 0.9999627993080198,
    "confusion_matrix": [
      [
        17948,
        52
      ],
      [
        10,
        24704
      ]
    ],
    "class_order": [
      "0",
      "1"
    ]
  },
  "wall_seconds": 14.0
}