{
  "config": {
    "tool": "yatc",
    "regime": "embedding",
    "model": "mlp",
    "task": "multiclass",
    "split": "stratified",
    "seed": 1,
    "dataset": "cicids2017",
    "n_features": 192,
    "extractor_family": "nfm",
    "cfg_name": "sample"
  },
  "config_hash": "2d13ad8b90e4b7b8",
  "git_commit": null,
  "n_train": 99665,
  "n_test": 42714,
  "metrics": {
    "macro_f1": 0.859205935503209,
    "weighted_f1": 0.992380075462555,
    "balanced_accuracy": 0.9137819310198962,
    "per_class": {
      "BENIGN": {
        "precision": 0.9977243714269857,
        "recall": 0.9986666666666667,
        "f1-score": 0.9981952966654636,
        "support": 18000.0
      },
      "Bot": {
        "precision": 0.996969696969697,
        "recall": 0.996969696969697,
        "f1-score": 0.996969696969697,
        "support": 660.0
      },
      "DDoS": {
        "precision": 0.9996667777407531,
        "recall": 1.0,
        "f1-score": 0.9998333611064822,
        "support": 6000.0
      },
      "DoS GoldenEye": {
        "precision": 0.9676165803108808,
        "recall": 0.9756203744013932,
        "f1-score": 0.9716019943637546,
        "support": 2297.0
      },
      "DoS Hulk": {
        "precision": 0.9897793263646922,
        "recall": 0.9838374509351189,
        "f1-score": 0.9867994441871236,
        "support": 4331.0
      },
      "DoS Slowhttptest": {
        "precision": 0.9851961509992598,
        "recall": 0.9866567828020756,
        "f1-score": 0.9859259259259259,
        "support": 1349.0
      },
      "DoS slowloris": {
        "precision": 0.9947565543071161,
        "recall": 0.9807976366322009,
        "f1-score": 0.9877277798438081,
        "support": 1354.0
      },
      "FTP-Patator": {
        "precision": 0.9975083056478405,
        "recall": 1.0,
        "f1-score": 0.9987525987525988,
        "support": 1201.0
      },
      "Heartbleed": {
        "precision": 0.0,
        "recall": 0.0,
        "f1-score": 0.0,
        "support": 0.0
      },
      "Infiltration": {
        "precision": 1.0,
        "recall": 0.7272727272727273,
        "f1-score": 0.8421052631578947,
        "support": 11.0
      },
      "PortScan": {
        "precision": 0.9978326108702901,
        "recall": 0.9975,
        "f1-score": 0.9976662777129521,
        "support": 6000.0
      },
      "SSH-Patator": {
        "precision": 0.9988801791713325,
        "recall": 0.9977628635346756,
        "f1-score": 0.9983212087297146,
        "support": 894.0
      },
      "Web Attack - Brute Force": {
        "precision": 0.8164556962025317,
        "recall": 0.9439024390243902,
        "f1-score": 0.8755656108597285,
        "support": 410.0
      },
      "Web Attack - Sql Injection": {
        "precision": 0.5,
        "recall": 0.6,
        "f1-score": 0.5454545454545454,
        "support": 5.0
      },
      "Web Attack - XSS": {
        "precision": 0.8413793103448276,
        "recall": 0.6039603960396039,
        "f1-score": 0.7031700288184438,
        "support": 202.0
      }
    },
    "confusion_matrix": [
      [
        17976,
        2,
        2,
        3,
        1,
        0,
        1,
        0,
        0,
        13,
        0,
        2,
        0,
        0
      ],
      [
        2,
        658,
        0,
        0,
        0,
        0,
        0,
        0,
        0,
        0,
        0,
        0,
        0,
        0
      ],
      [
        0,
        0,
        6000,
        0,
        0,
        0,
        0,
        0,
        0,
        0,
        0,
        0,
        0,
        0
      ],
      [
        8,
        0,
        0,
        2241,
        40,
        6,
        0,
        0,
        0,
        0,
        0,
        0,
        2,
        0
      ],
      [
        10,
        0,
        0,
        59,
        4261,
        0,
        0,
        0,
        0,
        0,
        0,
        1,
        0,
        0
      ],
      [
        1,
        0,
        0,
        10,
        1,
        1331,
        6,
        0,
        0,
        0,
        0,
        0,
        0,
        0
      ],
      [
        7,
        0,
        0,
        2,
        2,
        13,
        1328,
        1,
        0,
        0,
        0,
        1,
        0,
        0
      ],
      [
        0,
        0,
        0,
        0,
        0,
        0,
        0,
        1201,
        0,
        0,
        0,
        0,
        0,
        0
      ],
      [
        3,
        0,
        0,
        0,
        0,
        0,
        0,
        0,
        8,
        0,
        0,
        0,
        0,
        0
      ],
      [
        7,
        0,
        0,
        0,
        0,
        0,
        0,
        2,
        0,
        5985,
        1,
        2,
        1,
        2
      ],
      [
        2,
        0,
        0,
        0,
        0,
        0,
        0,
        0,
        0,
        0,
        892,
        0,
        0,
        0
      ],
      [
        1,
        0,
        0,
        0,
        0,
        1,
        0,
        0,
        0,
        0,
        0,
        387,
        0,
        21
      ],
      [
        0,
        0,
        0,
        1,
        0,
        0,
        0,
        0,
        0,
        0,
        0,
        1,
        3,
        0
      ],
      [
        0,
        0,
        0,
        0,
        0,
        0,
        0,
        0,
        0,
        0,
        0,
        80,
        0,
        122
      ]
    ],
    "class_order": [
      "BENIGN",
      "Bot",
      "DDoS",
      "DoS GoldenEye",
      "DoS Hulk",
      "DoS Slowhttptest",
      "DoS slowloris",
      "FTP-Patator",
      "Heartbleed",
      "Infiltration",
      "PortScan",
      "SSH-Patator",
      "Web Attack - Brute Force",
      "Web Attack - Sql Injection",
      "Web Attack - XSS"
    ]
  },
  "wall_seconds": 22.5
}