{
  "config": {
    "tool": "argus",
    "regime": "native",
    "model": "logreg",
    "task": "binary",
    "split": "stratified",
    "seed": 4,
    "include_port": false,
    "dataset": "cicids2017",
    "n_features": 7,
    "subsample_benign": null,
    "max_train": 400000
  },
  "config_hash": "80d470a7d2fdb2e1",
  "git_commit": null,
  "n_train": 400000,
  "n_test": 403110,
  "n_test_unseen_class": 0,
  "features": [
    "tool_StartTime",
    "tool_LastTime",
    "tool_Dur",
    "tool_SrcPkts",
    "tool_DstPkts",
    "tool_SrcBytes",
    "tool_DstBytes"
  ],
  "metrics": {
    "macro_f1": 0.8229783344591949,
    "weighted_f1": 0.886663057989098,
    "balanced_accuracy": 0.909087555609499,
    "per_class": {
      "0": {
        "precision": 0.9903268569534778,
        "recall": 0.8587491131593679,
        "f1-score": 0.9198565379602033,
        "support": 334051.0
      },
      "1": {
        "precision": 0.5840605772112621,
        "recall": 0.9594259980596301,
        "f1-score": 0.7261001309581865,
        "support": 69059.0
      }
    },
    "fpr": 0.1412508868406321,
    "attack_recall": 0.9594259980596301,
    "attack_precision": 0.5840605772112621,
    "auc_pr": 0.8690360638674487,
    "confusion_matrix": [
      [
        286866,
        47185
      ],
      [
        2802,
        66257
      ]
    ],
    "class_order": [
      "0",
      "1"
    ]
  },
  "feature_importances": null,
  "wall_seconds": 5.2
}