{
  "config": {
    "tool": "argus",
    "regime": "common",
    "model": "mlp",
    "task": "binary",
    "split": "stratified",
    "seed": 2,
    "include_port": false,
    "dataset": "cicids2017",
    "n_features": 9,
    "subsample_benign": null,
    "max_train": 400000
  },
  "config_hash": "f13904bdd0645a6e",
  "git_commit": null,
  "n_train": 400000,
  "n_test": 403110,
  "n_test_unseen_class": 0,
  "features": [
    "duration",
    "pkts_fwd",
    "pkts_bwd",
    "bytes_fwd",
    "bytes_bwd",
    "tot_pkts",
    "tot_bytes",
    "is_tcp",
    "is_udp"
  ],
  "metrics": {
    "macro_f1": 0.9892560621333562,
    "weighted_f1": 0.9939167358831149,
    "balanced_accuracy": 0.9863927956593287,
    "per_class": {
      "0": {
        "precision": 0.9948309308502701,
        "recall": 0.9978655953731616,
        "f1-score": 0.9963459523763265,
        "support": 334051.0
      },
      "1": {
        "precision": 0.9895208700764256,
        "recall": 0.9749199959454958,
        "f1-score": 0.9821661718903858,
        "support": 69059.0
      }
    },
    "fpr": 0.002134404626838417,
    "attack_recall": 0.9749199959454958,
    "attack_precision": 0.9895208700764256,
    "auc_pr": 0.9918985071531043,
    "confusion_matrix": [
      [
        333338,
        713
      ],
      [
        1732,
        67327
      ]
    ],
    "class_order": [
      "0",
      "1"
    ]
  },
  "feature_importances": null,
  "wall_seconds": 15.4
}