{
  "config": {
    "tool": "argus",
    "regime": "common",
    "model": "mlp",
    "task": "binary",
    "split": "temporal",
    "seed": 4,
    "include_port": false,
    "dataset": "cicids2017",
    "n_features": 9,
    "subsample_benign": null,
    "max_train": 400000
  },
  "config_hash": "63d2caa6ec5faf85",
  "git_commit": null,
  "n_train": 400000,
  "n_test": 655831,
  "n_test_unseen_class": 0,
  "features": [
    "duration",
    "pkts_fwd",
    "pkts_bwd",
    "bytes_fwd",
    "bytes_bwd",
    "tot_pkts",
    "tot_bytes",
    "is_tcp",
    "is_udp"
  ],
  "metrics": {
    "macro_f1": 0.4051473845051965,
    "weighted_f1": 0.5518755536220229,
    "balanced_accuracy": 0.49981231802809944,
    "per_class": {
      "0": {
        "precision": 0.6810710635896341,
        "recall": 0.9995433391311356,
        "f1-score": 0.8101323468177889,
        "support": 446721.0
      },
      "1": {
        "precision": 0.07692307692307693,
        "recall": 8.129692506336378e-05,
        "f1-score": 0.0001624221926040577,
        "support": 209110.0
      }
    },
    "fpr": 0.000456660868864459,
    "attack_recall": 8.129692506336378e-05,
    "attack_precision": 0.07692307692307693,
    "auc_pr": 0.5100022398123341,
    "confusion_matrix": [
      [
        446517,
        204
      ],
      [
        209093,
        17
      ]
    ],
    "class_order": [
      "0",
      "1"
    ]
  },
  "feature_importances": null,
  "wall_seconds": 14.9
}