{
  "config": {
    "tool": "argus",
    "regime": "common",
    "model": "logreg",
    "task": "binary",
    "split": "stratified",
    "seed": 2,
    "include_port": false,
    "dataset": "cicids2017",
    "n_features": 9,
    "subsample_benign": null,
    "max_train": 400000
  },
  "config_hash": "73af38e2f694ba86",
  "git_commit": null,
  "n_train": 400000,
  "n_test": 403110,
  "n_test_unseen_class": 0,
  "features": [
    "duration",
    "pkts_fwd",
    "pkts_bwd",
    "bytes_fwd",
    "bytes_bwd",
    "tot_pkts",
    "tot_bytes",
    "is_tcp",
    "is_udp"
  ],
  "metrics": {
    "macro_f1": 0.8005840553762543,
    "weighted_f1": 0.8694667951585332,
    "balanced_accuracy": 0.8984908121942174,
    "per_class": {
      "0": {
        "precision": 0.9910672961214477,
        "recall": 0.8333128773750116,
        "f1-score": 0.9053695629901989,
        "support": 334051.0
      },
      "1": {
        "precision": 0.5444564434845213,
        "recall": 0.9636687470134233,
        "f1-score": 0.6957985477623098,
        "support": 69059.0
      }
    },
    "fpr": 0.1666871226249884,
    "attack_recall": 0.9636687470134233,
    "attack_precision": 0.5444564434845213,
    "auc_pr": 0.8848787006362068,
    "confusion_matrix": [
      [
        278369,
        55682
      ],
      [
        2509,
        66550
      ]
    ],
    "class_order": [
      "0",
      "1"
    ]
  },
  "feature_importances": null,
  "wall_seconds": 3.2
}