{
  "config": {
    "tool": "argus",
    "regime": "common",
    "model": "xgb",
    "task": "multiclass",
    "split": "stratified",
    "seed": 3,
    "include_port": false,
    "dataset": "cicids2017",
    "n_features": 9,
    "subsample_benign": null,
    "max_train": 400000
  },
  "config_hash": "1f0ba394f7280107",
  "git_commit": null,
  "n_train": 400000,
  "n_test": 403110,
  "n_test_unseen_class": 0,
  "features": [
    "duration",
    "pkts_fwd",
    "pkts_bwd",
    "bytes_fwd",
    "bytes_bwd",
    "tot_pkts",
    "tot_bytes",
    "is_tcp",
    "is_udp"
  ],
  "metrics": {
    "macro_f1": 0.690124830619536,
    "weighted_f1": 0.9968383913082401,
    "balanced_accuracy": 0.7228898786276213,
    "per_class": {
      "BENIGN": {
        "precision": 0.998235176228123,
        "recall": 0.9990121268908041,
        "f1-score": 0.9986235004383852,
        "support": 334051.0
      },
      "Bot": {
        "precision": 0.9726443768996961,
        "recall": 0.9726443768996961,
        "f1-score": 0.9726443768996961,
        "support": 658.0
      },
      "DDoS": {
        "precision": 0.9994841182106272,
        "recall": 1.0,
        "f1-score": 0.9997419925546422,
        "support": 13562.0
      },
      "DoS Hulk": {
        "precision": 0.9791437980241493,
        "recall": 0.9905607995558023,
        "f1-score": 0.9848192105989512,
        "support": 1801.0
      },
      "DoS Slowhttptest": {
        "precision": 0.9695756605284227,
        "recall": 0.9573122529644269,
        "f1-score": 0.9634049323786794,
        "support": 1265.0
      },
      "DoS slowloris": {
        "precision": 0.9853951890034365,
        "recall": 0.9820205479452054,
        "f1-score": 0.983704974271012,
        "support": 1168.0
      },
      "FTP-Patator": {
        "precision": 0.9991659716430359,
        "recall": 1.0,
        "f1-score": 0.9995828118481435,
        "support": 1198.0
      },
      "Heartbleed": {
        "precision": 0.0,
        "recall": 0.0,
        "f1-score": 0.0,
        "support": 0.0
      },
      "Infiltration": {
        "precision": 0.0,
        "recall": 0.0,
        "f1-score": 0.0,
        "support": 10.0
      },
      "PortScan": {
        "precision": 0.9934656792581991,
        "recall": 0.9997703692879361,
        "f1-score": 0.9966080532722922,
        "support": 47903.0
      },
      "SSH-Patator": {
        "precision": 0.9966139954853274,
        "recall": 0.9876957494407159,
        "f1-score": 0.9921348314606742,
        "support": 894.0
      },
      "Web Attack - Brute Force": {
        "precision": 0.975609756097561,
        "recall": 0.097799511002445,
        "f1-score": 0.17777777777777778,
        "support": 409.0
      },
      "Web Attack - Sql Injection": {
        "precision": 1.0,
        "recall": 0.4,
        "f1-score": 0.5714285714285714,
        "support": 5.0
      },
      "Web Attack - XSS": {
        "precision": 1.0,
        "recall": 0.010752688172043012,
        "f1-score": 0.02127659574468085,
        "support": 186.0
      }
    },
    "confusion_matrix": [
      [
        333721,
        18,
        4,
        1,
        1,
        0,
        1,
        0,
        302,
        3,
        0,
        0,
        0
      ],
      [
        18,
        640,
        0,
        0,
        0,
        0,
        0,
        0,
        0,
        0,
        0,
        0,
        0
      ],
      [
        0,
        0,
        13562,
        0,
        0,
        0,
        0,
        0,
        0,
        0,
        0,
        0,
        0
      ],
      [
        1,
        0,
        0,
        1784,
        16,
        0,
        0,
        0,
        0,
        0,
        0,
        0,
        0
      ],
      [
        0,
        0,
        0,
        37,
        1211,
        17,
        0,
        0,
        0,
        0,
        0,
        0,
        0
      ],
      [
        0,
        0,
        0,
        0,
        21,
        1147,
        0,
        0,
        0,
        0,
        0,
        0,
        0
      ],
      [
        0,
        0,
        0,
        0,
        0,
        0,
        1198,
        0,
        0,
        0,
        0,
        0,
        0
      ],
      [
        1,
        0,
        0,
        0,
        0,
        0,
        0,
        0,
        9,
        0,
        0,
        0,
        0
      ],
      [
        8,
        0,
        3,
        0,
        0,
        0,
        0,
        0,
        47892,
        0,
        0,
        0,
        0
      ],
      [
        7,
        0,
        0,
        0,
        0,
        0,
        0,
        0,
        4,
        883,
        0,
        0,
        0
      ],
      [
        369,
        0,
        0,
        0,
        0,
        0,
        0,
        0,
        0,
        0,
        40,
        0,
        0
      ],
      [
        3,
        0,
        0,
        0,
        0,
        0,
        0,
        0,
        0,
        0,
        0,
        2,
        0
      ],
      [
        183,
        0,
        0,
        0,
        0,
        0,
        0,
        0,
        0,
        0,
        1,
        0,
        2
      ]
    ],
    "class_order": [
      "BENIGN",
      "Bot",
      "DDoS",
      "DoS Hulk",
      "DoS Slowhttptest",
      "DoS slowloris",
      "FTP-Patator",
      "Heartbleed",
      "Infiltration",
      "PortScan",
      "SSH-Patator",
      "Web Attack - Brute Force",
      "Web Attack - Sql Injection",
      "Web Attack - XSS"
    ]
  },
  "feature_importances": {
    "bytes_fwd": 0.5712997317314148,
    "pkts_fwd": 0.13287603855133057,
    "bytes_bwd": 0.11018352210521698,
    "tot_bytes": 0.051429472863674164,
    "tot_pkts": 0.038246408104896545,
    "duration": 0.029353205114603043,
    "is_tcp": 0.028742099180817604,
    "pkts_bwd": 0.027920451015233994,
    "is_udp": 0.009949151426553726
  },
  "wall_seconds": 26.6
}