{
  "config": {
    "tool": "argus",
    "regime": "native",
    "model": "logreg",
    "task": "multiclass",
    "split": "stratified",
    "seed": 4,
    "include_port": false,
    "dataset": "cicids2017",
    "n_features": 7,
    "subsample_benign": null,
    "max_train": 400000
  },
  "config_hash": "86418366c2b06ad9",
  "git_commit": null,
  "n_train": 400000,
  "n_test": 403110,
  "n_test_unseen_class": 0,
  "features": [
    "tool_StartTime",
    "tool_LastTime",
    "tool_Dur",
    "tool_SrcPkts",
    "tool_DstPkts",
    "tool_SrcBytes",
    "tool_DstBytes"
  ],
  "metrics": {
    "macro_f1": 0.41923177040329146,
    "weighted_f1": 0.7643676068749102,
    "balanced_accuracy": 0.808977115629281,
    "per_class": {
      "BENIGN": {
        "precision": 0.9998138977057722,
        "recall": 0.5789714744155833,
        "f1-score": 0.7333026220253159,
        "support": 334051.0
      },
      "Bot": {
        "precision": 0.020489094514210177,
        "recall": 0.9893617021276596,
        "f1-score": 0.04014677314914742,
        "support": 658.0
      },
      "DDoS": {
        "precision": 0.9100201748486887,
        "recall": 0.9977879368824657,
        "f1-score": 0.9518851997749015,
        "support": 13562.0
      },
      "DoS Hulk": {
        "precision": 0.5597041211694258,
        "recall": 0.8822876179900055,
        "f1-score": 0.6849137931034482,
        "support": 1801.0
      },
      "DoS Slowhttptest": {
        "precision": 0.4995353159851301,
        "recall": 0.849802371541502,
        "f1-score": 0.6292069066432543,
        "support": 1265.0
      },
      "DoS slowloris": {
        "precision": 0.7556894243641231,
        "recall": 0.9666095890410958,
        "f1-score": 0.8482344102178813,
        "support": 1168.0
      },
      "FTP-Patator": {
        "precision": 0.33258615858783974,
        "recall": 0.9908180300500835,
        "f1-score": 0.49800713236836586,
        "support": 1198.0
      },
      "Heartbleed": {
        "precision": 0.0,
        "recall": 0.0,
        "f1-score": 0.0,
        "support": 0.0
      },
      "Infiltration": {
        "precision": 0.00018222681163821905,
        "recall": 0.6,
        "f1-score": 0.0003643429681807141,
        "support": 10.0
      },
      "PortScan": {
        "precision": 0.9368690851735015,
        "recall": 0.9919629250777613,
        "f1-score": 0.9636291737221541,
        "support": 47903.0
      },
      "SSH-Patator": {
        "precision": 0.33383857521788557,
        "recall": 0.9854586129753915,
        "f1-score": 0.4987262949334843,
        "support": 894.0
      },
      "Web Attack - Brute Force": {
        "precision": 0.0015322626411667895,
        "recall": 0.13202933985330073,
        "f1-score": 0.003029368040167176,
        "support": 409.0
      },
      "Web Attack - Sql Injection": {
        "precision": 0.00028050490883590464,
        "recall": 0.6,
        "f1-score": 0.0005607476635514019,
        "support": 5.0
      },
      "Web Attack - XSS": {
        "precision": 0.008697788697788698,
        "recall": 0.9516129032258065,
        "f1-score": 0.01723802103622906,
        "support": 186.0
      }
    },
    "confusion_matrix": [
      [
        193406,
        30807,
        1307,
        1105,
        839,
        322,
        2381,
        397,
        32914,
        3202,
        1758,
        35103,
        10674,
        19836
      ],
      [
        2,
        651,
        0,
        0,
        0,
        0,
        0,
        0,
        5,
        0,
        0,
        0,
        0,
        0
      ],
      [
        0,
        26,
        13532,
        0,
        0,
        0,
        0,
        0,
        0,
        0,
        0,
        0,
        0,
        4
      ],
      [
        2,
        0,
        0,
        1589,
        208,
        0,
        0,
        0,
        0,
        0,
        0,
        0,
        2,
        0
      ],
      [
        0,
        0,
        0,
        144,
        1075,
        43,
        0,
        0,
        0,
        0,
        0,
        2,
        0,
        1
      ],
      [
        4,
        0,
        0,
        0,
        29,
        1129,
        0,
        0,
        0,
        0,
        0,
        6,
        0,
        0
      ],
      [
        5,
        0,
        0,
        0,
        0,
        0,
        1187,
        0,
        0,
        0,
        0,
        6,
        0,
        0
      ],
      [
        0,
        0,
        0,
        0,
        0,
        0,
        0,
        0,
        0,
        0,
        0,
        0,
        0,
        0
      ],
      [
        0,
        0,
        0,
        0,
        0,
        0,
        1,
        2,
        6,
        0,
        0,
        1,
        0,
        0
      ],
      [
        1,
        289,
        31,
        0,
        0,
        0,
        0,
        0,
        0,
        47518,
        0,
        64,
        0,
        0
      ],
      [
        13,
        0,
        0,
        0,
        0,
        0,
        0,
        0,
        0,
        0,
        881,
        0,
        0,
        0
      ],
      [
        9,
        0,
        0,
        0,
        1,
        0,
        0,
        0,
        1,
        0,
        0,
        54,
        14,
        330
      ],
      [
        0,
        0,
        0,
        0,
        0,
        0,
        0,
        0,
        0,
        0,
        0,
        0,
        3,
        2
      ],
      [
        0,
        0,
        0,
        1,
        0,
        0,
        0,
        0,
        0,
        0,
        0,
        6,
        2,
        177
      ]
    ],
    "class_order": [
      "BENIGN",
      "Bot",
      "DDoS",
      "DoS Hulk",
      "DoS Slowhttptest",
      "DoS slowloris",
      "FTP-Patator",
      "Heartbleed",
      "Infiltration",
      "PortScan",
      "SSH-Patator",
      "Web Attack - Brute Force",
      "Web Attack - Sql Injection",
      "Web Attack - XSS"
    ]
  },
  "feature_importances": null,
  "wall_seconds": 77.1
}