{
  "config": {
    "tool": "argus",
    "regime": "native",
    "model": "logreg",
    "task": "binary",
    "split": "stratified",
    "seed": 3,
    "include_port": false,
    "dataset": "cicids2017",
    "n_features": 7,
    "subsample_benign": null,
    "max_train": 400000
  },
  "config_hash": "6cc5a014b9707582",
  "git_commit": null,
  "n_train": 400000,
  "n_test": 403110,
  "n_test_unseen_class": 0,
  "features": [
    "tool_StartTime",
    "tool_LastTime",
    "tool_Dur",
    "tool_SrcPkts",
    "tool_DstPkts",
    "tool_SrcBytes",
    "tool_DstBytes"
  ],
  "metrics": {
    "macro_f1": 0.8235713459737384,
    "weighted_f1": 0.8871388247525319,
    "balanced_accuracy": 0.909141894142176,
    "per_class": {
      "0": {
        "precision": 0.9901621368128496,
        "recall": 0.8595962891893753,
        "f1-score": 0.9202711949145345,
        "support": 334051.0
      },
      "1": {
        "precision": 0.5853343706899601,
        "recall": 0.9586874990949767,
        "f1-score": 0.7268714970329423,
        "support": 69059.0
      }
    },
    "fpr": 0.14040371081062472,
    "attack_recall": 0.9586874990949767,
    "attack_precision": 0.5853343706899601,
    "auc_pr": 0.8720009758733877,
    "confusion_matrix": [
      [
        287149,
        46902
      ],
      [
        2853,
        66206
      ]
    ],
    "class_order": [
      "0",
      "1"
    ]
  },
  "feature_importances": null,
  "wall_seconds": 5.3
}