{
  "config": {
    "tool": "argus",
    "regime": "native",
    "model": "logreg",
    "task": "binary",
    "split": "temporal",
    "seed": 3,
    "include_port": false,
    "dataset": "cicids2017",
    "n_features": 7,
    "subsample_benign": null,
    "max_train": 400000
  },
  "config_hash": "ed3c5f1a2c24cb04",
  "git_commit": null,
  "n_train": 400000,
  "n_test": 655831,
  "n_test_unseen_class": 0,
  "features": [
    "tool_StartTime",
    "tool_LastTime",
    "tool_Dur",
    "tool_SrcPkts",
    "tool_DstPkts",
    "tool_SrcBytes",
    "tool_DstBytes"
  ],
  "metrics": {
    "macro_f1": 0.37317197670087976,
    "weighted_f1": 0.5063125629731181,
    "balanced_accuracy": 0.4330513016419164,
    "per_class": {
      "0": {
        "precision": 0.6490233239835241,
        "recall": 0.8624107664515436,
        "f1-score": 0.7406538013449759,
        "support": 446721.0
      },
      "1": {
        "precision": 0.01240439616941963,
        "recall": 0.003691836832289226,
        "f1-score": 0.00569015205678359,
        "support": 209110.0
      }
    },
    "fpr": 0.13758923354845642,
    "attack_recall": 0.003691836832289226,
    "attack_precision": 0.01240439616941963,
    "auc_pr": 0.3630520522651017,
    "confusion_matrix": [
      [
        385257,
        61464
      ],
      [
        208338,
        772
      ]
    ],
    "class_order": [
      "0",
      "1"
    ]
  },
  "feature_importances": null,
  "wall_seconds": 5.5
}