{
  "config": {
    "tool": "argus",
    "regime": "native",
    "model": "xgb",
    "task": "multiclass",
    "split": "stratified",
    "seed": 1,
    "include_port": false,
    "dataset": "cicids2017",
    "n_features": 7,
    "subsample_benign": null,
    "max_train": 400000
  },
  "config_hash": "931cec95c74b9276",
  "git_commit": null,
  "n_train": 400000,
  "n_test": 403110,
  "n_test_unseen_class": 0,
  "features": [
    "tool_StartTime",
    "tool_LastTime",
    "tool_Dur",
    "tool_SrcPkts",
    "tool_DstPkts",
    "tool_SrcBytes",
    "tool_DstBytes"
  ],
  "metrics": {
    "macro_f1": 0.8785231327775092,
    "weighted_f1": 0.9996571785646666,
    "balanced_accuracy": 0.9362878521280605,
    "per_class": {
      "BENIGN": {
        "precision": 0.9998143912632171,
        "recall": 0.9997694962745209,
        "f1-score": 0.9997919432648742,
        "support": 334051.0
      },
      "Bot": {
        "precision": 0.9938931297709923,
        "recall": 0.9893617021276596,
        "f1-score": 0.9916222391469917,
        "support": 658.0
      },
      "DDoS": {
        "precision": 0.9998525508699498,
        "recall": 1.0,
        "f1-score": 0.9999262699992627,
        "support": 13562.0
      },
      "DoS Hulk": {
        "precision": 1.0,
        "recall": 0.9994447529150472,
        "f1-score": 0.9997222993612885,
        "support": 1801.0
      },
      "DoS Slowhttptest": {
        "precision": 1.0,
        "recall": 1.0,
        "f1-score": 1.0,
        "support": 1265.0
      },
      "DoS slowloris": {
        "precision": 1.0,
        "recall": 1.0,
        "f1-score": 1.0,
        "support": 1168.0
      },
      "FTP-Patator": {
        "precision": 1.0,
        "recall": 0.9958263772954925,
        "f1-score": 0.9979088247595148,
        "support": 1198.0
      },
      "Heartbleed": {
        "precision": 0.0,
        "recall": 0.0,
        "f1-score": 0.0,
        "support": 0.0
      },
      "Infiltration": {
        "precision": 0.9,
        "recall": 0.9,
        "f1-score": 0.9,
        "support": 10.0
      },
      "PortScan": {
        "precision": 0.9999791236091105,
        "recall": 0.9999373734421644,
        "f1-score": 0.9999582480898501,
        "support": 47903.0
      },
      "SSH-Patator": {
        "precision": 1.0,
        "recall": 0.9910514541387024,
        "f1-score": 0.9955056179775281,
        "support": 894.0
      },
      "Web Attack - Brute Force": {
        "precision": 0.880184331797235,
        "recall": 0.9339853300733496,
        "f1-score": 0.9062870699881376,
        "support": 409.0
      },
      "Web Attack - Sql Injection": {
        "precision": 1.0,
        "recall": 0.4,
        "f1-score": 0.5714285714285714,
        "support": 5.0
      },
      "Web Attack - XSS": {
        "precision": 0.9132653061224489,
        "recall": 0.9623655913978495,
        "f1-score": 0.93717277486911,
        "support": 186.0
      }
    },
    "confusion_matrix": [
      [
        333974,
        4,
        2,
        0,
        0,
        0,
        0,
        1,
        1,
        0,
        52,
        0,
        17
      ],
      [
        7,
        651,
        0,
        0,
        0,
        0,
        0,
        0,
        0,
        0,
        0,
        0,
        0
      ],
      [
        0,
        0,
        13562,
        0,
        0,
        0,
        0,
        0,
        0,
        0,
        0,
        0,
        0
      ],
      [
        1,
        0,
        0,
        1800,
        0,
        0,
        0,
        0,
        0,
        0,
        0,
        0,
        0
      ],
      [
        0,
        0,
        0,
        0,
        1265,
        0,
        0,
        0,
        0,
        0,
        0,
        0,
        0
      ],
      [
        0,
        0,
        0,
        0,
        0,
        1168,
        0,
        0,
        0,
        0,
        0,
        0,
        0
      ],
      [
        5,
        0,
        0,
        0,
        0,
        0,
        1193,
        0,
        0,
        0,
        0,
        0,
        0
      ],
      [
        1,
        0,
        0,
        0,
        0,
        0,
        0,
        9,
        0,
        0,
        0,
        0,
        0
      ],
      [
        3,
        0,
        0,
        0,
        0,
        0,
        0,
        0,
        47900,
        0,
        0,
        0,
        0
      ],
      [
        8,
        0,
        0,
        0,
        0,
        0,
        0,
        0,
        0,
        886,
        0,
        0,
        0
      ],
      [
        27,
        0,
        0,
        0,
        0,
        0,
        0,
        0,
        0,
        0,
        382,
        0,
        0
      ],
      [
        3,
        0,
        0,
        0,
        0,
        0,
        0,
        0,
        0,
        0,
        0,
        2,
        0
      ],
      [
        7,
        0,
        0,
        0,
        0,
        0,
        0,
        0,
        0,
        0,
        0,
        0,
        179
      ]
    ],
    "class_order": [
      "BENIGN",
      "Bot",
      "DDoS",
      "DoS Hulk",
      "DoS Slowhttptest",
      "DoS slowloris",
      "FTP-Patator",
      "Heartbleed",
      "Infiltration",
      "PortScan",
      "SSH-Patator",
      "Web Attack - Brute Force",
      "Web Attack - Sql Injection",
      "Web Attack - XSS"
    ]
  },
  "feature_importances": {
    "tool_SrcBytes": 0.4284709692001343,
    "tool_SrcPkts": 0.30031341314315796,
    "tool_LastTime": 0.09154833853244781,
    "tool_StartTime": 0.08179989457130432,
    "tool_DstBytes": 0.06736274808645248,
    "tool_DstPkts": 0.01993141509592533,
    "tool_Dur": 0.010573172010481358
  },
  "wall_seconds": 28.8
}