{
  "config": {
    "tool": "argus",
    "regime": "native",
    "model": "mlp",
    "task": "multiclass",
    "split": "stratified",
    "seed": 2,
    "include_port": false,
    "dataset": "cicids2017",
    "n_features": 7,
    "subsample_benign": null,
    "max_train": 400000
  },
  "config_hash": "9a886329b038253a",
  "git_commit": null,
  "n_train": 400000,
  "n_test": 403110,
  "n_test_unseen_class": 0,
  "features": [
    "tool_StartTime",
    "tool_LastTime",
    "tool_Dur",
    "tool_SrcPkts",
    "tool_DstPkts",
    "tool_SrcBytes",
    "tool_DstBytes"
  ],
  "metrics": {
    "macro_f1": 0.6631217525148768,
    "weighted_f1": 0.9972201934854965,
    "balanced_accuracy": 0.7143932786315309,
    "per_class": {
      "BENIGN": {
        "precision": 0.9981513831722025,
        "recall": 0.9989073524701318,
        "f1-score": 0.9985292247383502,
        "support": 334051.0
      },
      "Bot": {
        "precision": 0.8628571428571429,
        "recall": 0.9179331306990881,
        "f1-score": 0.8895434462444771,
        "support": 658.0
      },
      "DDoS": {
        "precision": 0.9997050799970508,
        "recall": 0.9997787936882466,
        "f1-score": 0.9997419354838709,
        "support": 13562.0
      },
      "DoS Hulk": {
        "precision": 0.9988839285714286,
        "recall": 0.9938922820655192,
        "f1-score": 0.9963818536042305,
        "support": 1801.0
      },
      "DoS Slowhttptest": {
        "precision": 0.9850157728706624,
        "recall": 0.9873517786561264,
        "f1-score": 0.9861823924200552,
        "support": 1265.0
      },
      "DoS slowloris": {
        "precision": 0.9897610921501706,
        "recall": 0.9931506849315068,
        "f1-score": 0.9914529914529915,
        "support": 1168.0
      },
      "FTP-Patator": {
        "precision": 1.0,
        "recall": 0.988313856427379,
        "f1-score": 0.9941225860621327,
        "support": 1198.0
      },
      "Heartbleed": {
        "precision": 0.0,
        "recall": 0.0,
        "f1-score": 0.0,
        "support": 0.0
      },
      "Infiltration": {
        "precision": 0.0,
        "recall": 0.0,
        "f1-score": 0.0,
        "support": 10.0
      },
      "PortScan": {
        "precision": 0.9989134977016297,
        "recall": 0.9980168256685386,
        "f1-score": 0.9984649603709157,
        "support": 47903.0
      },
      "SSH-Patator": {
        "precision": 0.9988649262202043,
        "recall": 0.9843400447427293,
        "f1-score": 0.9915492957746479,
        "support": 894.0
      },
      "Web Attack - Brute Force": {
        "precision": 0.45077720207253885,
        "recall": 0.4254278728606357,
        "f1-score": 0.4377358490566038,
        "support": 409.0
      },
      "Web Attack - Sql Injection": {
        "precision": 0.0,
        "recall": 0.0,
        "f1-score": 0.0,
        "support": 5.0
      },
      "Web Attack - XSS": {
        "precision": 0.0,
        "recall": 0.0,
        "f1-score": 0.0,
        "support": 186.0
      }
    },
    "confusion_matrix": [
      [
        333686,
        96,
        4,
        0,
        0,
        0,
        0,
        0,
        52,
        1,
        212,
        0,
        0
      ],
      [
        54,
        604,
        0,
        0,
        0,
        0,
        0,
        0,
        0,
        0,
        0,
        0,
        0
      ],
      [
        3,
        0,
        13559,
        0,
        0,
        0,
        0,
        0,
        0,
        0,
        0,
        0,
        0
      ],
      [
        2,
        0,
        0,
        1790,
        9,
        0,
        0,
        0,
        0,
        0,
        0,
        0,
        0
      ],
      [
        2,
        0,
        0,
        2,
        1249,
        12,
        0,
        0,
        0,
        0,
        0,
        0,
        0
      ],
      [
        0,
        0,
        0,
        0,
        8,
        1160,
        0,
        0,
        0,
        0,
        0,
        0,
        0
      ],
      [
        14,
        0,
        0,
        0,
        0,
        0,
        1184,
        0,
        0,
        0,
        0,
        0,
        0
      ],
      [
        10,
        0,
        0,
        0,
        0,
        0,
        0,
        0,
        0,
        0,
        0,
        0,
        0
      ],
      [
        95,
        0,
        0,
        0,
        0,
        0,
        0,
        0,
        47808,
        0,
        0,
        0,
        0
      ],
      [
        14,
        0,
        0,
        0,
        0,
        0,
        0,
        0,
        0,
        880,
        0,
        0,
        0
      ],
      [
        233,
        0,
        0,
        0,
        2,
        0,
        0,
        0,
        0,
        0,
        174,
        0,
        0
      ],
      [
        5,
        0,
        0,
        0,
        0,
        0,
        0,
        0,
        0,
        0,
        0,
        0,
        0
      ],
      [
        186,
        0,
        0,
        0,
        0,
        0,
        0,
        0,
        0,
        0,
        0,
        0,
        0
      ]
    ],
    "class_order": [
      "BENIGN",
      "Bot",
      "DDoS",
      "DoS Hulk",
      "DoS Slowhttptest",
      "DoS slowloris",
      "FTP-Patator",
      "Heartbleed",
      "Infiltration",
      "PortScan",
      "SSH-Patator",
      "Web Attack - Brute Force",
      "Web Attack - Sql Injection",
      "Web Attack - XSS"
    ]
  },
  "feature_importances": null,
  "wall_seconds": 53.9
}