{
  "config": {
    "tool": "argus",
    "regime": "native",
    "model": "rf",
    "task": "binary",
    "split": "temporal",
    "seed": 1,
    "include_port": false,
    "dataset": "cicids2017",
    "n_features": 7,
    "subsample_benign": null,
    "max_train": 400000
  },
  "config_hash": "78596d3e8a2c5a1a",
  "git_commit": null,
  "n_train": 400000,
  "n_test": 655831,
  "n_test_unseen_class": 0,
  "features": [
    "tool_StartTime",
    "tool_LastTime",
    "tool_Dur",
    "tool_SrcPkts",
    "tool_DstPkts",
    "tool_SrcBytes",
    "tool_DstBytes"
  ],
  "metrics": {
    "macro_f1": 0.4051700055870381,
    "weighted_f1": 0.5519652168496069,
    "balanced_accuracy": 0.5,
    "per_class": {
      "0": {
        "precision": 0.6811526140118415,
        "recall": 1.0,
        "f1-score": 0.8103400111740762,
        "support": 446721.0
      },
      "1": {
        "precision": 0.0,
        "recall": 0.0,
        "f1-score": 0.0,
        "support": 209110.0
      }
    },
    "fpr": 0.0,
    "attack_recall": 0.0,
    "attack_precision": 0.0,
    "auc_pr": 0.3542916143608103,
    "confusion_matrix": [
      [
        446721,
        0
      ],
      [
        209110,
        0
      ]
    ],
    "class_order": [
      "0",
      "1"
    ]
  },
  "feature_importances": {
    "tool_DstPkts": 0.3414617171249973,
    "tool_Dur": 0.15925235365546578,
    "tool_SrcPkts": 0.14092733381934117,
    "tool_SrcBytes": 0.1180842984308979,
    "tool_DstBytes": 0.10744762663565634,
    "tool_StartTime": 0.07157183906045933,
    "tool_LastTime": 0.06125483127318215
  },
  "wall_seconds": 11.7
}