{
  "config": {
    "tool": "argus",
    "regime": "native",
    "model": "rf",
    "task": "multiclass",
    "split": "stratified",
    "seed": 0,
    "include_port": false,
    "dataset": "cicids2017",
    "n_features": 7,
    "subsample_benign": null,
    "max_train": 400000
  },
  "config_hash": "9ee217a0e755dc68",
  "git_commit": null,
  "n_train": 400000,
  "n_test": 403110,
  "n_test_unseen_class": 0,
  "features": [
    "tool_StartTime",
    "tool_LastTime",
    "tool_Dur",
    "tool_SrcPkts",
    "tool_DstPkts",
    "tool_SrcBytes",
    "tool_DstBytes"
  ],
  "metrics": {
    "macro_f1": 0.862825166067253,
    "weighted_f1": 0.9996811393097089,
    "balanced_accuracy": 0.9094881646407563,
    "per_class": {
      "BENIGN": {
        "precision": 0.9997336150827739,
        "recall": 0.999889238469575,
        "f1-score": 0.9998114207203729,
        "support": 334051.0
      },
      "Bot": {
        "precision": 0.9953917050691244,
        "recall": 0.9848024316109423,
        "f1-score": 0.9900687547746372,
        "support": 658.0
      },
      "DDoS": {
        "precision": 0.9999262645627489,
        "recall": 0.9999262645627489,
        "f1-score": 0.9999262645627489,
        "support": 13562.0
      },
      "DoS Hulk": {
        "precision": 1.0,
        "recall": 0.9994447529150472,
        "f1-score": 0.9997222993612885,
        "support": 1801.0
      },
      "DoS Slowhttptest": {
        "precision": 1.0,
        "recall": 0.9992094861660079,
        "f1-score": 0.9996045867931989,
        "support": 1265.0
      },
      "DoS slowloris": {
        "precision": 1.0,
        "recall": 1.0,
        "f1-score": 1.0,
        "support": 1168.0
      },
      "FTP-Patator": {
        "precision": 1.0,
        "recall": 0.996661101836394,
        "f1-score": 0.9983277591973244,
        "support": 1198.0
      },
      "Heartbleed": {
        "precision": 0.0,
        "recall": 0.0,
        "f1-score": 0.0,
        "support": 0.0
      },
      "Infiltration": {
        "precision": 1.0,
        "recall": 0.8,
        "f1-score": 0.8888888888888888,
        "support": 10.0
      },
      "PortScan": {
        "precision": 0.9999791240449251,
        "recall": 0.9999582489614429,
        "f1-score": 0.9999686863942383,
        "support": 47903.0
      },
      "SSH-Patator": {
        "precision": 1.0,
        "recall": 0.9876957494407159,
        "f1-score": 0.9938097917839055,
        "support": 894.0
      },
      "Web Attack - Brute Force": {
        "precision": 0.9352331606217616,
        "recall": 0.882640586797066,
        "f1-score": 0.9081761006289308,
        "support": 409.0
      },
      "Web Attack - Sql Injection": {
        "precision": 1.0,
        "recall": 0.2,
        "f1-score": 0.3333333333333333,
        "support": 5.0
      },
      "Web Attack - XSS": {
        "precision": 0.9627659574468085,
        "recall": 0.9731182795698925,
        "f1-score": 0.9679144385026738,
        "support": 186.0
      }
    },
    "confusion_matrix": [
      [
        334014,
        3,
        1,
        0,
        0,
        0,
        0,
        0,
        1,
        0,
        25,
        0,
        7
      ],
      [
        10,
        648,
        0,
        0,
        0,
        0,
        0,
        0,
        0,
        0,
        0,
        0,
        0
      ],
      [
        1,
        0,
        13561,
        0,
        0,
        0,
        0,
        0,
        0,
        0,
        0,
        0,
        0
      ],
      [
        1,
        0,
        0,
        1800,
        0,
        0,
        0,
        0,
        0,
        0,
        0,
        0,
        0
      ],
      [
        1,
        0,
        0,
        0,
        1264,
        0,
        0,
        0,
        0,
        0,
        0,
        0,
        0
      ],
      [
        0,
        0,
        0,
        0,
        0,
        1168,
        0,
        0,
        0,
        0,
        0,
        0,
        0
      ],
      [
        4,
        0,
        0,
        0,
        0,
        0,
        1194,
        0,
        0,
        0,
        0,
        0,
        0
      ],
      [
        2,
        0,
        0,
        0,
        0,
        0,
        0,
        8,
        0,
        0,
        0,
        0,
        0
      ],
      [
        2,
        0,
        0,
        0,
        0,
        0,
        0,
        0,
        47901,
        0,
        0,
        0,
        0
      ],
      [
        11,
        0,
        0,
        0,
        0,
        0,
        0,
        0,
        0,
        883,
        0,
        0,
        0
      ],
      [
        48,
        0,
        0,
        0,
        0,
        0,
        0,
        0,
        0,
        0,
        361,
        0,
        0
      ],
      [
        4,
        0,
        0,
        0,
        0,
        0,
        0,
        0,
        0,
        0,
        0,
        1,
        0
      ],
      [
        5,
        0,
        0,
        0,
        0,
        0,
        0,
        0,
        0,
        0,
        0,
        0,
        181
      ]
    ],
    "class_order": [
      "BENIGN",
      "Bot",
      "DDoS",
      "DoS Hulk",
      "DoS Slowhttptest",
      "DoS slowloris",
      "FTP-Patator",
      "Heartbleed",
      "Infiltration",
      "PortScan",
      "SSH-Patator",
      "Web Attack - Brute Force",
      "Web Attack - Sql Injection",
      "Web Attack - XSS"
    ]
  },
  "feature_importances": {
    "tool_StartTime": 0.23012122006492122,
    "tool_LastTime": 0.16969621709728944,
    "tool_DstBytes": 0.12999961727733883,
    "tool_SrcBytes": 0.12574363082552645,
    "tool_SrcPkts": 0.12200119163247652,
    "tool_Dur": 0.11549485136583588,
    "tool_DstPkts": 0.1069432717366117
  },
  "wall_seconds": 14.7
}