{
  "config": {
    "tool": "argus",
    "regime": "native",
    "model": "mlp",
    "task": "multiclass",
    "split": "stratified",
    "seed": 1,
    "include_port": false,
    "dataset": "cicids2017",
    "n_features": 7,
    "subsample_benign": null,
    "max_train": 400000
  },
  "config_hash": "6c7ce583a6cbeea8",
  "git_commit": null,
  "n_train": 400000,
  "n_test": 403110,
  "n_test_unseen_class": 0,
  "features": [
    "tool_StartTime",
    "tool_LastTime",
    "tool_Dur",
    "tool_SrcPkts",
    "tool_DstPkts",
    "tool_SrcBytes",
    "tool_DstBytes"
  ],
  "metrics": {
    "macro_f1": 0.6313130294542965,
    "weighted_f1": 0.9965125013263151,
    "balanced_accuracy": 0.6764801768581624,
    "per_class": {
      "BENIGN": {
        "precision": 0.9974458932652238,
        "recall": 0.999547973213671,
        "f1-score": 0.9984958268915052,
        "support": 334051.0
      },
      "Bot": {
        "precision": 0.8779342723004695,
        "recall": 0.8525835866261399,
        "f1-score": 0.8650732459521974,
        "support": 658.0
      },
      "DDoS": {
        "precision": 0.9999262699992627,
        "recall": 1.0,
        "f1-score": 0.999963133640553,
        "support": 13562.0
      },
      "DoS Hulk": {
        "precision": 0.9977653631284916,
        "recall": 0.991671293725708,
        "f1-score": 0.9947089947089947,
        "support": 1801.0
      },
      "DoS Slowhttptest": {
        "precision": 0.9809220985691574,
        "recall": 0.9754940711462451,
        "f1-score": 0.9782005548949663,
        "support": 1265.0
      },
      "DoS slowloris": {
        "precision": 0.9772535804549284,
        "recall": 0.9931506849315068,
        "f1-score": 0.9851380042462845,
        "support": 1168.0
      },
      "FTP-Patator": {
        "precision": 1.0,
        "recall": 0.994991652754591,
        "f1-score": 0.9974895397489539,
        "support": 1198.0
      },
      "Heartbleed": {
        "precision": 0.0,
        "recall": 0.0,
        "f1-score": 0.0,
        "support": 0.0
      },
      "Infiltration": {
        "precision": 0.0,
        "recall": 0.0,
        "f1-score": 0.0,
        "support": 10.0
      },
      "PortScan": {
        "precision": 0.9974920057683867,
        "recall": 0.9963259086069766,
        "f1-score": 0.9969086161879895,
        "support": 47903.0
      },
      "SSH-Patator": {
        "precision": 0.9977011494252873,
        "recall": 0.970917225950783,
        "f1-score": 0.9841269841269841,
        "support": 894.0
      },
      "Web Attack - Brute Force": {
        "precision": 0.8888888888888888,
        "recall": 0.019559902200488997,
        "f1-score": 0.03827751196172249,
        "support": 409.0
      },
      "Web Attack - Sql Injection": {
        "precision": 0.0,
        "recall": 0.0,
        "f1-score": 0.0,
        "support": 5.0
      },
      "Web Attack - XSS": {
        "precision": 0.0,
        "recall": 0.0,
        "f1-score": 0.0,
        "support": 186.0
      }
    },
    "confusion_matrix": [
      [
        333900,
        78,
        1,
        4,
        0,
        0,
        0,
        0,
        65,
        2,
        1,
        0,
        0
      ],
      [
        42,
        561,
        0,
        0,
        0,
        0,
        0,
        0,
        55,
        0,
        0,
        0,
        0
      ],
      [
        0,
        0,
        13562,
        0,
        0,
        0,
        0,
        0,
        0,
        0,
        0,
        0,
        0
      ],
      [
        0,
        0,
        0,
        1786,
        15,
        0,
        0,
        0,
        0,
        0,
        0,
        0,
        0
      ],
      [
        4,
        0,
        0,
        0,
        1234,
        27,
        0,
        0,
        0,
        0,
        0,
        0,
        0
      ],
      [
        0,
        0,
        0,
        0,
        8,
        1160,
        0,
        0,
        0,
        0,
        0,
        0,
        0
      ],
      [
        6,
        0,
        0,
        0,
        0,
        0,
        1192,
        0,
        0,
        0,
        0,
        0,
        0
      ],
      [
        10,
        0,
        0,
        0,
        0,
        0,
        0,
        0,
        0,
        0,
        0,
        0,
        0
      ],
      [
        176,
        0,
        0,
        0,
        0,
        0,
        0,
        0,
        47727,
        0,
        0,
        0,
        0
      ],
      [
        26,
        0,
        0,
        0,
        0,
        0,
        0,
        0,
        0,
        868,
        0,
        0,
        0
      ],
      [
        400,
        0,
        0,
        0,
        1,
        0,
        0,
        0,
        0,
        0,
        8,
        0,
        0
      ],
      [
        5,
        0,
        0,
        0,
        0,
        0,
        0,
        0,
        0,
        0,
        0,
        0,
        0
      ],
      [
        186,
        0,
        0,
        0,
        0,
        0,
        0,
        0,
        0,
        0,
        0,
        0,
        0
      ]
    ],
    "class_order": [
      "BENIGN",
      "Bot",
      "DDoS",
      "DoS Hulk",
      "DoS Slowhttptest",
      "DoS slowloris",
      "FTP-Patator",
      "Heartbleed",
      "Infiltration",
      "PortScan",
      "SSH-Patator",
      "Web Attack - Brute Force",
      "Web Attack - Sql Injection",
      "Web Attack - XSS"
    ]
  },
  "feature_importances": null,
  "wall_seconds": 53.3
}