{
  "config": {
    "tool": "argus",
    "regime": "common",
    "model": "logreg",
    "task": "binary",
    "split": "stratified",
    "seed": 4,
    "include_port": false,
    "dataset": "cicids2017",
    "n_features": 9,
    "subsample_benign": null,
    "max_train": 400000
  },
  "config_hash": "8ce3cf1c0b7cc7b2",
  "git_commit": null,
  "n_train": 400000,
  "n_test": 403110,
  "n_test_unseen_class": 0,
  "features": [
    "duration",
    "pkts_fwd",
    "pkts_bwd",
    "bytes_fwd",
    "bytes_bwd",
    "tot_pkts",
    "tot_bytes",
    "is_tcp",
    "is_udp"
  ],
  "metrics": {
    "macro_f1": 0.8017460584109253,
    "weighted_f1": 0.8704116980240587,
    "balanced_accuracy": 0.8988547053854732,
    "per_class": {
      "0": {
        "precision": 0.990886415963162,
        "recall": 0.8348515645814562,
        "f1-score": 0.906201309831535,
        "support": 334051.0
      },
      "1": {
        "precision": 0.5465469908434845,
        "recall": 0.9628578461894901,
        "f1-score": 0.6972908069903156,
        "support": 69059.0
      }
    },
    "fpr": 0.16514843541854388,
    "attack_recall": 0.9628578461894901,
    "attack_precision": 0.5465469908434845,
    "auc_pr": 0.8829596780437519,
    "confusion_matrix": [
      [
        278883,
        55168
      ],
      [
        2565,
        66494
      ]
    ],
    "class_order": [
      "0",
      "1"
    ]
  },
  "feature_importances": null,
  "wall_seconds": 3.7
}