{
  "config": {
    "tool": "argus",
    "regime": "native",
    "model": "logreg",
    "task": "binary",
    "split": "stratified",
    "seed": 0,
    "include_port": false,
    "dataset": "cicids2017",
    "n_features": 7,
    "subsample_benign": null,
    "max_train": 400000
  },
  "config_hash": "257a2d80a01c6ff2",
  "git_commit": null,
  "n_train": 400000,
  "n_test": 403110,
  "n_test_unseen_class": 0,
  "features": [
    "tool_StartTime",
    "tool_LastTime",
    "tool_Dur",
    "tool_SrcPkts",
    "tool_DstPkts",
    "tool_SrcBytes",
    "tool_DstBytes"
  ],
  "metrics": {
    "macro_f1": 0.8233092418955494,
    "weighted_f1": 0.886993343693056,
    "balanced_accuracy": 0.9086630324960173,
    "per_class": {
      "0": {
        "precision": 0.9899303293240806,
        "recall": 0.8596232311832624,
        "f1-score": 0.9201864996074536,
        "support": 334051.0
      },
      "1": {
        "precision": 0.5851315125938902,
        "recall": 0.9577028338087722,
        "f1-score": 0.7264319841836454,
        "support": 69059.0
      }
    },
    "fpr": 0.14037676881673755,
    "attack_recall": 0.9577028338087722,
    "attack_precision": 0.5851315125938902,
    "auc_pr": 0.8715925534077715,
    "confusion_matrix": [
      [
        287158,
        46893
      ],
      [
        2921,
        66138
      ]
    ],
    "class_order": [
      "0",
      "1"
    ]
  },
  "feature_importances": null,
  "wall_seconds": 5.9
}