{
  "config": {
    "tool": "argus",
    "regime": "common",
    "model": "logreg",
    "task": "multiclass",
    "split": "stratified",
    "seed": 1,
    "include_port": false,
    "dataset": "cicids2017",
    "n_features": 9,
    "subsample_benign": null,
    "max_train": 400000
  },
  "config_hash": "cf9e72cc21060375",
  "git_commit": null,
  "n_train": 400000,
  "n_test": 403110,
  "n_test_unseen_class": 0,
  "features": [
    "duration",
    "pkts_fwd",
    "pkts_bwd",
    "bytes_fwd",
    "bytes_bwd",
    "tot_pkts",
    "tot_bytes",
    "is_tcp",
    "is_udp"
  ],
  "metrics": {
    "macro_f1": 0.4549660164828296,
    "weighted_f1": 0.8515307796208045,
    "balanced_accuracy": 0.7802206708376134,
    "per_class": {
      "BENIGN": {
        "precision": 0.9999466305396474,
        "recall": 0.7291461483426184,
        "f1-score": 0.8433407890089953,
        "support": 334051.0
      },
      "Bot": {
        "precision": 0.029636281993713515,
        "recall": 0.9027355623100304,
        "f1-score": 0.05738853195497802,
        "support": 658.0
      },
      "DDoS": {
        "precision": 0.5351035283751853,
        "recall": 0.9851791771125202,
        "f1-score": 0.6935195037761802,
        "support": 13562.0
      },
      "DoS Hulk": {
        "precision": 0.8813940415964024,
        "recall": 0.8706274292059967,
        "f1-score": 0.8759776536312849,
        "support": 1801.0
      },
      "DoS Slowhttptest": {
        "precision": 0.7798611111111111,
        "recall": 0.8877470355731225,
        "f1-score": 0.8303142329020333,
        "support": 1265.0
      },
      "DoS slowloris": {
        "precision": 0.8844961240310077,
        "recall": 0.9768835616438356,
        "f1-score": 0.9283970707892596,
        "support": 1168.0
      },
      "FTP-Patator": {
        "precision": 0.38508715300193674,
        "recall": 0.9958263772954925,
        "f1-score": 0.5554003724394786,
        "support": 1198.0
      },
      "Heartbleed": {
        "precision": 0.0,
        "recall": 0.0,
        "f1-score": 0.0,
        "support": 0.0
      },
      "Infiltration": {
        "precision": 0.0,
        "recall": 0.0,
        "f1-score": 0.0,
        "support": 10.0
      },
      "PortScan": {
        "precision": 0.9853475266123982,
        "recall": 0.9854915141014132,
        "f1-score": 0.9854195150971162,
        "support": 47903.0
      },
      "SSH-Patator": {
        "precision": 0.40238860817638955,
        "recall": 0.9798657718120806,
        "f1-score": 0.5704982090524259,
        "support": 894.0
      },
      "Web Attack - Brute Force": {
        "precision": 0.0018383346850500135,
        "recall": 0.08312958435207823,
        "f1-score": 0.0035971223021582736,
        "support": 409.0
      },
      "Web Attack - Sql Injection": {
        "precision": 0.00021466137168616508,
        "recall": 0.8,
        "f1-score": 0.00042920757551370784,
        "support": 5.0
      },
      "Web Attack - XSS": {
        "precision": 0.01279162729849553,
        "recall": 0.946236559139785,
        "f1-score": 0.025242022230190033,
        "support": 186.0
      }
    },
    "confusion_matrix": [
      [
        243572,
        19173,
        11595,
        91,
        55,
        117,
        1905,
        129,
        5420,
        692,
        1301,
        18385,
        18594,
        13022
      ],
      [
        0,
        594,
        0,
        0,
        0,
        1,
        0,
        0,
        6,
        0,
        0,
        0,
        2,
        55
      ],
      [
        0,
        88,
        13361,
        0,
        8,
        0,
        0,
        0,
        21,
        0,
        0,
        15,
        33,
        36
      ],
      [
        0,
        0,
        4,
        1568,
        229,
        0,
        0,
        0,
        0,
        0,
        0,
        0,
        0,
        0
      ],
      [
        0,
        0,
        0,
        118,
        1123,
        20,
        0,
        0,
        0,
        0,
        0,
        0,
        0,
        4
      ],
      [
        0,
        0,
        0,
        0,
        24,
        1141,
        0,
        0,
        0,
        0,
        0,
        3,
        0,
        0
      ],
      [
        5,
        0,
        0,
        0,
        0,
        0,
        1193,
        0,
        0,
        0,
        0,
        0,
        0,
        0
      ],
      [
        0,
        0,
        0,
        0,
        0,
        0,
        0,
        0,
        0,
        0,
        0,
        0,
        0,
        0
      ],
      [
        1,
        0,
        0,
        0,
        0,
        0,
        0,
        0,
        0,
        9,
        0,
        0,
        0,
        0
      ],
      [
        0,
        141,
        9,
        0,
        0,
        10,
        0,
        0,
        353,
        47208,
        0,
        55,
        0,
        127
      ],
      [
        7,
        10,
        0,
        0,
        0,
        0,
        0,
        0,
        0,
        0,
        876,
        1,
        0,
        0
      ],
      [
        0,
        32,
        0,
        0,
        1,
        1,
        0,
        1,
        0,
        1,
        0,
        34,
        0,
        339
      ],
      [
        0,
        1,
        0,
        0,
        0,
        0,
        0,
        0,
        0,
        0,
        0,
        0,
        4,
        0
      ],
      [
        0,
        4,
        0,
        2,
        0,
        0,
        0,
        0,
        1,
        0,
        0,
        2,
        1,
        176
      ]
    ],
    "class_order": [
      "BENIGN",
      "Bot",
      "DDoS",
      "DoS Hulk",
      "DoS Slowhttptest",
      "DoS slowloris",
      "FTP-Patator",
      "Heartbleed",
      "Infiltration",
      "PortScan",
      "SSH-Patator",
      "Web Attack - Brute Force",
      "Web Attack - Sql Injection",
      "Web Attack - XSS"
    ]
  },
  "feature_importances": null,
  "wall_seconds": 124.2
}