{
  "config": {
    "tool": "argus",
    "regime": "common",
    "model": "mlp",
    "task": "multiclass",
    "split": "stratified",
    "seed": 3,
    "include_port": false,
    "dataset": "cicids2017",
    "n_features": 9,
    "subsample_benign": null,
    "max_train": 400000
  },
  "config_hash": "471cdf4a7d1abc6c",
  "git_commit": null,
  "n_train": 400000,
  "n_test": 403110,
  "n_test_unseen_class": 0,
  "features": [
    "duration",
    "pkts_fwd",
    "pkts_bwd",
    "bytes_fwd",
    "bytes_bwd",
    "tot_pkts",
    "tot_bytes",
    "is_tcp",
    "is_udp"
  ],
  "metrics": {
    "macro_f1": 0.606022941765418,
    "weighted_f1": 0.9935565025387144,
    "balanced_accuracy": 0.638104485994419,
    "per_class": {
      "BENIGN": {
        "precision": 0.9962380945260986,
        "recall": 0.9972938263917785,
        "f1-score": 0.996765680912431,
        "support": 334051.0
      },
      "Bot": {
        "precision": 0.8454545454545455,
        "recall": 0.2826747720364742,
        "f1-score": 0.42369020501138954,
        "support": 658.0
      },
      "DDoS": {
        "precision": 0.9995577178239717,
        "recall": 0.9998525291254977,
        "f1-score": 0.9997051017398997,
        "support": 13562.0
      },
      "DoS Hulk": {
        "precision": 0.9977703455964325,
        "recall": 0.9938922820655192,
        "f1-score": 0.9958275382475661,
        "support": 1801.0
      },
      "DoS Slowhttptest": {
        "precision": 0.9827315541601256,
        "recall": 0.9897233201581027,
        "f1-score": 0.9862150452934226,
        "support": 1265.0
      },
      "DoS slowloris": {
        "precision": 0.9905982905982906,
        "recall": 0.9922945205479452,
        "f1-score": 0.9914456800684346,
        "support": 1168.0
      },
      "FTP-Patator": {
        "precision": 0.9983221476510067,
        "recall": 0.993322203672788,
        "f1-score": 0.99581589958159,
        "support": 1198.0
      },
      "Heartbleed": {
        "precision": 0.0,
        "recall": 0.0,
        "f1-score": 0.0,
        "support": 0.0
      },
      "Infiltration": {
        "precision": 0.0,
        "recall": 0.0,
        "f1-score": 0.0,
        "support": 10.0
      },
      "PortScan": {
        "precision": 0.9824752883031301,
        "recall": 0.9959501492599628,
        "f1-score": 0.9891668308055939,
        "support": 47903.0
      },
      "SSH-Patator": {
        "precision": 0.9821428571428571,
        "recall": 0.9843400447427293,
        "f1-score": 0.9832402234636871,
        "support": 894.0
      },
      "Web Attack - Brute Force": {
        "precision": 0.84375,
        "recall": 0.06601466992665037,
        "f1-score": 0.12244897959183673,
        "support": 409.0
      },
      "Web Attack - Sql Injection": {
        "precision": 0.0,
        "recall": 0.0,
        "f1-score": 0.0,
        "support": 5.0
      },
      "Web Attack - XSS": {
        "precision": 0.0,
        "recall": 0.0,
        "f1-score": 0.0,
        "support": 186.0
      }
    },
    "confusion_matrix": [
      [
        333147,
        31,
        5,
        1,
        2,
        2,
        2,
        1,
        839,
        16,
        5,
        0,
        0
      ],
      [
        470,
        186,
        0,
        0,
        0,
        0,
        0,
        0,
        2,
        0,
        0,
        0,
        0
      ],
      [
        2,
        0,
        13560,
        0,
        0,
        0,
        0,
        0,
        0,
        0,
        0,
        0,
        0
      ],
      [
        0,
        0,
        0,
        1790,
        11,
        0,
        0,
        0,
        0,
        0,
        0,
        0,
        0
      ],
      [
        0,
        0,
        0,
        3,
        1252,
        9,
        0,
        0,
        1,
        0,
        0,
        0,
        0
      ],
      [
        0,
        0,
        0,
        0,
        9,
        1159,
        0,
        0,
        0,
        0,
        0,
        0,
        0
      ],
      [
        8,
        0,
        0,
        0,
        0,
        0,
        1190,
        0,
        0,
        0,
        0,
        0,
        0
      ],
      [
        1,
        0,
        0,
        0,
        0,
        0,
        0,
        0,
        9,
        0,
        0,
        0,
        0
      ],
      [
        193,
        0,
        1,
        0,
        0,
        0,
        0,
        0,
        47709,
        0,
        0,
        0,
        0
      ],
      [
        13,
        1,
        0,
        0,
        0,
        0,
        0,
        0,
        0,
        880,
        0,
        0,
        0
      ],
      [
        380,
        2,
        0,
        0,
        0,
        0,
        0,
        0,
        0,
        0,
        27,
        0,
        0
      ],
      [
        5,
        0,
        0,
        0,
        0,
        0,
        0,
        0,
        0,
        0,
        0,
        0,
        0
      ],
      [
        186,
        0,
        0,
        0,
        0,
        0,
        0,
        0,
        0,
        0,
        0,
        0,
        0
      ]
    ],
    "class_order": [
      "BENIGN",
      "Bot",
      "DDoS",
      "DoS Hulk",
      "DoS Slowhttptest",
      "DoS slowloris",
      "FTP-Patator",
      "Heartbleed",
      "Infiltration",
      "PortScan",
      "SSH-Patator",
      "Web Attack - Brute Force",
      "Web Attack - Sql Injection",
      "Web Attack - XSS"
    ]
  },
  "feature_importances": null,
  "wall_seconds": 49.4
}