{
  "config": {
    "tool": "argus",
    "regime": "native",
    "model": "logreg",
    "task": "binary",
    "split": "stratified",
    "seed": 1,
    "include_port": false,
    "dataset": "cicids2017",
    "n_features": 7,
    "subsample_benign": null,
    "max_train": 400000
  },
  "config_hash": "d4b00941c1cc20d7",
  "git_commit": null,
  "n_train": 400000,
  "n_test": 403110,
  "n_test_unseen_class": 0,
  "features": [
    "tool_StartTime",
    "tool_LastTime",
    "tool_Dur",
    "tool_SrcPkts",
    "tool_DstPkts",
    "tool_SrcBytes",
    "tool_DstBytes"
  ],
  "metrics": {
    "macro_f1": 0.8243397062685129,
    "weighted_f1": 0.8877200048073229,
    "balanced_accuracy": 0.9094531201397342,
    "per_class": {
      "0": {
        "precision": 0.9901107417804799,
        "recall": 0.8604793878778989,
        "f1-score": 0.920754813683,
        "support": 334051.0
      },
      "1": {
        "precision": 0.586799060242032,
        "recall": 0.9584268524015697,
        "f1-score": 0.7279245988540257,
        "support": 69059.0
      }
    },
    "fpr": 0.13952061212210112,
    "attack_recall": 0.9584268524015697,
    "attack_precision": 0.586799060242032,
    "auc_pr": 0.8753037231989511,
    "confusion_matrix": [
      [
        287444,
        46607
      ],
      [
        2871,
        66188
      ]
    ],
    "class_order": [
      "0",
      "1"
    ]
  },
  "feature_importances": null,
  "wall_seconds": 5.1
}