{
  "config": {
    "tool": "argus",
    "regime": "native",
    "model": "xgb",
    "task": "binary",
    "split": "stratified",
    "seed": 4,
    "include_port": false,
    "dataset": "cicids2017",
    "n_features": 7,
    "subsample_benign": null,
    "max_train": 400000
  },
  "config_hash": "6a0e88e4e130ffc2",
  "git_commit": null,
  "n_train": 400000,
  "n_test": 403110,
  "n_test_unseen_class": 0,
  "features": [
    "tool_StartTime",
    "tool_LastTime",
    "tool_Dur",
    "tool_SrcPkts",
    "tool_DstPkts",
    "tool_SrcBytes",
    "tool_DstBytes"
  ],
  "metrics": {
    "macro_f1": 0.9994627662291224,
    "weighted_f1": 0.9996948977711854,
    "balanced_accuracy": 0.9995459561760838,
    "per_class": {
      "0": {
        "precision": 0.9998592907054027,
        "recall": 0.9997724898293973,
        "f1-score": 0.9998158883834551,
        "support": 334051.0
      },
      "1": {
        "precision": 0.9988999536822603,
        "recall": 0.9993194225227704,
        "f1-score": 0.9991096440747899,
        "support": 69059.0
      }
    },
    "fpr": 0.0002275101706026924,
    "attack_recall": 0.9993194225227704,
    "attack_precision": 0.9988999536822603,
    "auc_pr": 0.9999812777257832,
    "confusion_matrix": [
      [
        333975,
        76
      ],
      [
        47,
        69012
      ]
    ],
    "class_order": [
      "0",
      "1"
    ]
  },
  "feature_importances": {
    "tool_StartTime": 0.43452125787734985,
    "tool_LastTime": 0.20959720015525818,
    "tool_DstBytes": 0.10972733050584793,
    "tool_SrcPkts": 0.09798085689544678,
    "tool_SrcBytes": 0.08441615849733353,
    "tool_DstPkts": 0.049623407423496246,
    "tool_Dur": 0.014133787713944912
  },
  "wall_seconds": 6.3
}