{
  "config": {
    "tool": "argus",
    "regime": "native",
    "model": "logreg",
    "task": "binary",
    "split": "temporal",
    "seed": 2,
    "include_port": false,
    "dataset": "cicids2017",
    "n_features": 7,
    "subsample_benign": null,
    "max_train": 400000
  },
  "config_hash": "f1c9b03c6a5f72b2",
  "git_commit": null,
  "n_train": 400000,
  "n_test": 655831,
  "n_test_unseen_class": 0,
  "features": [
    "tool_StartTime",
    "tool_LastTime",
    "tool_Dur",
    "tool_SrcPkts",
    "tool_DstPkts",
    "tool_SrcBytes",
    "tool_DstBytes"
  ],
  "metrics": {
    "macro_f1": 0.37375488622851416,
    "weighted_f1": 0.5066194375719586,
    "balanced_accuracy": 0.4332047291617953,
    "per_class": {
      "0": {
        "precision": 0.649073176488439,
        "recall": 0.8618377018317921,
        "f1-score": 0.74047482584462,
        "support": 446721.0
      },
      "1": {
        "precision": 0.01525304741846959,
        "recall": 0.004571756491798575,
        "f1-score": 0.007034946612408292,
        "support": 209110.0
      }
    },
    "fpr": 0.1381622981682079,
    "attack_recall": 0.004571756491798575,
    "attack_precision": 0.01525304741846959,
    "auc_pr": 0.36336950567280635,
    "confusion_matrix": [
      [
        385001,
        61720
      ],
      [
        208154,
        956
      ]
    ],
    "class_order": [
      "0",
      "1"
    ]
  },
  "feature_importances": null,
  "wall_seconds": 5.4
}