{
  "config": {
    "tool": "argus",
    "regime": "native",
    "model": "logreg",
    "task": "multiclass",
    "split": "stratified",
    "seed": 2,
    "include_port": false,
    "dataset": "cicids2017",
    "n_features": 7,
    "subsample_benign": null,
    "max_train": 400000
  },
  "config_hash": "8139ea4f13638991",
  "git_commit": null,
  "n_train": 400000,
  "n_test": 403110,
  "n_test_unseen_class": 0,
  "features": [
    "tool_StartTime",
    "tool_LastTime",
    "tool_Dur",
    "tool_SrcPkts",
    "tool_DstPkts",
    "tool_SrcBytes",
    "tool_DstBytes"
  ],
  "metrics": {
    "macro_f1": 0.43451894067510366,
    "weighted_f1": 0.7402894023078307,
    "balanced_accuracy": 0.8206698994073343,
    "per_class": {
      "BENIGN": {
        "precision": 0.9997687632135307,
        "recall": 0.5435996299966173,
        "f1-score": 0.7042698712193344,
        "support": 334051.0
      },
      "Bot": {
        "precision": 0.019581691421642924,
        "recall": 0.9817629179331308,
        "f1-score": 0.038397527341892536,
        "support": 658.0
      },
      "DDoS": {
        "precision": 0.9244523305807685,
        "recall": 0.9988202330039817,
        "f1-score": 0.9601984759879497,
        "support": 13562.0
      },
      "DoS Hulk": {
        "precision": 0.5347682119205298,
        "recall": 0.8967240421987784,
        "f1-score": 0.6699854801908318,
        "support": 1801.0
      },
      "DoS Slowhttptest": {
        "precision": 0.5216124332200097,
        "recall": 0.8490118577075099,
        "f1-score": 0.6462093862815884,
        "support": 1265.0
      },
      "DoS slowloris": {
        "precision": 0.6947692307692308,
        "recall": 0.9666095890410958,
        "f1-score": 0.8084496956677408,
        "support": 1168.0
      },
      "FTP-Patator": {
        "precision": 0.5010579771476936,
        "recall": 0.988313856427379,
        "f1-score": 0.664981746700365,
        "support": 1198.0
      },
      "Heartbleed": {
        "precision": 0.0,
        "recall": 0.0,
        "f1-score": 0.0,
        "support": 0.0
      },
      "Infiltration": {
        "precision": 0.00020917220101448518,
        "recall": 0.8,
        "f1-score": 0.0004182350480970305,
        "support": 10.0
      },
      "PortScan": {
        "precision": 0.9220547440299521,
        "recall": 0.9922343068283823,
        "f1-score": 0.9558581024011583,
        "support": 47903.0
      },
      "SSH-Patator": {
        "precision": 0.4481707317073171,
        "recall": 0.9865771812080537,
        "f1-score": 0.6163522012578616,
        "support": 894.0
      },
      "Web Attack - Brute Force": {
        "precision": 0.0015834715729150957,
        "recall": 0.10268948655256724,
        "f1-score": 0.0031188504808227825,
        "support": 409.0
      },
      "Web Attack - Sql Injection": {
        "precision": 0.0001417233560090703,
        "recall": 0.6,
        "f1-score": 0.00028337977612997685,
        "support": 5.0
      },
      "Web Attack - XSS": {
        "precision": 0.0074280023238443025,
        "recall": 0.9623655913978495,
        "f1-score": 0.014742217097677483,
        "support": 186.0
      }
    },
    "confusion_matrix": [
      [
        181590,
        32049,
        1078,
        1250,
        764,
        458,
        1179,
        1211,
        38220,
        4018,
        1086,
        26426,
        21149,
        23573
      ],
      [
        0,
        646,
        0,
        0,
        0,
        0,
        0,
        0,
        12,
        0,
        0,
        0,
        0,
        0
      ],
      [
        0,
        14,
        13546,
        0,
        0,
        0,
        0,
        0,
        0,
        0,
        0,
        0,
        1,
        1
      ],
      [
        1,
        0,
        0,
        1615,
        185,
        0,
        0,
        0,
        0,
        0,
        0,
        0,
        0,
        0
      ],
      [
        0,
        0,
        0,
        151,
        1074,
        37,
        0,
        0,
        0,
        0,
        0,
        1,
        0,
        2
      ],
      [
        2,
        0,
        0,
        0,
        35,
        1129,
        0,
        0,
        0,
        0,
        0,
        2,
        0,
        0
      ],
      [
        6,
        0,
        0,
        0,
        0,
        0,
        1184,
        0,
        0,
        0,
        0,
        8,
        0,
        0
      ],
      [
        0,
        0,
        0,
        0,
        0,
        0,
        0,
        0,
        0,
        0,
        0,
        0,
        0,
        0
      ],
      [
        0,
        0,
        0,
        0,
        0,
        0,
        0,
        2,
        8,
        0,
        0,
        0,
        0,
        0
      ],
      [
        20,
        281,
        29,
        0,
        0,
        0,
        0,
        0,
        0,
        47531,
        0,
        42,
        0,
        0
      ],
      [
        12,
        0,
        0,
        0,
        0,
        0,
        0,
        0,
        0,
        0,
        882,
        0,
        0,
        0
      ],
      [
        1,
        0,
        0,
        0,
        1,
        1,
        0,
        2,
        6,
        0,
        0,
        42,
        15,
        341
      ],
      [
        0,
        0,
        0,
        0,
        0,
        0,
        0,
        0,
        0,
        0,
        0,
        0,
        3,
        2
      ],
      [
        0,
        0,
        0,
        4,
        0,
        0,
        0,
        0,
        0,
        0,
        0,
        3,
        0,
        179
      ]
    ],
    "class_order": [
      "BENIGN",
      "Bot",
      "DDoS",
      "DoS Hulk",
      "DoS Slowhttptest",
      "DoS slowloris",
      "FTP-Patator",
      "Heartbleed",
      "Infiltration",
      "PortScan",
      "SSH-Patator",
      "Web Attack - Brute Force",
      "Web Attack - Sql Injection",
      "Web Attack - XSS"
    ]
  },
  "feature_importances": null,
  "wall_seconds": 74.5
}