{
  "config": {
    "tool": "argus",
    "regime": "native",
    "model": "mlp",
    "task": "multiclass",
    "split": "stratified",
    "seed": 3,
    "include_port": false,
    "dataset": "cicids2017",
    "n_features": 7,
    "subsample_benign": null,
    "max_train": 400000
  },
  "config_hash": "21dd7fbe1192ed33",
  "git_commit": null,
  "n_train": 400000,
  "n_test": 403110,
  "n_test_unseen_class": 0,
  "features": [
    "tool_StartTime",
    "tool_LastTime",
    "tool_Dur",
    "tool_SrcPkts",
    "tool_DstPkts",
    "tool_SrcBytes",
    "tool_DstBytes"
  ],
  "metrics": {
    "macro_f1": 0.6399355880343263,
    "weighted_f1": 0.9967754429873721,
    "balanced_accuracy": 0.6854587204737231,
    "per_class": {
      "BENIGN": {
        "precision": 0.9975797126132829,
        "recall": 0.9994312245734933,
        "f1-score": 0.9985046102864867,
        "support": 334051.0
      },
      "Bot": {
        "precision": 0.85383502170767,
        "recall": 0.8966565349544073,
        "f1-score": 0.8747220163083765,
        "support": 658.0
      },
      "DDoS": {
        "precision": 1.0,
        "recall": 0.9999262645627489,
        "f1-score": 0.9999631309220957,
        "support": 13562.0
      },
      "DoS Hulk": {
        "precision": 0.987885462555066,
        "recall": 0.9961132704053304,
        "f1-score": 0.9919823057782693,
        "support": 1801.0
      },
      "DoS Slowhttptest": {
        "precision": 0.9818037974683544,
        "recall": 0.9810276679841897,
        "f1-score": 0.981415579280348,
        "support": 1265.0
      },
      "DoS slowloris": {
        "precision": 0.993103448275862,
        "recall": 0.9863013698630136,
        "f1-score": 0.9896907216494846,
        "support": 1168.0
      },
      "FTP-Patator": {
        "precision": 0.9991603694374476,
        "recall": 0.993322203672788,
        "f1-score": 0.996232733361239,
        "support": 1198.0
      },
      "Heartbleed": {
        "precision": 0.0,
        "recall": 0.0,
        "f1-score": 0.0,
        "support": 0.0
      },
      "Infiltration": {
        "precision": 0.0,
        "recall": 0.0,
        "f1-score": 0.0,
        "support": 10.0
      },
      "PortScan": {
        "precision": 0.9989124751646973,
        "recall": 0.9970774273010041,
        "f1-score": 0.9979941076913433,
        "support": 47903.0
      },
      "SSH-Patator": {
        "precision": 0.9966024915062288,
        "recall": 0.9843400447427293,
        "f1-score": 0.9904333145751266,
        "support": 894.0
      },
      "Web Attack - Brute Force": {
        "precision": 0.5094339622641509,
        "recall": 0.06601466992665037,
        "f1-score": 0.11688311688311688,
        "support": 409.0
      },
      "Web Attack - Sql Injection": {
        "precision": 0.0,
        "recall": 0.0,
        "f1-score": 0.0,
        "support": 5.0
      },
      "Web Attack - XSS": {
        "precision": 1.0,
        "recall": 0.010752688172043012,
        "f1-score": 0.02127659574468085,
        "support": 186.0
      }
    },
    "confusion_matrix": [
      [
        333861,
        101,
        0,
        6,
        0,
        0,
        1,
        3,
        0,
        50,
        3,
        26,
        0,
        0
      ],
      [
        66,
        590,
        0,
        0,
        0,
        0,
        0,
        0,
        0,
        2,
        0,
        0,
        0,
        0
      ],
      [
        1,
        0,
        13561,
        0,
        0,
        0,
        0,
        0,
        0,
        0,
        0,
        0,
        0,
        0
      ],
      [
        0,
        0,
        0,
        1794,
        7,
        0,
        0,
        0,
        0,
        0,
        0,
        0,
        0,
        0
      ],
      [
        0,
        0,
        0,
        16,
        1241,
        8,
        0,
        0,
        0,
        0,
        0,
        0,
        0,
        0
      ],
      [
        0,
        0,
        0,
        0,
        16,
        1152,
        0,
        0,
        0,
        0,
        0,
        0,
        0,
        0
      ],
      [
        8,
        0,
        0,
        0,
        0,
        0,
        1190,
        0,
        0,
        0,
        0,
        0,
        0,
        0
      ],
      [
        0,
        0,
        0,
        0,
        0,
        0,
        0,
        0,
        0,
        0,
        0,
        0,
        0,
        0
      ],
      [
        10,
        0,
        0,
        0,
        0,
        0,
        0,
        0,
        0,
        0,
        0,
        0,
        0,
        0
      ],
      [
        140,
        0,
        0,
        0,
        0,
        0,
        0,
        0,
        0,
        47763,
        0,
        0,
        0,
        0
      ],
      [
        14,
        0,
        0,
        0,
        0,
        0,
        0,
        0,
        0,
        0,
        880,
        0,
        0,
        0
      ],
      [
        382,
        0,
        0,
        0,
        0,
        0,
        0,
        0,
        0,
        0,
        0,
        27,
        0,
        0
      ],
      [
        5,
        0,
        0,
        0,
        0,
        0,
        0,
        0,
        0,
        0,
        0,
        0,
        0,
        0
      ],
      [
        184,
        0,
        0,
        0,
        0,
        0,
        0,
        0,
        0,
        0,
        0,
        0,
        0,
        2
      ]
    ],
    "class_order": [
      "BENIGN",
      "Bot",
      "DDoS",
      "DoS Hulk",
      "DoS Slowhttptest",
      "DoS slowloris",
      "FTP-Patator",
      "Heartbleed",
      "Infiltration",
      "PortScan",
      "SSH-Patator",
      "Web Attack - Brute Force",
      "Web Attack - Sql Injection",
      "Web Attack - XSS"
    ]
  },
  "feature_importances": null,
  "wall_seconds": 62.5
}