{
  "config": {
    "tool": "cicflowmeter-fixed",
    "regime": "common",
    "model": "mlp",
    "task": "multiclass",
    "split": "stratified",
    "seed": 3,
    "include_port": false,
    "dataset": "cicids2017",
    "n_features": 9,
    "subsample_benign": null,
    "max_train": 400000
  },
  "config_hash": "22faae5d09882bc2",
  "git_commit": null,
  "n_train": 400000,
  "n_test": 631280,
  "n_test_unseen_class": 0,
  "features": [
    "duration",
    "pkts_fwd",
    "pkts_bwd",
    "bytes_fwd",
    "bytes_bwd",
    "tot_pkts",
    "tot_bytes",
    "is_tcp",
    "is_udp"
  ],
  "metrics": {
    "macro_f1": 0.5956612529649008,
    "weighted_f1": 0.983883825949438,
    "balanced_accuracy": 0.5883808659059888,
    "per_class": {
      "BENIGN": {
        "precision": 0.9972605915657946,
        "recall": 0.9865804219018781,
        "f1-score": 0.9918917579522365,
        "support": 497035.0
      },
      "Bot": {
        "precision": 0.8414096916299559,
        "recall": 0.1325468424705066,
        "f1-score": 0.2290167865707434,
        "support": 1441.0
      },
      "DDoS": {
        "precision": 0.9994079543080031,
        "recall": 0.9997213029089009,
        "f1-score": 0.999564604050924,
        "support": 28705.0
      },
      "DoS GoldenEye": {
        "precision": 0.9157038938810441,
        "recall": 0.9168808911739503,
        "f1-score": 0.9162920145579105,
        "support": 2334.0
      },
      "DoS Hulk": {
        "precision": 0.9975204353947341,
        "recall": 0.9943236563193834,
        "f1-score": 0.9959194805467266,
        "support": 47742.0
      },
      "DoS Slowhttptest": {
        "precision": 0.8534183082271147,
        "recall": 0.9602346805736637,
        "f1-score": 0.903680981595092,
        "support": 1534.0
      },
      "DoS slowloris": {
        "precision": 0.9553264604810997,
        "recall": 0.8086096567771961,
        "f1-score": 0.8758664146187776,
        "support": 1719.0
      },
      "FTP-Patator": {
        "precision": 0.999163179916318,
        "recall": 0.9941715237302248,
        "f1-score": 0.996661101836394,
        "support": 1201.0
      },
      "Heartbleed": {
        "precision": 0.0,
        "recall": 0.0,
        "f1-score": 0.0,
        "support": 3.0
      },
      "Infiltration": {
        "precision": 0.0,
        "recall": 0.0,
        "f1-score": 0.0,
        "support": 23.0
      },
      "PortScan": {
        "precision": 0.8623116484706307,
        "recall": 0.9948990214449303,
        "f1-score": 0.9238725892986611,
        "support": 48030.0
      },
      "SSH-Patator": {
        "precision": 0.9954389965792474,
        "recall": 0.9743303571428571,
        "f1-score": 0.9847715736040609,
        "support": 896.0
      },
      "Web Attack - Brute Force": {
        "precision": 0.7878787878787878,
        "recall": 0.06341463414634146,
        "f1-score": 0.11738148984198646,
        "support": 410.0
      },
      "Web Attack - Sql Injection": {
        "precision": 0.0,
        "recall": 0.0,
        "f1-score": 0.0,
        "support": 5.0
      },
      "Web Attack - XSS": {
        "precision": 0.0,
        "recall": 0.0,
        "f1-score": 0.0,
        "support": 202.0
      }
    },
    "confusion_matrix": [
      [
        490365,
        36,
        3,
        65,
        40,
        242,
        46,
        1,
        0,
        0,
        6226,
        4,
        7,
        0,
        0
      ],
      [
        90,
        191,
        0,
        0,
        0,
        0,
        0,
        0,
        0,
        0,
        1160,
        0,
        0,
        0,
        0
      ],
      [
        7,
        0,
        28697,
        0,
        1,
        0,
        0,
        0,
        0,
        0,
        0,
        0,
        0,
        0,
        0
      ],
      [
        85,
        0,
        0,
        2140,
        77,
        2,
        0,
        0,
        0,
        0,
        30,
        0,
        0,
        0,
        0
      ],
      [
        99,
        0,
        0,
        132,
        47471,
        2,
        0,
        0,
        0,
        0,
        38,
        0,
        0,
        0,
        0
      ],
      [
        42,
        0,
        0,
        0,
        0,
        1473,
        19,
        0,
        0,
        0,
        0,
        0,
        0,
        0,
        0
      ],
      [
        161,
        0,
        0,
        0,
        0,
        7,
        1390,
        0,
        0,
        0,
        161,
        0,
        0,
        0,
        0
      ],
      [
        7,
        0,
        0,
        0,
        0,
        0,
        0,
        1194,
        0,
        0,
        0,
        0,
        0,
        0,
        0
      ],
      [
        3,
        0,
        0,
        0,
        0,
        0,
        0,
        0,
        0,
        0,
        0,
        0,
        0,
        0,
        0
      ],
      [
        10,
        0,
        0,
        0,
        0,
        0,
        0,
        0,
        0,
        0,
        13,
        0,
        0,
        0,
        0
      ],
      [
        231,
        0,
        14,
        0,
        0,
        0,
        0,
        0,
        0,
        0,
        47785,
        0,
        0,
        0,
        0
      ],
      [
        21,
        0,
        0,
        0,
        0,
        0,
        0,
        0,
        0,
        0,
        2,
        873,
        0,
        0,
        0
      ],
      [
        384,
        0,
        0,
        0,
        0,
        0,
        0,
        0,
        0,
        0,
        0,
        0,
        26,
        0,
        0
      ],
      [
        5,
        0,
        0,
        0,
        0,
        0,
        0,
        0,
        0,
        0,
        0,
        0,
        0,
        0,
        0
      ],
      [
        202,
        0,
        0,
        0,
        0,
        0,
        0,
        0,
        0,
        0,
        0,
        0,
        0,
        0,
        0
      ]
    ],
    "class_order": [
      "BENIGN",
      "Bot",
      "DDoS",
      "DoS GoldenEye",
      "DoS Hulk",
      "DoS Slowhttptest",
      "DoS slowloris",
      "FTP-Patator",
      "Heartbleed",
      "Infiltration",
      "PortScan",
      "SSH-Patator",
      "Web Attack - Brute Force",
      "Web Attack - Sql Injection",
      "Web Attack - XSS"
    ]
  },
  "feature_importances": null,
  "wall_seconds": 40.9
}