{
  "config": {
    "tool": "cicflowmeter-orig",
    "regime": "common",
    "model": "rf",
    "task": "multiclass",
    "split": "stratified",
    "seed": 2,
    "include_port": false,
    "dataset": "cicids2017",
    "n_features": 9,
    "subsample_benign": null,
    "max_train": 400000
  },
  "config_hash": "67f50098e451c23b",
  "git_commit": null,
  "n_train": 400000,
  "n_test": 816973,
  "n_test_unseen_class": 0,
  "features": [
    "duration",
    "pkts_fwd",
    "pkts_bwd",
    "bytes_fwd",
    "bytes_bwd",
    "tot_pkts",
    "tot_bytes",
    "is_tcp",
    "is_udp"
  ],
  "metrics": {
    "macro_f1": 0.5900612953040663,
    "weighted_f1": 0.9664693523356598,
    "balanced_accuracy": 0.6857896602118102,
    "per_class": {
      "BENIGN": {
        "precision": 0.9955670241856643,
        "recall": 0.9627359403446215,
        "f1-score": 0.9788762745762151,
        "support": 583887.0
      },
      "Bot": {
        "precision": 0.20277541772868876,
        "recall": 0.49687716863289383,
        "f1-score": 0.28801287208366855,
        "support": 1441.0
      },
      "DDoS": {
        "precision": 0.9982460755941419,
        "recall": 0.9971442587336627,
        "f1-score": 0.9976948629626708,
        "support": 57078.0
      },
      "DoS GoldenEye": {
        "precision": 0.97340930674264,
        "recall": 0.9771210676835081,
        "f1-score": 0.9752616555661275,
        "support": 3147.0
      },
      "DoS Hulk": {
        "precision": 0.9789147203675399,
        "recall": 0.9561474730014056,
        "f1-score": 0.9673971610532546,
        "support": 114543.0
      },
      "DoS Slowhttptest": {
        "precision": 0.9229261920313521,
        "recall": 0.9229261920313521,
        "f1-score": 0.9229261920313521,
        "support": 1531.0
      },
      "DoS slowloris": {
        "precision": 0.9953051643192489,
        "recall": 0.9871944121071012,
        "f1-score": 0.9912331969608417,
        "support": 1718.0
      },
      "FTP-Patator": {
        "precision": 0.9579663730984788,
        "recall": 0.7628307299968122,
        "f1-score": 0.8493345164152618,
        "support": 3137.0
      },
      "Heartbleed": {
        "precision": 0.008982035928143712,
        "recall": 1.0,
        "f1-score": 0.017804154302670624,
        "support": 3.0
      },
      "Infiltration": {
        "precision": 0.0069269521410579345,
        "recall": 0.4583333333333333,
        "f1-score": 0.013647642679900745,
        "support": 24.0
      },
      "PortScan": {
        "precision": 0.7087315345749804,
        "recall": 0.9963755285687504,
        "f1-score": 0.8282913989852638,
        "support": 48007.0
      },
      "SSH-Patator": {
        "precision": 0.9704595185995624,
        "recall": 0.4966405375139978,
        "f1-score": 0.6570370370370371,
        "support": 1786.0
      },
      "Web Attack - Brute Force": {
        "precision": 0.14427860696517414,
        "recall": 0.1277533039647577,
        "f1-score": 0.13551401869158877,
        "support": 454.0
      },
      "Web Attack - Sql Injection": {
        "precision": 1.0,
        "recall": 0.1111111111111111,
        "f1-score": 0.2,
        "support": 9.0
      },
      "Web Attack - XSS": {
        "precision": 0.023809523809523808,
        "recall": 0.03365384615384615,
        "f1-score": 0.027888446215139442,
        "support": 208.0
      }
    },
    "confusion_matrix": [
      [
        562129,
        477,
        29,
        57,
        2166,
        106,
        5,
        104,
        331,
        255,
        17606,
        17,
        340,
        0,
        265
      ],
      [
        41,
        716,
        0,
        0,
        15,
        0,
        0,
        0,
        0,
        669,
        0,
        0,
        0,
        0,
        0
      ],
      [
        59,
        0,
        56915,
        4,
        87,
        0,
        0,
        0,
        0,
        0,
        13,
        0,
        0,
        0,
        0
      ],
      [
        51,
        0,
        3,
        3075,
        14,
        4,
        0,
        0,
        0,
        0,
        0,
        0,
        0,
        0,
        0
      ],
      [
        1538,
        2330,
        65,
        22,
        109520,
        0,
        0,
        1,
        0,
        645,
        417,
        5,
        0,
        0,
        0
      ],
      [
        114,
        0,
        0,
        0,
        0,
        1413,
        3,
        0,
        0,
        0,
        1,
        0,
        0,
        0,
        0
      ],
      [
        12,
        0,
        0,
        1,
        0,
        8,
        1696,
        0,
        0,
        0,
        1,
        0,
        0,
        0,
        0
      ],
      [
        15,
        0,
        0,
        0,
        0,
        0,
        0,
        2393,
        0,
        0,
        727,
        2,
        0,
        0,
        0
      ],
      [
        0,
        0,
        0,
        0,
        0,
        0,
        0,
        0,
        3,
        0,
        0,
        0,
        0,
        0,
        0
      ],
      [
        12,
        1,
        0,
        0,
        0,
        0,
        0,
        0,
        0,
        11,
        0,
        0,
        0,
        0,
        0
      ],
      [
        70,
        6,
        3,
        0,
        72,
        0,
        0,
        0,
        0,
        7,
        47833,
        3,
        0,
        0,
        13
      ],
      [
        39,
        1,
        0,
        0,
        4,
        0,
        0,
        0,
        0,
        0,
        855,
        887,
        0,
        0,
        0
      ],
      [
        351,
        0,
        0,
        0,
        0,
        0,
        0,
        0,
        0,
        1,
        35,
        0,
        58,
        0,
        9
      ],
      [
        6,
        0,
        0,
        0,
        0,
        0,
        0,
        0,
        0,
        0,
        2,
        0,
        0,
        1,
        0
      ],
      [
        195,
        0,
        0,
        0,
        1,
        0,
        0,
        0,
        0,
        0,
        1,
        0,
        4,
        0,
        7
      ]
    ],
    "class_order": [
      "BENIGN",
      "Bot",
      "DDoS",
      "DoS GoldenEye",
      "DoS Hulk",
      "DoS Slowhttptest",
      "DoS slowloris",
      "FTP-Patator",
      "Heartbleed",
      "Infiltration",
      "PortScan",
      "SSH-Patator",
      "Web Attack - Brute Force",
      "Web Attack - Sql Injection",
      "Web Attack - XSS"
    ]
  },
  "feature_importances": {
    "duration": 0.35400893515372434,
    "tot_pkts": 0.11871018270791149,
    "pkts_bwd": 0.09972540771110594,
    "pkts_fwd": 0.09876309750764475,
    "bytes_fwd": 0.09767899360547111,
    "tot_bytes": 0.09732066994667085,
    "bytes_bwd": 0.09631703220233451,
    "is_tcp": 0.021260374550245344,
    "is_udp": 0.016215306614891647
  },
  "wall_seconds": 16.7
}