{
  "config": {
    "tool": "cicflowmeter-fixed",
    "regime": "common",
    "model": "xgb",
    "task": "binary",
    "split": "temporal",
    "seed": 0,
    "include_port": false,
    "dataset": "cicids2017",
    "n_features": 9,
    "subsample_benign": null,
    "max_train": 400000
  },
  "config_hash": "9bde547796c678fa",
  "git_commit": null,
  "n_train": 400000,
  "n_test": 912345,
  "n_test_unseen_class": 0,
  "features": [
    "duration",
    "pkts_fwd",
    "pkts_bwd",
    "bytes_fwd",
    "bytes_bwd",
    "tot_pkts",
    "tot_bytes",
    "is_tcp",
    "is_udp"
  ],
  "metrics": {
    "macro_f1": 0.9699979581081235,
    "weighted_f1": 0.9752842033257965,
    "balanced_accuracy": 0.9741746035310281,
    "per_class": {
      "0": {
        "precision": 0.9884603638584704,
        "recall": 0.976538700138388,
        "f1-score": 0.9824633675878555,
        "support": 649623.0
      },
      "1": {
        "precision": 0.9436680625524381,
        "recall": 0.9718105069236683,
        "f1-score": 0.9575325486283915,
        "support": 262722.0
      }
    },
    "fpr": 0.023461299861612044,
    "attack_recall": 0.9718105069236683,
    "attack_precision": 0.9436680625524381,
    "auc_pr": 0.9608082779961067,
    "confusion_matrix": [
      [
        634382,
        15241
      ],
      [
        7406,
        255316
      ]
    ],
    "class_order": [
      "0",
      "1"
    ]
  },
  "feature_importances": {
    "bytes_bwd": 0.4235987365245819,
    "tot_bytes": 0.21821235120296478,
    "pkts_bwd": 0.16100740432739258,
    "is_tcp": 0.09704176336526871,
    "tot_pkts": 0.046828094869852066,
    "is_udp": 0.02521662414073944,
    "duration": 0.013473127968609333,
    "bytes_fwd": 0.007893816567957401,
    "pkts_fwd": 0.006728089414536953
  },
  "wall_seconds": 5.5
}