{
  "config": {
    "tool": "cicflowmeter-fixed",
    "regime": "common",
    "model": "logreg",
    "task": "binary",
    "split": "temporal",
    "seed": 3,
    "include_port": false,
    "dataset": "cicids2017",
    "n_features": 9,
    "subsample_benign": null,
    "max_train": 400000
  },
  "config_hash": "77b60de357b2c6b3",
  "git_commit": null,
  "n_train": 400000,
  "n_test": 912345,
  "n_test_unseen_class": 0,
  "features": [
    "duration",
    "pkts_fwd",
    "pkts_bwd",
    "bytes_fwd",
    "bytes_bwd",
    "tot_pkts",
    "tot_bytes",
    "is_tcp",
    "is_udp"
  ],
  "metrics": {
    "macro_f1": 0.8085913198079313,
    "weighted_f1": 0.8284360644978273,
    "balanced_accuracy": 0.8734305701973439,
    "per_class": {
      "0": {
        "precision": 0.9996479830043724,
        "recall": 0.7475120185091969,
        "f1-score": 0.8553868917865589,
        "support": 649623.0
      },
      "1": {
        "precision": 0.6154890253250909,
        "recall": 0.9993491218854911,
        "f1-score": 0.7617957478293038,
        "support": 262722.0
      }
    },
    "fpr": 0.25248798149080315,
    "attack_recall": 0.9993491218854911,
    "attack_precision": 0.6154890253250909,
    "auc_pr": 0.8517410045620522,
    "confusion_matrix": [
      [
        485601,
        164022
      ],
      [
        171,
        262551
      ]
    ],
    "class_order": [
      "0",
      "1"
    ]
  },
  "feature_importances": null,
  "wall_seconds": 3.9
}