{
  "config": {
    "tool": "cicflowmeter-fixed",
    "regime": "common",
    "model": "mlp",
    "task": "binary",
    "split": "temporal",
    "seed": 0,
    "include_port": false,
    "dataset": "cicids2017",
    "n_features": 9,
    "subsample_benign": null,
    "max_train": 400000
  },
  "config_hash": "e6542e042311b3f5",
  "git_commit": null,
  "n_train": 400000,
  "n_test": 912345,
  "n_test_unseen_class": 0,
  "features": [
    "duration",
    "pkts_fwd",
    "pkts_bwd",
    "bytes_fwd",
    "bytes_bwd",
    "tot_pkts",
    "tot_bytes",
    "is_tcp",
    "is_udp"
  ],
  "metrics": {
    "macro_f1": 0.6760704938524366,
    "weighted_f1": 0.7546988173624235,
    "balanced_accuracy": 0.6577538509265021,
    "per_class": {
      "0": {
        "precision": 0.787229244751788,
        "recall": 0.9512024666614328,
        "f1-score": 0.8614826737452747,
        "support": 649623.0
      },
      "1": {
        "precision": 0.7511988760782036,
        "recall": 0.3643052351915713,
        "f1-score": 0.4906583139595984,
        "support": 262722.0
      }
    },
    "fpr": 0.04879753333856714,
    "attack_recall": 0.3643052351915713,
    "attack_precision": 0.7511988760782036,
    "auc_pr": 0.8875996940338996,
    "confusion_matrix": [
      [
        617923,
        31700
      ],
      [
        167011,
        95711
      ]
    ],
    "class_order": [
      "0",
      "1"
    ]
  },
  "feature_importances": null,
  "wall_seconds": 21.1
}