{
  "config": {
    "tool": "cicflowmeter-fixed",
    "regime": "common",
    "model": "mlp",
    "task": "multiclass",
    "split": "stratified",
    "seed": 1,
    "include_port": false,
    "dataset": "cicids2017",
    "n_features": 9,
    "subsample_benign": null,
    "max_train": 400000
  },
  "config_hash": "81e7c00a5f92f040",
  "git_commit": null,
  "n_train": 400000,
  "n_test": 631280,
  "n_test_unseen_class": 0,
  "features": [
    "duration",
    "pkts_fwd",
    "pkts_bwd",
    "bytes_fwd",
    "bytes_bwd",
    "tot_pkts",
    "tot_bytes",
    "is_tcp",
    "is_udp"
  ],
  "metrics": {
    "macro_f1": 0.5969650306808502,
    "weighted_f1": 0.9838818099545803,
    "balanced_accuracy": 0.5891606031496248,
    "per_class": {
      "BENIGN": {
        "precision": 0.9973173827092198,
        "recall": 0.9865804219018781,
        "f1-score": 0.9919198478030664,
        "support": 497035.0
      },
      "Bot": {
        "precision": 0.8823529411764706,
        "recall": 0.13532269257460097,
        "f1-score": 0.23465703971119134,
        "support": 1441.0
      },
      "DDoS": {
        "precision": 0.998851254916977,
        "recall": 0.9996167914997387,
        "f1-score": 0.9992338765844825,
        "support": 28705.0
      },
      "DoS GoldenEye": {
        "precision": 0.915807560137457,
        "recall": 0.9134532990574121,
        "f1-score": 0.9146289146289146,
        "support": 2334.0
      },
      "DoS Hulk": {
        "precision": 0.9973944653400854,
        "recall": 0.9942398726488207,
        "f1-score": 0.9958146706806668,
        "support": 47742.0
      },
      "DoS Slowhttptest": {
        "precision": 0.8461538461538461,
        "recall": 0.9823989569752282,
        "f1-score": 0.9092006033182504,
        "support": 1534.0
      },
      "DoS slowloris": {
        "precision": 0.9835243553008596,
        "recall": 0.7987201861547412,
        "f1-score": 0.8815409309791332,
        "support": 1719.0
      },
      "FTP-Patator": {
        "precision": 1.0,
        "recall": 0.9933388842631141,
        "f1-score": 0.9966583124477861,
        "support": 1201.0
      },
      "Heartbleed": {
        "precision": 0.0,
        "recall": 0.0,
        "f1-score": 0.0,
        "support": 3.0
      },
      "Infiltration": {
        "precision": 0.0,
        "recall": 0.0,
        "f1-score": 0.0,
        "support": 23.0
      },
      "PortScan": {
        "precision": 0.8615534435808191,
        "recall": 0.994669997917968,
        "f1-score": 0.923338583894628,
        "support": 48030.0
      },
      "SSH-Patator": {
        "precision": 0.9977116704805492,
        "recall": 0.9732142857142857,
        "f1-score": 0.9853107344632769,
        "support": 896.0
      },
      "Web Attack - Brute Force": {
        "precision": 0.84375,
        "recall": 0.06585365853658537,
        "f1-score": 0.12217194570135746,
        "support": 410.0
      },
      "Web Attack - Sql Injection": {
        "precision": 0.0,
        "recall": 0.0,
        "f1-score": 0.0,
        "support": 5.0
      },
      "Web Attack - XSS": {
        "precision": 0.0,
        "recall": 0.0,
        "f1-score": 0.0,
        "support": 202.0
      }
    },
    "confusion_matrix": [
      [
        490365,
        26,
        2,
        73,
        22,
        264,
        19,
        0,
        0,
        0,
        6255,
        2,
        5,
        0,
        2
      ],
      [
        79,
        195,
        0,
        0,
        0,
        0,
        0,
        0,
        0,
        0,
        1167,
        0,
        0,
        0,
        0
      ],
      [
        11,
        0,
        28694,
        0,
        0,
        0,
        0,
        0,
        0,
        0,
        0,
        0,
        0,
        0,
        0
      ],
      [
        62,
        0,
        0,
        2132,
        102,
        6,
        0,
        0,
        0,
        0,
        32,
        0,
        0,
        0,
        0
      ],
      [
        110,
        0,
        0,
        117,
        47467,
        4,
        0,
        0,
        0,
        0,
        44,
        0,
        0,
        0,
        0
      ],
      [
        17,
        0,
        0,
        5,
        0,
        1507,
        4,
        0,
        0,
        0,
        1,
        0,
        0,
        0,
        0
      ],
      [
        185,
        0,
        0,
        0,
        0,
        0,
        1373,
        0,
        0,
        0,
        161,
        0,
        0,
        0,
        0
      ],
      [
        8,
        0,
        0,
        0,
        0,
        0,
        0,
        1193,
        0,
        0,
        0,
        0,
        0,
        0,
        0
      ],
      [
        3,
        0,
        0,
        0,
        0,
        0,
        0,
        0,
        0,
        0,
        0,
        0,
        0,
        0,
        0
      ],
      [
        8,
        0,
        0,
        0,
        0,
        0,
        0,
        0,
        0,
        0,
        15,
        0,
        0,
        0,
        0
      ],
      [
        225,
        0,
        31,
        0,
        0,
        0,
        0,
        0,
        0,
        0,
        47774,
        0,
        0,
        0,
        0
      ],
      [
        22,
        0,
        0,
        0,
        0,
        0,
        0,
        0,
        0,
        0,
        2,
        872,
        0,
        0,
        0
      ],
      [
        383,
        0,
        0,
        0,
        0,
        0,
        0,
        0,
        0,
        0,
        0,
        0,
        27,
        0,
        0
      ],
      [
        4,
        0,
        0,
        1,
        0,
        0,
        0,
        0,
        0,
        0,
        0,
        0,
        0,
        0,
        0
      ],
      [
        202,
        0,
        0,
        0,
        0,
        0,
        0,
        0,
        0,
        0,
        0,
        0,
        0,
        0,
        0
      ]
    ],
    "class_order": [
      "BENIGN",
      "Bot",
      "DDoS",
      "DoS GoldenEye",
      "DoS Hulk",
      "DoS Slowhttptest",
      "DoS slowloris",
      "FTP-Patator",
      "Heartbleed",
      "Infiltration",
      "PortScan",
      "SSH-Patator",
      "Web Attack - Brute Force",
      "Web Attack - Sql Injection",
      "Web Attack - XSS"
    ]
  },
  "feature_importances": null,
  "wall_seconds": 49.2
}