{
  "config": {
    "tool": "cicflowmeter-orig",
    "regime": "common",
    "model": "xgb",
    "task": "binary",
    "split": "temporal",
    "seed": 0,
    "include_port": false,
    "dataset": "cicids2017",
    "n_features": 9,
    "subsample_benign": null,
    "max_train": 400000
  },
  "config_hash": "5c94e199a6a5089c",
  "git_commit": null,
  "n_train": 400000,
  "n_test": 1105710,
  "n_test_unseen_class": 0,
  "features": [
    "duration",
    "pkts_fwd",
    "pkts_bwd",
    "bytes_fwd",
    "bytes_bwd",
    "tot_pkts",
    "tot_bytes",
    "is_tcp",
    "is_udp"
  ],
  "metrics": {
    "macro_f1": 0.6563463449200702,
    "weighted_f1": 0.7265176650331527,
    "balanced_accuracy": 0.6477543927989367,
    "per_class": {
      "0": {
        "precision": 0.7485299093297672,
        "recall": 0.9963210385014747,
        "f1-score": 0.8548307206868402,
        "support": 748309.0
      },
      "1": {
        "precision": 0.9749003947740306,
        "recall": 0.2991877470963987,
        "f1-score": 0.4578619691533001,
        "support": 357401.0
      }
    },
    "fpr": 0.003678961498525342,
    "attack_recall": 0.2991877470963987,
    "attack_precision": 0.9749003947740306,
    "auc_pr": 0.9242341077370287,
    "confusion_matrix": [
      [
        745556,
        2753
      ],
      [
        250471,
        106930
      ]
    ],
    "class_order": [
      "0",
      "1"
    ]
  },
  "feature_importances": {
    "is_tcp": 0.6291582584381104,
    "is_udp": 0.29952892661094666,
    "tot_pkts": 0.02709607221186161,
    "pkts_fwd": 0.011339445598423481,
    "bytes_bwd": 0.011082131415605545,
    "tot_bytes": 0.009447894990444183,
    "duration": 0.005950467195361853,
    "pkts_bwd": 0.0039664097130298615,
    "bytes_fwd": 0.0024303500540554523
  },
  "wall_seconds": 5.8
}