{
  "config": {
    "tool": "cicflowmeter-fixed",
    "regime": "common",
    "model": "rf",
    "task": "multiclass",
    "split": "stratified",
    "seed": 0,
    "include_port": false,
    "dataset": "cicids2017",
    "n_features": 9,
    "subsample_benign": null,
    "max_train": 400000
  },
  "config_hash": "0214d07db582d899",
  "git_commit": null,
  "n_train": 400000,
  "n_test": 631280,
  "n_test_unseen_class": 0,
  "features": [
    "duration",
    "pkts_fwd",
    "pkts_bwd",
    "bytes_fwd",
    "bytes_bwd",
    "tot_pkts",
    "tot_bytes",
    "is_tcp",
    "is_udp"
  ],
  "metrics": {
    "macro_f1": 0.661620150613341,
    "weighted_f1": 0.988837179596465,
    "balanced_accuracy": 0.7489346423033703,
    "per_class": {
      "BENIGN": {
        "precision": 0.9985021775408035,
        "recall": 0.987141750580945,
        "f1-score": 0.9927894659631835,
        "support": 497035.0
      },
      "Bot": {
        "precision": 0.9396802325581395,
        "recall": 0.897293546148508,
        "f1-score": 0.9179978700745474,
        "support": 1441.0
      },
      "DDoS": {
        "precision": 1.0,
        "recall": 1.0,
        "f1-score": 1.0,
        "support": 28705.0
      },
      "DoS GoldenEye": {
        "precision": 0.7143742255266419,
        "recall": 0.9880034275921166,
        "f1-score": 0.829198130169004,
        "support": 2334.0
      },
      "DoS Hulk": {
        "precision": 0.9995183246073298,
        "recall": 0.9996858112353902,
        "f1-score": 0.9996020609056256,
        "support": 47742.0
      },
      "DoS Slowhttptest": {
        "precision": 0.9336870026525199,
        "recall": 0.9178617992177314,
        "f1-score": 0.925706771860618,
        "support": 1534.0
      },
      "DoS slowloris": {
        "precision": 0.9964705882352941,
        "recall": 0.985456660849331,
        "f1-score": 0.9909330213512723,
        "support": 1719.0
      },
      "FTP-Patator": {
        "precision": 1.0,
        "recall": 1.0,
        "f1-score": 1.0,
        "support": 1201.0
      },
      "Heartbleed": {
        "precision": 0.011627906976744186,
        "recall": 1.0,
        "f1-score": 0.022988505747126436,
        "support": 3.0
      },
      "Infiltration": {
        "precision": 0.05504587155963303,
        "recall": 0.2608695652173913,
        "f1-score": 0.09090909090909091,
        "support": 23.0
      },
      "PortScan": {
        "precision": 0.9124636137059797,
        "recall": 0.9985425775556943,
        "f1-score": 0.953564434193914,
        "support": 48030.0
      },
      "SSH-Patator": {
        "precision": 1.0,
        "recall": 0.9866071428571429,
        "f1-score": 0.9932584269662922,
        "support": 896.0
      },
      "Web Attack - Brute Force": {
        "precision": 0.175,
        "recall": 0.1878048780487805,
        "f1-score": 0.1811764705882353,
        "support": 410.0
      },
      "Web Attack - Sql Injection": {
        "precision": 0.0,
        "recall": 0.0,
        "f1-score": 0.0,
        "support": 5.0
      },
      "Web Attack - XSS": {
        "precision": 0.027777777777777776,
        "recall": 0.024752475247524754,
        "f1-score": 0.02617801047120419,
        "support": 202.0
      }
    },
    "confusion_matrix": [
      [
        490644,
        47,
        0,
        862,
        10,
        89,
        1,
        0,
        255,
        1,
        4601,
        0,
        357,
        0,
        168
      ],
      [
        37,
        1293,
        0,
        1,
        8,
        0,
        0,
        0,
        0,
        102,
        0,
        0,
        0,
        0,
        0
      ],
      [
        0,
        0,
        28705,
        0,
        0,
        0,
        0,
        0,
        0,
        0,
        0,
        0,
        0,
        0,
        0
      ],
      [
        13,
        7,
        0,
        2306,
        5,
        3,
        0,
        0,
        0,
        0,
        0,
        0,
        0,
        0,
        0
      ],
      [
        6,
        2,
        0,
        5,
        47727,
        2,
        0,
        0,
        0,
        0,
        0,
        0,
        0,
        0,
        0
      ],
      [
        120,
        0,
        0,
        1,
        0,
        1408,
        5,
        0,
        0,
        0,
        0,
        0,
        0,
        0,
        0
      ],
      [
        12,
        0,
        0,
        7,
        0,
        6,
        1694,
        0,
        0,
        0,
        0,
        0,
        0,
        0,
        0
      ],
      [
        0,
        0,
        0,
        0,
        0,
        0,
        0,
        1201,
        0,
        0,
        0,
        0,
        0,
        0,
        0
      ],
      [
        0,
        0,
        0,
        0,
        0,
        0,
        0,
        0,
        3,
        0,
        0,
        0,
        0,
        0,
        0
      ],
      [
        6,
        11,
        0,
        0,
        0,
        0,
        0,
        0,
        0,
        6,
        0,
        0,
        0,
        0,
        0
      ],
      [
        8,
        16,
        0,
        46,
        0,
        0,
        0,
        0,
        0,
        0,
        47960,
        0,
        0,
        0,
        0
      ],
      [
        12,
        0,
        0,
        0,
        0,
        0,
        0,
        0,
        0,
        0,
        0,
        884,
        0,
        0,
        0
      ],
      [
        326,
        0,
        0,
        0,
        0,
        0,
        0,
        0,
        0,
        0,
        0,
        0,
        77,
        0,
        7
      ],
      [
        5,
        0,
        0,
        0,
        0,
        0,
        0,
        0,
        0,
        0,
        0,
        0,
        0,
        0,
        0
      ],
      [
        191,
        0,
        0,
        0,
        0,
        0,
        0,
        0,
        0,
        0,
        0,
        0,
        6,
        0,
        5
      ]
    ],
    "class_order": [
      "BENIGN",
      "Bot",
      "DDoS",
      "DoS GoldenEye",
      "DoS Hulk",
      "DoS Slowhttptest",
      "DoS slowloris",
      "FTP-Patator",
      "Heartbleed",
      "Infiltration",
      "PortScan",
      "SSH-Patator",
      "Web Attack - Brute Force",
      "Web Attack - Sql Injection",
      "Web Attack - XSS"
    ]
  },
  "feature_importances": {
    "duration": 0.2862851649216764,
    "bytes_bwd": 0.15468171815765425,
    "tot_bytes": 0.12353573028200734,
    "bytes_fwd": 0.11107010232004053,
    "pkts_bwd": 0.1075722013159834,
    "tot_pkts": 0.1038490793607513,
    "pkts_fwd": 0.07976411664861016,
    "is_tcp": 0.01988284992666681,
    "is_udp": 0.013359037066609814
  },
  "wall_seconds": 14.6
}