{
  "config": {
    "tool": "cicflowmeter-fixed",
    "regime": "common",
    "model": "logreg",
    "task": "binary",
    "split": "stratified",
    "seed": 0,
    "include_port": false,
    "dataset": "cicids2017",
    "n_features": 9,
    "subsample_benign": null,
    "max_train": 400000
  },
  "config_hash": "f179273af52a29d1",
  "git_commit": null,
  "n_train": 400000,
  "n_test": 631280,
  "n_test_unseen_class": 0,
  "features": [
    "duration",
    "pkts_fwd",
    "pkts_bwd",
    "bytes_fwd",
    "bytes_bwd",
    "tot_pkts",
    "tot_bytes",
    "is_tcp",
    "is_udp"
  ],
  "metrics": {
    "macro_f1": 0.8655071660522167,
    "weighted_f1": 0.9026506007195443,
    "balanced_accuracy": 0.926325574469351,
    "per_class": {
      "0": {
        "precision": 0.9932840817427111,
        "recall": 0.874543793784731,
        "f1-score": 0.930139699203232,
        "support": 497034.0
      },
      "1": {
        "precision": 0.6780180003407982,
        "recall": 0.9781073551539711,
        "f1-score": 0.8008746329012012,
        "support": 134246.0
      }
    },
    "fpr": 0.12545620621526898,
    "attack_recall": 0.9781073551539711,
    "attack_precision": 0.6780180003407982,
    "auc_pr": 0.8696614964801269,
    "confusion_matrix": [
      [
        434678,
        62356
      ],
      [
        2939,
        131307
      ]
    ],
    "class_order": [
      "0",
      "1"
    ]
  },
  "feature_importances": null,
  "wall_seconds": 4.0
}