{
  "config": {
    "tool": "cicflowmeter-orig",
    "regime": "common",
    "model": "logreg",
    "task": "binary",
    "split": "temporal",
    "seed": 1,
    "include_port": false,
    "dataset": "cicids2017",
    "n_features": 9,
    "subsample_benign": null,
    "max_train": 400000
  },
  "config_hash": "89a3e892533263a8",
  "git_commit": null,
  "n_train": 400000,
  "n_test": 1105710,
  "n_test_unseen_class": 0,
  "features": [
    "duration",
    "pkts_fwd",
    "pkts_bwd",
    "bytes_fwd",
    "bytes_bwd",
    "tot_pkts",
    "tot_bytes",
    "is_tcp",
    "is_udp"
  ],
  "metrics": {
    "macro_f1": 0.7740095218787738,
    "weighted_f1": 0.7888435289399874,
    "balanced_accuracy": 0.8184568549934955,
    "per_class": {
      "0": {
        "precision": 0.9505486986733488,
        "recall": 0.7147702352905017,
        "f1-score": 0.8159685248862704,
        "support": 748309.0
      },
      "1": {
        "precision": 0.6069353516937838,
        "recall": 0.9221434746964894,
        "f1-score": 0.7320505188712773,
        "support": 357401.0
      }
    },
    "fpr": 0.28522976470949835,
    "attack_recall": 0.9221434746964894,
    "attack_precision": 0.6069353516937838,
    "auc_pr": 0.782665803936217,
    "confusion_matrix": [
      [
        534869,
        213440
      ],
      [
        27826,
        329575
      ]
    ],
    "class_order": [
      "0",
      "1"
    ]
  },
  "feature_importances": null,
  "wall_seconds": 4.1
}