{
  "config": {
    "tool": "cicflowmeter-orig",
    "regime": "common",
    "model": "logreg",
    "task": "multiclass",
    "split": "stratified",
    "seed": 2,
    "include_port": false,
    "dataset": "cicids2017",
    "n_features": 9,
    "subsample_benign": null,
    "max_train": 400000
  },
  "config_hash": "7c96d4c2aacd44d5",
  "git_commit": null,
  "n_train": 400000,
  "n_test": 816973,
  "n_test_unseen_class": 0,
  "features": [
    "duration",
    "pkts_fwd",
    "pkts_bwd",
    "bytes_fwd",
    "bytes_bwd",
    "tot_pkts",
    "tot_bytes",
    "is_tcp",
    "is_udp"
  ],
  "metrics": {
    "macro_f1": 0.22056392194692975,
    "weighted_f1": 0.6975848925537431,
    "balanced_accuracy": 0.5224082502980101,
    "per_class": {
      "BENIGN": {
        "precision": 0.9999141813873271,
        "recall": 0.6186059973933312,
        "f1-score": 0.7643437722856714,
        "support": 583887.0
      },
      "Bot": {
        "precision": 0.0037984065221419307,
        "recall": 0.14226231783483692,
        "f1-score": 0.007399252855931133,
        "support": 1441.0
      },
      "DDoS": {
        "precision": 0.5741675345136051,
        "recall": 0.37671256876554887,
        "f1-score": 0.454938800554339,
        "support": 57078.0
      },
      "DoS GoldenEye": {
        "precision": 0.08840854376888797,
        "recall": 0.5484588496981252,
        "f1-score": 0.15227172474636083,
        "support": 3147.0
      },
      "DoS Hulk": {
        "precision": 0.6085131648990623,
        "recall": 0.5189492155784291,
        "f1-score": 0.5601737761924731,
        "support": 114543.0
      },
      "DoS Slowhttptest": {
        "precision": 0.10822669104204753,
        "recall": 0.5800130633572829,
        "f1-score": 0.18241577649958915,
        "support": 1531.0
      },
      "DoS slowloris": {
        "precision": 0.12578500184706318,
        "recall": 0.39639115250291035,
        "f1-score": 0.19097027481772294,
        "support": 1718.0
      },
      "FTP-Patator": {
        "precision": 0.08458503495535405,
        "recall": 0.38954415046222507,
        "f1-score": 0.13898999090081893,
        "support": 3137.0
      },
      "Heartbleed": {
        "precision": 0.0025466893039049238,
        "recall": 1.0,
        "f1-score": 0.005080440304826418,
        "support": 3.0
      },
      "Infiltration": {
        "precision": 0.000449707690001499,
        "recall": 0.125,
        "f1-score": 0.0008961911874533233,
        "support": 24.0
      },
      "PortScan": {
        "precision": 0.4932034811438044,
        "recall": 0.9916053908804966,
        "f1-score": 0.658755803413895,
        "support": 48007.0
      },
      "SSH-Patator": {
        "precision": 0.11182795698924732,
        "recall": 0.49496080627099664,
        "f1-score": 0.18243731297079765,
        "support": 1786.0
      },
      "Web Attack - Brute Force": {
        "precision": 0.0014549468191852298,
        "recall": 0.06387665198237885,
        "f1-score": 0.0028450897674874914,
        "support": 454.0
      },
      "Web Attack - Sql Injection": {
        "precision": 0.0002134927412467976,
        "recall": 0.6666666666666666,
        "f1-score": 0.00042684878881656173,
        "support": 9.0
      },
      "Web Attack - XSS": {
        "precision": 0.0032684189023559854,
        "recall": 0.9230769230769231,
        "f1-score": 0.006513773917763604,
        "support": 208.0
      }
    },
    "confusion_matrix": [
      [
        361196,
        48451,
        2940,
        1640,
        24825,
        2447,
        2687,
        7993,
        1175,
        5351,
        32255,
        6804,
        16820,
        27810,
        41493
      ],
      [
        1,
        205,
        0,
        0,
        47,
        0,
        1,
        18,
        0,
        2,
        1159,
        2,
        0,
        6,
        0
      ],
      [
        0,
        93,
        21502,
        3896,
        12455,
        3933,
        1608,
        3507,
        0,
        1182,
        10,
        193,
        2717,
        147,
        5835
      ],
      [
        3,
        0,
        93,
        1726,
        400,
        520,
        6,
        0,
        0,
        1,
        0,
        0,
        315,
        36,
        47
      ],
      [
        4,
        4580,
        12835,
        12255,
        59442,
        87,
        60,
        1512,
        0,
        22,
        12975,
        0,
        0,
        21,
        10750
      ],
      [
        0,
        0,
        55,
        2,
        3,
        888,
        370,
        0,
        0,
        102,
        1,
        1,
        44,
        64,
        1
      ],
      [
        2,
        35,
        0,
        1,
        495,
        330,
        681,
        0,
        0,
        7,
        139,
        21,
        0,
        1,
        6
      ],
      [
        0,
        423,
        0,
        0,
        14,
        0,
        0,
        1222,
        0,
        0,
        1472,
        0,
        0,
        0,
        6
      ],
      [
        0,
        0,
        0,
        0,
        0,
        0,
        0,
        0,
        3,
        0,
        0,
        0,
        0,
        0,
        0
      ],
      [
        9,
        0,
        0,
        0,
        1,
        0,
        1,
        0,
        0,
        3,
        10,
        0,
        0,
        0,
        0
      ],
      [
        0,
        150,
        24,
        0,
        1,
        0,
        0,
        188,
        0,
        0,
        47604,
        0,
        0,
        1,
        39
      ],
      [
        11,
        26,
        0,
        0,
        1,
        0,
        0,
        6,
        0,
        0,
        857,
        884,
        0,
        0,
        1
      ],
      [
        1,
        0,
        0,
        1,
        0,
        0,
        0,
        1,
        0,
        1,
        35,
        0,
        29,
        12,
        374
      ],
      [
        0,
        0,
        0,
        1,
        0,
        0,
        0,
        0,
        0,
        0,
        2,
        0,
        0,
        6,
        0
      ],
      [
        0,
        7,
        0,
        1,
        0,
        0,
        0,
        0,
        0,
        0,
        1,
        0,
        7,
        0,
        192
      ]
    ],
    "class_order": [
      "BENIGN",
      "Bot",
      "DDoS",
      "DoS GoldenEye",
      "DoS Hulk",
      "DoS Slowhttptest",
      "DoS slowloris",
      "FTP-Patator",
      "Heartbleed",
      "Infiltration",
      "PortScan",
      "SSH-Patator",
      "Web Attack - Brute Force",
      "Web Attack - Sql Injection",
      "Web Attack - XSS"
    ]
  },
  "feature_importances": null,
  "wall_seconds": 39.2
}