{
  "config": {
    "tool": "cicflowmeter-orig",
    "regime": "common",
    "model": "logreg",
    "task": "multiclass",
    "split": "stratified",
    "seed": 3,
    "include_port": false,
    "dataset": "cicids2017",
    "n_features": 9,
    "subsample_benign": null,
    "max_train": 400000
  },
  "config_hash": "deea504ce6eb0df9",
  "git_commit": null,
  "n_train": 400000,
  "n_test": 816973,
  "n_test_unseen_class": 0,
  "features": [
    "duration",
    "pkts_fwd",
    "pkts_bwd",
    "bytes_fwd",
    "bytes_bwd",
    "tot_pkts",
    "tot_bytes",
    "is_tcp",
    "is_udp"
  ],
  "metrics": {
    "macro_f1": 0.2225429519461174,
    "weighted_f1": 0.6899372569374388,
    "balanced_accuracy": 0.489717275882772,
    "per_class": {
      "BENIGN": {
        "precision": 0.9999600632142266,
        "recall": 0.6003558907802365,
        "f1-score": 0.7502667370117535,
        "support": 583887.0
      },
      "Bot": {
        "precision": 0.003520222947453339,
        "recall": 0.13324080499653018,
        "f1-score": 0.006859225121912009,
        "support": 1441.0
      },
      "DDoS": {
        "precision": 0.6097511115653907,
        "recall": 0.4180594975296962,
        "f1-score": 0.49602960129713547,
        "support": 57078.0
      },
      "DoS GoldenEye": {
        "precision": 0.09881294379099138,
        "recall": 0.5792818557356212,
        "f1-score": 0.16882756065938137,
        "support": 3147.0
      },
      "DoS Hulk": {
        "precision": 0.5998680270037055,
        "recall": 0.5158761338536619,
        "f1-score": 0.5547106755285194,
        "support": 114543.0
      },
      "DoS Slowhttptest": {
        "precision": 0.18105735864462136,
        "recall": 0.5793598954931417,
        "f1-score": 0.2758942457231726,
        "support": 1531.0
      },
      "DoS slowloris": {
        "precision": 0.048160335028417586,
        "recall": 0.37485448195576254,
        "f1-score": 0.08535453943008615,
        "support": 1718.0
      },
      "FTP-Patator": {
        "precision": 0.09230890093487312,
        "recall": 0.37456168313675486,
        "f1-score": 0.1481154670364301,
        "support": 3137.0
      },
      "Heartbleed": {
        "precision": 0.0016366612111292963,
        "recall": 0.6666666666666666,
        "f1-score": 0.0032653061224489797,
        "support": 3.0
      },
      "Infiltration": {
        "precision": 0.0011665888940737283,
        "recall": 0.4166666666666667,
        "f1-score": 0.002326663564448581,
        "support": 24.0
      },
      "PortScan": {
        "precision": 0.49833640244412825,
        "recall": 0.992126148270044,
        "f1-score": 0.6634350863263757,
        "support": 48007.0
      },
      "SSH-Patator": {
        "precision": 0.10643503792512846,
        "recall": 0.48712206047032475,
        "f1-score": 0.1746987951807229,
        "support": 1786.0
      },
      "Web Attack - Brute Force": {
        "precision": 0.0006993006993006993,
        "recall": 0.028634361233480177,
        "f1-score": 0.0013652593992858643,
        "support": 454.0
      },
      "Web Attack - Sql Injection": {
        "precision": 5.710696133858717e-05,
        "recall": 0.2222222222222222,
        "f1-score": 0.00011418457937255574,
        "support": 9.0
      },
      "Web Attack - XSS": {
        "precision": 0.0034528828969513994,
        "recall": 0.9567307692307693,
        "f1-score": 0.006880932210715582,
        "support": 208.0
      }
    },
    "confusion_matrix": [
      [
        350540,
        47936,
        2774,
        1862,
        27421,
        2855,
        4914,
        7899,
        1220,
        4234,
        32371,
        5244,
        18253,
        34903,
        41461
      ],
      [
        0,
        192,
        0,
        0,
        58,
        0,
        1,
        18,
        0,
        0,
        1164,
        4,
        0,
        4,
        0
      ],
      [
        0,
        9,
        23862,
        2118,
        10956,
        267,
        7410,
        1911,
        0,
        4002,
        7,
        2056,
        0,
        9,
        4471
      ],
      [
        0,
        0,
        90,
        1823,
        405,
        464,
        5,
        0,
        0,
        5,
        0,
        0,
        259,
        41,
        55
      ],
      [
        5,
        4950,
        12326,
        12643,
        59090,
        93,
        45,
        1546,
        0,
        282,
        12588,
        0,
        0,
        0,
        10975
      ],
      [
        0,
        7,
        61,
        2,
        59,
        887,
        353,
        0,
        0,
        16,
        1,
        0,
        60,
        26,
        59
      ],
      [
        0,
        65,
        0,
        0,
        491,
        333,
        644,
        0,
        0,
        22,
        155,
        0,
        0,
        6,
        2
      ],
      [
        0,
        1202,
        0,
        0,
        21,
        0,
        0,
        1175,
        0,
        0,
        733,
        0,
        0,
        0,
        6
      ],
      [
        0,
        0,
        0,
        0,
        0,
        0,
        0,
        0,
        2,
        0,
        0,
        0,
        1,
        0,
        0
      ],
      [
        1,
        1,
        0,
        0,
        1,
        0,
        0,
        0,
        0,
        10,
        11,
        0,
        0,
        0,
        0
      ],
      [
        0,
        152,
        21,
        0,
        0,
        0,
        0,
        174,
        0,
        0,
        47629,
        0,
        1,
        1,
        29
      ],
      [
        3,
        23,
        0,
        0,
        3,
        0,
        0,
        6,
        0,
        0,
        871,
        870,
        0,
        9,
        1
      ],
      [
        5,
        1,
        0,
        0,
        0,
        0,
        0,
        0,
        0,
        1,
        41,
        0,
        13,
        19,
        374
      ],
      [
        0,
        0,
        0,
        1,
        0,
        0,
        0,
        0,
        0,
        0,
        5,
        0,
        0,
        2,
        1
      ],
      [
        0,
        4,
        0,
        0,
        0,
        0,
        0,
        0,
        0,
        0,
        0,
        0,
        3,
        2,
        199
      ]
    ],
    "class_order": [
      "BENIGN",
      "Bot",
      "DDoS",
      "DoS GoldenEye",
      "DoS Hulk",
      "DoS Slowhttptest",
      "DoS slowloris",
      "FTP-Patator",
      "Heartbleed",
      "Infiltration",
      "PortScan",
      "SSH-Patator",
      "Web Attack - Brute Force",
      "Web Attack - Sql Injection",
      "Web Attack - XSS"
    ]
  },
  "feature_importances": null,
  "wall_seconds": 44.0
}