{
  "config": {
    "tool": "cicflowmeter-fixed",
    "regime": "common",
    "model": "xgb",
    "task": "binary",
    "split": "temporal",
    "seed": 4,
    "include_port": false,
    "dataset": "cicids2017",
    "n_features": 9,
    "subsample_benign": null,
    "max_train": 400000
  },
  "config_hash": "b45afa9145aa5647",
  "git_commit": null,
  "n_train": 400000,
  "n_test": 912345,
  "n_test_unseen_class": 0,
  "features": [
    "duration",
    "pkts_fwd",
    "pkts_bwd",
    "bytes_fwd",
    "bytes_bwd",
    "tot_pkts",
    "tot_bytes",
    "is_tcp",
    "is_udp"
  ],
  "metrics": {
    "macro_f1": 0.9704375490375519,
    "weighted_f1": 0.9756447597833776,
    "balanced_accuracy": 0.974679458818218,
    "per_class": {
      "0": {
        "precision": 0.988804266347501,
        "recall": 0.9767034110553352,
        "f1-score": 0.982716588605556,
        "support": 649623.0
      },
      "1": {
        "precision": 0.9440873086244606,
        "recall": 0.9726555065811009,
        "f1-score": 0.9581585094695478,
        "support": 262722.0
      }
    },
    "fpr": 0.02329658894466483,
    "attack_recall": 0.9726555065811009,
    "attack_precision": 0.9440873086244606,
    "auc_pr": 0.960764096516247,
    "confusion_matrix": [
      [
        634489,
        15134
      ],
      [
        7184,
        255538
      ]
    ],
    "class_order": [
      "0",
      "1"
    ]
  },
  "feature_importances": {
    "bytes_bwd": 0.4332156479358673,
    "tot_bytes": 0.21505524218082428,
    "pkts_bwd": 0.15683719515800476,
    "is_tcp": 0.09036452323198318,
    "tot_pkts": 0.04938321188092232,
    "is_udp": 0.024451587349176407,
    "duration": 0.014074448496103287,
    "bytes_fwd": 0.009494813159108162,
    "pkts_fwd": 0.007123326417058706
  },
  "wall_seconds": 5.5
}