{
  "config": {
    "tool": "cicflowmeter-fixed",
    "regime": "common",
    "model": "mlp",
    "task": "binary",
    "split": "temporal",
    "seed": 3,
    "include_port": false,
    "dataset": "cicids2017",
    "n_features": 9,
    "subsample_benign": null,
    "max_train": 400000
  },
  "config_hash": "b61b0318b0f72a1d",
  "git_commit": null,
  "n_train": 400000,
  "n_test": 912345,
  "n_test_unseen_class": 0,
  "features": [
    "duration",
    "pkts_fwd",
    "pkts_bwd",
    "bytes_fwd",
    "bytes_bwd",
    "tot_pkts",
    "tot_bytes",
    "is_tcp",
    "is_udp"
  ],
  "metrics": {
    "macro_f1": 0.7094200134901072,
    "weighted_f1": 0.78416373917014,
    "balanced_accuracy": 0.6816988867887288,
    "per_class": {
      "0": {
        "precision": 0.7953344353130165,
        "recall": 0.999161051871624,
        "f1-score": 0.8856719859728599,
        "support": 649623.0
      },
      "1": {
        "precision": 0.9943369562958498,
        "recall": 0.36423672170583354,
        "f1-score": 0.5331680410073546,
        "support": 262722.0
      }
    },
    "fpr": 0.0008389481283759965,
    "attack_recall": 0.36423672170583354,
    "attack_precision": 0.9943369562958498,
    "auc_pr": 0.8941035611495367,
    "confusion_matrix": [
      [
        649078,
        545
      ],
      [
        167029,
        95693
      ]
    ],
    "class_order": [
      "0",
      "1"
    ]
  },
  "feature_importances": null,
  "wall_seconds": 33.5
}