{
  "config": {
    "tool": "cicflowmeter-fixed",
    "regime": "common",
    "model": "mlp",
    "task": "binary",
    "split": "stratified",
    "seed": 1,
    "include_port": false,
    "dataset": "cicids2017",
    "n_features": 9,
    "subsample_benign": null,
    "max_train": 400000
  },
  "config_hash": "93def92308f69368",
  "git_commit": null,
  "n_train": 400000,
  "n_test": 631280,
  "n_test_unseen_class": 0,
  "features": [
    "duration",
    "pkts_fwd",
    "pkts_bwd",
    "bytes_fwd",
    "bytes_bwd",
    "tot_pkts",
    "tot_bytes",
    "is_tcp",
    "is_udp"
  ],
  "metrics": {
    "macro_f1": 0.9805365570507548,
    "weighted_f1": 0.9868712625780854,
    "balanced_accuracy": 0.987423084094337,
    "per_class": {
      "0": {
        "precision": 0.9968724835490195,
        "recall": 0.9863027479005461,
        "f1-score": 0.9915594489471055,
        "support": 497034.0
      },
      "1": {
        "precision": 0.9512027294360503,
        "recall": 0.9885434202881278,
        "f1-score": 0.9695136651544042,
        "support": 134246.0
      }
    },
    "fpr": 0.01369725209945396,
    "attack_recall": 0.9885434202881278,
    "attack_precision": 0.9512027294360503,
    "auc_pr": 0.9852980997452856,
    "confusion_matrix": [
      [
        490226,
        6808
      ],
      [
        1538,
        132708
      ]
    ],
    "class_order": [
      "0",
      "1"
    ]
  },
  "feature_importances": null,
  "wall_seconds": 33.3
}