{
  "config": {
    "tool": "cicflowmeter-orig",
    "regime": "common",
    "model": "rf",
    "task": "binary",
    "split": "stratified",
    "seed": 2,
    "include_port": false,
    "dataset": "cicids2017",
    "n_features": 9,
    "subsample_benign": null,
    "max_train": 400000
  },
  "config_hash": "dbf6804dfcdb3fdf",
  "git_commit": null,
  "n_train": 400000,
  "n_test": 816973,
  "n_test_unseen_class": 0,
  "features": [
    "duration",
    "pkts_fwd",
    "pkts_bwd",
    "bytes_fwd",
    "bytes_bwd",
    "tot_pkts",
    "tot_bytes",
    "is_tcp",
    "is_udp"
  ],
  "metrics": {
    "macro_f1": 0.9652941578978669,
    "weighted_f1": 0.9713548853610185,
    "balanced_accuracy": 0.9764351859289888,
    "per_class": {
      "0": {
        "precision": 0.9954700227294838,
        "recall": 0.9638577327462334,
        "f1-score": 0.9794088573934593,
        "support": 583887.0
      },
      "1": {
        "precision": 0.9161341345160317,
        "recall": 0.9890126391117442,
        "f1-score": 0.9511794584022744,
        "support": 233086.0
      }
    },
    "fpr": 0.03614226725376657,
    "attack_recall": 0.9890126391117442,
    "attack_precision": 0.9161341345160317,
    "auc_pr": 0.9769968676875324,
    "confusion_matrix": [
      [
        562784,
        21103
      ],
      [
        2561,
        230525
      ]
    ],
    "class_order": [
      "0",
      "1"
    ]
  },
  "feature_importances": {
    "is_tcp": 0.1303311088327327,
    "pkts_bwd": 0.11968780928372613,
    "bytes_fwd": 0.11638662907618101,
    "duration": 0.11135291771621376,
    "pkts_fwd": 0.11073437081149633,
    "bytes_bwd": 0.10691385266146469,
    "is_udp": 0.10654600097221331,
    "tot_pkts": 0.1005533441312416,
    "tot_bytes": 0.09749396651473041
  },
  "wall_seconds": 11.0
}