{
  "config": {
    "tool": "cicflowmeter-fixed",
    "regime": "common",
    "model": "rf",
    "task": "multiclass",
    "split": "stratified",
    "seed": 1,
    "include_port": false,
    "dataset": "cicids2017",
    "n_features": 9,
    "subsample_benign": null,
    "max_train": 400000
  },
  "config_hash": "99e3c31391290359",
  "git_commit": null,
  "n_train": 400000,
  "n_test": 631280,
  "n_test_unseen_class": 0,
  "features": [
    "duration",
    "pkts_fwd",
    "pkts_bwd",
    "bytes_fwd",
    "bytes_bwd",
    "tot_pkts",
    "tot_bytes",
    "is_tcp",
    "is_udp"
  ],
  "metrics": {
    "macro_f1": 0.6509479126821225,
    "weighted_f1": 0.9885235934717661,
    "balanced_accuracy": 0.7408141416260642,
    "per_class": {
      "BENIGN": {
        "precision": 0.9985019641366958,
        "recall": 0.987000915428491,
        "f1-score": 0.9927181298028522,
        "support": 497035.0
      },
      "Bot": {
        "precision": 0.927536231884058,
        "recall": 0.7550312283136711,
        "f1-score": 0.8324407039020658,
        "support": 1441.0
      },
      "DDoS": {
        "precision": 1.0,
        "recall": 0.9999303257272252,
        "f1-score": 0.9999651616499443,
        "support": 28705.0
      },
      "DoS GoldenEye": {
        "precision": 0.7239109996866187,
        "recall": 0.9897172236503856,
        "f1-score": 0.8361990950226245,
        "support": 2334.0
      },
      "DoS Hulk": {
        "precision": 0.9997694983445791,
        "recall": 0.9993506765531398,
        "f1-score": 0.9995600435766362,
        "support": 47742.0
      },
      "DoS Slowhttptest": {
        "precision": 0.9262883235485975,
        "recall": 0.9256844850065189,
        "f1-score": 0.9259863058363221,
        "support": 1534.0
      },
      "DoS slowloris": {
        "precision": 0.991812865497076,
        "recall": 0.9866201279813845,
        "f1-score": 0.9892096821230679,
        "support": 1719.0
      },
      "FTP-Patator": {
        "precision": 1.0,
        "recall": 0.9875104079933389,
        "f1-score": 0.993715961457897,
        "support": 1201.0
      },
      "Heartbleed": {
        "precision": 0.011764705882352941,
        "recall": 1.0,
        "f1-score": 0.023255813953488372,
        "support": 3.0
      },
      "Infiltration": {
        "precision": 0.021341463414634148,
        "recall": 0.30434782608695654,
        "f1-score": 0.039886039886039885,
        "support": 23.0
      },
      "PortScan": {
        "precision": 0.9114003420102603,
        "recall": 0.998688319800125,
        "f1-score": 0.9530498708523744,
        "support": 48030.0
      },
      "SSH-Patator": {
        "precision": 0.9943246311010215,
        "recall": 0.9776785714285714,
        "f1-score": 0.9859313449634215,
        "support": 896.0
      },
      "Web Attack - Brute Force": {
        "precision": 0.1400437636761488,
        "recall": 0.15609756097560976,
        "f1-score": 0.14763552479815456,
        "support": 410.0
      },
      "Web Attack - Sql Injection": {
        "precision": 0.0,
        "recall": 0.0,
        "f1-score": 0.0,
        "support": 5.0
      },
      "Web Attack - XSS": {
        "precision": 0.04477611940298507,
        "recall": 0.04455445544554455,
        "f1-score": 0.04466501240694789,
        "support": 202.0
      }
    },
    "confusion_matrix": [
      [
        490574,
        43,
        0,
        824,
        4,
        102,
        7,
        0,
        252,
        2,
        4662,
        4,
        380,
        0,
        181
      ],
      [
        33,
        1088,
        0,
        0,
        2,
        0,
        0,
        0,
        0,
        317,
        0,
        1,
        0,
        0,
        0
      ],
      [
        2,
        0,
        28703,
        0,
        0,
        0,
        0,
        0,
        0,
        0,
        0,
        0,
        0,
        0,
        0
      ],
      [
        2,
        13,
        0,
        2310,
        5,
        4,
        0,
        0,
        0,
        0,
        0,
        0,
        0,
        0,
        0
      ],
      [
        12,
        10,
        0,
        7,
        47711,
        2,
        0,
        0,
        0,
        0,
        0,
        0,
        0,
        0,
        0
      ],
      [
        108,
        0,
        0,
        0,
        0,
        1420,
        6,
        0,
        0,
        0,
        0,
        0,
        0,
        0,
        0
      ],
      [
        13,
        0,
        0,
        5,
        0,
        5,
        1696,
        0,
        0,
        0,
        0,
        0,
        0,
        0,
        0
      ],
      [
        15,
        0,
        0,
        0,
        0,
        0,
        0,
        1186,
        0,
        0,
        0,
        0,
        0,
        0,
        0
      ],
      [
        0,
        0,
        0,
        0,
        0,
        0,
        0,
        0,
        3,
        0,
        0,
        0,
        0,
        0,
        0
      ],
      [
        5,
        9,
        0,
        0,
        0,
        0,
        1,
        0,
        0,
        7,
        1,
        0,
        0,
        0,
        0
      ],
      [
        5,
        10,
        0,
        45,
        0,
        0,
        0,
        0,
        0,
        2,
        47967,
        0,
        1,
        0,
        0
      ],
      [
        20,
        0,
        0,
        0,
        0,
        0,
        0,
        0,
        0,
        0,
        0,
        876,
        0,
        0,
        0
      ],
      [
        335,
        0,
        0,
        0,
        0,
        0,
        0,
        0,
        0,
        0,
        0,
        0,
        64,
        0,
        11
      ],
      [
        5,
        0,
        0,
        0,
        0,
        0,
        0,
        0,
        0,
        0,
        0,
        0,
        0,
        0,
        0
      ],
      [
        181,
        0,
        0,
        0,
        0,
        0,
        0,
        0,
        0,
        0,
        0,
        0,
        12,
        0,
        9
      ]
    ],
    "class_order": [
      "BENIGN",
      "Bot",
      "DDoS",
      "DoS GoldenEye",
      "DoS Hulk",
      "DoS Slowhttptest",
      "DoS slowloris",
      "FTP-Patator",
      "Heartbleed",
      "Infiltration",
      "PortScan",
      "SSH-Patator",
      "Web Attack - Brute Force",
      "Web Attack - Sql Injection",
      "Web Attack - XSS"
    ]
  },
  "feature_importances": {
    "duration": 0.30587903137897,
    "bytes_bwd": 0.14742322774226568,
    "tot_bytes": 0.12266022425809879,
    "pkts_bwd": 0.10734290792872205,
    "bytes_fwd": 0.10691396843968239,
    "tot_pkts": 0.09844744979591226,
    "pkts_fwd": 0.07905528995590318,
    "is_tcp": 0.020258622626223133,
    "is_udp": 0.012019277874222628
  },
  "wall_seconds": 14.5
}