{
  "config": {
    "tool": "cicflowmeter-fixed",
    "regime": "common",
    "model": "logreg",
    "task": "multiclass",
    "split": "stratified",
    "seed": 2,
    "include_port": false,
    "dataset": "cicids2017",
    "n_features": 9,
    "subsample_benign": null,
    "max_train": 400000
  },
  "config_hash": "0e02f21029176ba6",
  "git_commit": null,
  "n_train": 400000,
  "n_test": 631280,
  "n_test_unseen_class": 0,
  "features": [
    "duration",
    "pkts_fwd",
    "pkts_bwd",
    "bytes_fwd",
    "bytes_bwd",
    "tot_pkts",
    "tot_bytes",
    "is_tcp",
    "is_udp"
  ],
  "metrics": {
    "macro_f1": 0.40664267593177833,
    "weighted_f1": 0.8570277824651136,
    "balanced_accuracy": 0.730724046372774,
    "per_class": {
      "BENIGN": {
        "precision": 0.9995376282531155,
        "recall": 0.730684961823614,
        "f1-score": 0.8442233015915079,
        "support": 497035.0
      },
      "Bot": {
        "precision": 0.015148413510747185,
        "recall": 0.15405968077723803,
        "f1-score": 0.0275844930417495,
        "support": 1441.0
      },
      "DDoS": {
        "precision": 0.977711130802263,
        "recall": 0.9994077686814143,
        "f1-score": 0.9884404017434149,
        "support": 28705.0
      },
      "DoS GoldenEye": {
        "precision": 0.4236633025552931,
        "recall": 0.8453299057412168,
        "f1-score": 0.5644399942783579,
        "support": 2334.0
      },
      "DoS Hulk": {
        "precision": 0.9363819500402901,
        "recall": 0.9736081437727787,
        "f1-score": 0.9546322729046436,
        "support": 47742.0
      },
      "DoS Slowhttptest": {
        "precision": 0.2883031301482702,
        "recall": 0.5704041720990873,
        "f1-score": 0.38301597723790765,
        "support": 1534.0
      },
      "DoS slowloris": {
        "precision": 0.0831712789827973,
        "recall": 0.6468877254217569,
        "f1-score": 0.14739213996951422,
        "support": 1719.0
      },
      "FTP-Patator": {
        "precision": 0.5897182402372714,
        "recall": 0.9933388842631141,
        "f1-score": 0.7400744416873449,
        "support": 1201.0
      },
      "Heartbleed": {
        "precision": 0.0016891891891891893,
        "recall": 0.6666666666666666,
        "f1-score": 0.003369839932603201,
        "support": 3.0
      },
      "Infiltration": {
        "precision": 0.0005819968960165546,
        "recall": 0.391304347826087,
        "f1-score": 0.0011622651255892037,
        "support": 23.0
      },
      "PortScan": {
        "precision": 0.847419675860108,
        "recall": 0.9928378097022694,
        "f1-score": 0.9143832333032924,
        "support": 48030.0
      },
      "SSH-Patator": {
        "precision": 0.3437984496124031,
        "recall": 0.9899553571428571,
        "f1-score": 0.5103567318757192,
        "support": 896.0
      },
      "Web Attack - Brute Force": {
        "precision": 0.0014692471375012666,
        "recall": 0.07073170731707316,
        "f1-score": 0.0028786976374826287,
        "support": 410.0
      },
      "Web Attack - Sql Injection": {
        "precision": 0.00014514209411013382,
        "recall": 1.0,
        "f1-score": 0.0002902420618796076,
        "support": 5.0
      },
      "Web Attack - XSS": {
        "precision": 0.008779672039764017,
        "recall": 0.9356435643564357,
        "f1-score": 0.01739610658566892,
        "support": 202.0
      }
    },
    "confusion_matrix": [
      [
        363176,
        14065,
        633,
        1556,
        3064,
        1696,
        11769,
        830,
        1182,
        15420,
        7103,
        1693,
        19668,
        34235,
        20945
      ],
      [
        0,
        222,
        0,
        0,
        0,
        0,
        45,
        0,
        0,
        3,
        1171,
        0,
        0,
        0,
        0
      ],
      [
        0,
        0,
        28688,
        10,
        0,
        0,
        0,
        0,
        0,
        0,
        0,
        0,
        0,
        0,
        7
      ],
      [
        94,
        0,
        0,
        1973,
        93,
        79,
        2,
        0,
        0,
        0,
        64,
        0,
        0,
        28,
        1
      ],
      [
        11,
        7,
        0,
        1073,
        46482,
        40,
        68,
        0,
        0,
        0,
        47,
        0,
        10,
        2,
        2
      ],
      [
        52,
        15,
        0,
        43,
        0,
        875,
        373,
        0,
        0,
        3,
        0,
        0,
        1,
        171,
        1
      ],
      [
        0,
        58,
        0,
        1,
        0,
        345,
        1112,
        0,
        0,
        12,
        187,
        0,
        1,
        1,
        2
      ],
      [
        0,
        5,
        0,
        0,
        0,
        0,
        0,
        1193,
        0,
        0,
        0,
        0,
        3,
        0,
        0
      ],
      [
        1,
        0,
        0,
        0,
        0,
        0,
        0,
        0,
        2,
        0,
        0,
        0,
        0,
        0,
        0
      ],
      [
        0,
        0,
        0,
        0,
        0,
        0,
        0,
        0,
        0,
        9,
        14,
        0,
        0,
        0,
        0
      ],
      [
        0,
        279,
        21,
        0,
        0,
        0,
        1,
        0,
        0,
        0,
        47686,
        0,
        22,
        0,
        21
      ],
      [
        1,
        4,
        0,
        0,
        0,
        0,
        0,
        0,
        0,
        0,
        0,
        887,
        0,
        4,
        0
      ],
      [
        2,
        0,
        0,
        1,
        1,
        0,
        0,
        0,
        0,
        17,
        0,
        0,
        29,
        1,
        359
      ],
      [
        0,
        0,
        0,
        0,
        0,
        0,
        0,
        0,
        0,
        0,
        0,
        0,
        0,
        5,
        0
      ],
      [
        7,
        0,
        0,
        0,
        0,
        0,
        0,
        0,
        0,
        0,
        0,
        0,
        4,
        2,
        189
      ]
    ],
    "class_order": [
      "BENIGN",
      "Bot",
      "DDoS",
      "DoS GoldenEye",
      "DoS Hulk",
      "DoS Slowhttptest",
      "DoS slowloris",
      "FTP-Patator",
      "Heartbleed",
      "Infiltration",
      "PortScan",
      "SSH-Patator",
      "Web Attack - Brute Force",
      "Web Attack - Sql Injection",
      "Web Attack - XSS"
    ]
  },
  "feature_importances": null,
  "wall_seconds": 37.2
}