{
  "config": {
    "tool": "cicflowmeter-fixed",
    "regime": "common",
    "model": "xgb",
    "task": "multiclass",
    "split": "stratified",
    "seed": 2,
    "include_port": false,
    "dataset": "cicids2017",
    "n_features": 9,
    "subsample_benign": null,
    "max_train": 400000
  },
  "config_hash": "921fa738895a75fc",
  "git_commit": null,
  "n_train": 400000,
  "n_test": 631280,
  "n_test_unseen_class": 0,
  "features": [
    "duration",
    "pkts_fwd",
    "pkts_bwd",
    "bytes_fwd",
    "bytes_bwd",
    "tot_pkts",
    "tot_bytes",
    "is_tcp",
    "is_udp"
  ],
  "metrics": {
    "macro_f1": 0.7021339992147475,
    "weighted_f1": 0.9901750075251466,
    "balanced_accuracy": 0.6816728369522483,
    "per_class": {
      "BENIGN": {
        "precision": 0.9956157252817093,
        "recall": 0.9928113714325952,
        "f1-score": 0.9942115708140671,
        "support": 497035.0
      },
      "Bot": {
        "precision": 0.9753521126760564,
        "recall": 0.9611380985426787,
        "f1-score": 0.9681929395316323,
        "support": 1441.0
      },
      "DDoS": {
        "precision": 1.0,
        "recall": 0.9998954885908379,
        "f1-score": 0.9999477415646175,
        "support": 28705.0
      },
      "DoS GoldenEye": {
        "precision": 0.9947275922671354,
        "recall": 0.9700085689802913,
        "f1-score": 0.9822125813449024,
        "support": 2334.0
      },
      "DoS Hulk": {
        "precision": 0.999518092484338,
        "recall": 0.9992040551296553,
        "f1-score": 0.9993610491363689,
        "support": 47742.0
      },
      "DoS Slowhttptest": {
        "precision": 0.8773857721226143,
        "recall": 0.9889178617992177,
        "f1-score": 0.9298191847992645,
        "support": 1534.0
      },
      "DoS slowloris": {
        "precision": 0.9940906106369009,
        "recall": 0.8807446189645143,
        "f1-score": 0.9339913633559531,
        "support": 1719.0
      },
      "FTP-Patator": {
        "precision": 1.0,
        "recall": 0.9958368026644463,
        "f1-score": 0.9979140592407175,
        "support": 1201.0
      },
      "Heartbleed": {
        "precision": 0.0,
        "recall": 0.0,
        "f1-score": 0.0,
        "support": 3.0
      },
      "Infiltration": {
        "precision": 0.5714285714285714,
        "recall": 0.17391304347826086,
        "f1-score": 0.26666666666666666,
        "support": 23.0
      },
      "PortScan": {
        "precision": 0.9297640182721271,
        "recall": 0.9704351447012284,
        "f1-score": 0.949664326973034,
        "support": 48030.0
      },
      "SSH-Patator": {
        "precision": 1.0,
        "recall": 0.9921875,
        "f1-score": 0.996078431372549,
        "support": 896.0
      },
      "Web Attack - Brute Force": {
        "precision": 0.9318181818181818,
        "recall": 0.1,
        "f1-score": 0.18061674008810572,
        "support": 410.0
      },
      "Web Attack - Sql Injection": {
        "precision": 1.0,
        "recall": 0.2,
        "f1-score": 0.3333333333333333,
        "support": 5.0
      },
      "Web Attack - XSS": {
        "precision": 0.0,
        "recall": 0.0,
        "f1-score": 0.0,
        "support": 202.0
      }
    },
    "confusion_matrix": [
      [
        493462,
        3,
        0,
        3,
        4,
        202,
        3,
        0,
        0,
        3,
        3352,
        0,
        3,
        0,
        0
      ],
      [
        48,
        1385,
        0,
        1,
        7,
        0,
        0,
        0,
        0,
        0,
        0,
        0,
        0,
        0,
        0
      ],
      [
        3,
        0,
        28702,
        0,
        0,
        0,
        0,
        0,
        0,
        0,
        0,
        0,
        0,
        0,
        0
      ],
      [
        51,
        5,
        0,
        2264,
        12,
        2,
        0,
        0,
        0,
        0,
        0,
        0,
        0,
        0,
        0
      ],
      [
        26,
        2,
        0,
        8,
        47704,
        1,
        1,
        0,
        0,
        0,
        0,
        0,
        0,
        0,
        0
      ],
      [
        12,
        0,
        0,
        0,
        0,
        1517,
        5,
        0,
        0,
        0,
        0,
        0,
        0,
        0,
        0
      ],
      [
        31,
        0,
        0,
        0,
        0,
        7,
        1514,
        0,
        0,
        0,
        167,
        0,
        0,
        0,
        0
      ],
      [
        5,
        0,
        0,
        0,
        0,
        0,
        0,
        1196,
        0,
        0,
        0,
        0,
        0,
        0,
        0
      ],
      [
        3,
        0,
        0,
        0,
        0,
        0,
        0,
        0,
        0,
        0,
        0,
        0,
        0,
        0,
        0
      ],
      [
        5,
        14,
        0,
        0,
        0,
        0,
        0,
        0,
        0,
        4,
        0,
        0,
        0,
        0,
        0
      ],
      [
        1409,
        11,
        0,
        0,
        0,
        0,
        0,
        0,
        0,
        0,
        46610,
        0,
        0,
        0,
        0
      ],
      [
        5,
        0,
        0,
        0,
        0,
        0,
        0,
        0,
        0,
        0,
        2,
        889,
        0,
        0,
        0
      ],
      [
        369,
        0,
        0,
        0,
        0,
        0,
        0,
        0,
        0,
        0,
        0,
        0,
        41,
        0,
        0
      ],
      [
        4,
        0,
        0,
        0,
        0,
        0,
        0,
        0,
        0,
        0,
        0,
        0,
        0,
        1,
        0
      ],
      [
        202,
        0,
        0,
        0,
        0,
        0,
        0,
        0,
        0,
        0,
        0,
        0,
        0,
        0,
        0
      ]
    ],
    "class_order": [
      "BENIGN",
      "Bot",
      "DDoS",
      "DoS GoldenEye",
      "DoS Hulk",
      "DoS Slowhttptest",
      "DoS slowloris",
      "FTP-Patator",
      "Heartbleed",
      "Infiltration",
      "PortScan",
      "SSH-Patator",
      "Web Attack - Brute Force",
      "Web Attack - Sql Injection",
      "Web Attack - XSS"
    ]
  },
  "feature_importances": {
    "tot_bytes": 0.37283533811569214,
    "bytes_bwd": 0.176606684923172,
    "pkts_bwd": 0.16015087068080902,
    "bytes_fwd": 0.1075480654835701,
    "pkts_fwd": 0.09814739227294922,
    "duration": 0.049290359020233154,
    "tot_pkts": 0.017457233741879463,
    "is_tcp": 0.012151852250099182,
    "is_udp": 0.005812297109514475
  },
  "wall_seconds": 33.2
}