{
  "config": {
    "tool": "cicflowmeter-fixed",
    "regime": "common",
    "model": "logreg",
    "task": "multiclass",
    "split": "stratified",
    "seed": 0,
    "include_port": false,
    "dataset": "cicids2017",
    "n_features": 9,
    "subsample_benign": null,
    "max_train": 400000
  },
  "config_hash": "2ee1fc8e8e4bf3ac",
  "git_commit": null,
  "n_train": 400000,
  "n_test": 631280,
  "n_test_unseen_class": 0,
  "features": [
    "duration",
    "pkts_fwd",
    "pkts_bwd",
    "bytes_fwd",
    "bytes_bwd",
    "tot_pkts",
    "tot_bytes",
    "is_tcp",
    "is_udp"
  ],
  "metrics": {
    "macro_f1": 0.3957051527537244,
    "weighted_f1": 0.855519066052259,
    "balanced_accuracy": 0.7446490306427799,
    "per_class": {
      "BENIGN": {
        "precision": 0.9999751680981798,
        "recall": 0.729180037623105,
        "f1-score": 0.8433736061209673,
        "support": 497035.0
      },
      "Bot": {
        "precision": 0.014533488722835402,
        "recall": 0.14712005551700208,
        "f1-score": 0.02645370601447467,
        "support": 1441.0
      },
      "DDoS": {
        "precision": 0.9744417632464398,
        "recall": 0.9988155373628288,
        "f1-score": 0.9864781172584641,
        "support": 28705.0
      },
      "DoS GoldenEye": {
        "precision": 0.26423313805017273,
        "recall": 0.7536418166238218,
        "f1-score": 0.3912801690579468,
        "support": 2334.0
      },
      "DoS Hulk": {
        "precision": 0.9359163915500375,
        "recall": 0.9678899082568807,
        "f1-score": 0.9516346599392472,
        "support": 47742.0
      },
      "DoS Slowhttptest": {
        "precision": 0.30782669461914747,
        "recall": 0.5743155149934811,
        "f1-score": 0.4008189262966333,
        "support": 1534.0
      },
      "DoS slowloris": {
        "precision": 0.09585345072422607,
        "recall": 0.7853403141361257,
        "f1-score": 0.17085363538568626,
        "support": 1719.0
      },
      "FTP-Patator": {
        "precision": 0.615146831530139,
        "recall": 0.9941715237302248,
        "f1-score": 0.7600254614894971,
        "support": 1201.0
      },
      "Heartbleed": {
        "precision": 0.0005861664712778429,
        "recall": 1.0,
        "f1-score": 0.0011716461628588166,
        "support": 3.0
      },
      "Infiltration": {
        "precision": 0.0007988131918292822,
        "recall": 0.30434782608695654,
        "f1-score": 0.0015934441156385158,
        "support": 23.0
      },
      "PortScan": {
        "precision": 0.8485236798547707,
        "recall": 0.99262960649594,
        "f1-score": 0.9149371023921241,
        "support": 48030.0
      },
      "SSH-Patator": {
        "precision": 0.29288563829787234,
        "recall": 0.9832589285714286,
        "f1-score": 0.45133196721311475,
        "support": 896.0
      },
      "Web Attack - Brute Force": {
        "precision": 0.01802687643395608,
        "recall": 0.9390243902439024,
        "f1-score": 0.03537464969908577,
        "support": 410.0
      },
      "Web Attack - Sql Injection": {
        "precision": 0.00012511573205214823,
        "recall": 1.0,
        "f1-score": 0.00025020016012810247,
        "support": 5.0
      },
      "Web Attack - XSS": {
        "precision": 0.0,
        "recall": 0.0,
        "f1-score": 0.0,
        "support": 202.0
      }
    },
    "confusion_matrix": [
      [
        362428,
        13985,
        723,
        3634,
        3049,
        1713,
        12223,
        747,
        5113,
        8685,
        7051,
        2126,
        20745,
        39839,
        14974
      ],
      [
        0,
        212,
        0,
        0,
        0,
        0,
        51,
        0,
        0,
        4,
        1174,
        0,
        0,
        0,
        0
      ],
      [
        0,
        5,
        28671,
        23,
        0,
        0,
        0,
        0,
        0,
        0,
        0,
        0,
        2,
        0,
        4
      ],
      [
        0,
        0,
        0,
        1759,
        115,
        99,
        2,
        0,
        0,
        0,
        74,
        0,
        1,
        26,
        258
      ],
      [
        2,
        0,
        0,
        1078,
        46209,
        40,
        73,
        0,
        0,
        8,
        46,
        0,
        2,
        1,
        283
      ],
      [
        2,
        0,
        0,
        163,
        0,
        881,
        385,
        0,
        0,
        17,
        0,
        0,
        0,
        86,
        0
      ],
      [
        0,
        62,
        0,
        0,
        0,
        129,
        1350,
        0,
        0,
        19,
        147,
        0,
        9,
        2,
        1
      ],
      [
        2,
        5,
        0,
        0,
        0,
        0,
        0,
        1194,
        0,
        0,
        0,
        0,
        0,
        0,
        0
      ],
      [
        0,
        0,
        0,
        0,
        0,
        0,
        0,
        0,
        3,
        0,
        0,
        0,
        0,
        0,
        0
      ],
      [
        0,
        0,
        0,
        0,
        0,
        0,
        0,
        0,
        0,
        7,
        14,
        1,
        0,
        1,
        0
      ],
      [
        0,
        309,
        29,
        0,
        0,
        0,
        0,
        0,
        0,
        1,
        47676,
        0,
        15,
        0,
        0
      ],
      [
        1,
        8,
        0,
        0,
        0,
        0,
        0,
        0,
        0,
        0,
        5,
        881,
        0,
        1,
        0
      ],
      [
        0,
        1,
        0,
        0,
        0,
        0,
        0,
        0,
        0,
        22,
        0,
        0,
        385,
        2,
        0
      ],
      [
        0,
        0,
        0,
        0,
        0,
        0,
        0,
        0,
        0,
        0,
        0,
        0,
        0,
        5,
        0
      ],
      [
        2,
        0,
        0,
        0,
        0,
        0,
        0,
        0,
        2,
        0,
        0,
        0,
        198,
        0,
        0
      ]
    ],
    "class_order": [
      "BENIGN",
      "Bot",
      "DDoS",
      "DoS GoldenEye",
      "DoS Hulk",
      "DoS Slowhttptest",
      "DoS slowloris",
      "FTP-Patator",
      "Heartbleed",
      "Infiltration",
      "PortScan",
      "SSH-Patator",
      "Web Attack - Brute Force",
      "Web Attack - Sql Injection",
      "Web Attack - XSS"
    ]
  },
  "feature_importances": null,
  "wall_seconds": 53.2
}