{
  "config": {
    "tool": "cicflowmeter-orig",
    "regime": "common",
    "model": "logreg",
    "task": "binary",
    "split": "temporal",
    "seed": 3,
    "include_port": false,
    "dataset": "cicids2017",
    "n_features": 9,
    "subsample_benign": null,
    "max_train": 400000
  },
  "config_hash": "c6dd03205721a881",
  "git_commit": null,
  "n_train": 400000,
  "n_test": 1105710,
  "n_test_unseen_class": 0,
  "features": [
    "duration",
    "pkts_fwd",
    "pkts_bwd",
    "bytes_fwd",
    "bytes_bwd",
    "tot_pkts",
    "tot_bytes",
    "is_tcp",
    "is_udp"
  ],
  "metrics": {
    "macro_f1": 0.7739631858083709,
    "weighted_f1": 0.7887963316689443,
    "balanced_accuracy": 0.8184207736420752,
    "per_class": {
      "0": {
        "precision": 0.9505439525381193,
        "recall": 0.7146980725876609,
        "f1-score": 0.815919752850986,
        "support": 748309.0
      },
      "1": {
        "precision": 0.6068750011508667,
        "recall": 0.9221434746964894,
        "f1-score": 0.7320066187657557,
        "support": 357401.0
      }
    },
    "fpr": 0.285301927412339,
    "attack_recall": 0.9221434746964894,
    "attack_precision": 0.6068750011508667,
    "auc_pr": 0.782199300743891,
    "confusion_matrix": [
      [
        534815,
        213494
      ],
      [
        27826,
        329575
      ]
    ],
    "class_order": [
      "0",
      "1"
    ]
  },
  "feature_importances": null,
  "wall_seconds": 3.9
}