{
  "config": {
    "tool": "cicflowmeter-orig",
    "regime": "common",
    "model": "mlp",
    "task": "multiclass",
    "split": "stratified",
    "seed": 1,
    "include_port": false,
    "dataset": "cicids2017",
    "n_features": 9,
    "subsample_benign": null,
    "max_train": 400000
  },
  "config_hash": "34d393a106d59832",
  "git_commit": null,
  "n_train": 400000,
  "n_test": 816973,
  "n_test_unseen_class": 0,
  "features": [
    "duration",
    "pkts_fwd",
    "pkts_bwd",
    "bytes_fwd",
    "bytes_bwd",
    "tot_pkts",
    "tot_bytes",
    "is_tcp",
    "is_udp"
  ],
  "metrics": {
    "macro_f1": 0.4869289390481982,
    "weighted_f1": 0.936987461151777,
    "balanced_accuracy": 0.4663765339933482,
    "per_class": {
      "BENIGN": {
        "precision": 0.9794934480049385,
        "recall": 0.9565463865439717,
        "f1-score": 0.967883926366547,
        "support": 583887.0
      },
      "Bot": {
        "precision": 0.0,
        "recall": 0.0,
        "f1-score": 0.0,
        "support": 1441.0
      },
      "DDoS": {
        "precision": 0.9944064192147541,
        "recall": 0.9748764848102597,
        "f1-score": 0.9845446100765249,
        "support": 57078.0
      },
      "DoS GoldenEye": {
        "precision": 0.9708302169035153,
        "recall": 0.824912615189069,
        "f1-score": 0.8919429651262669,
        "support": 3147.0
      },
      "DoS Hulk": {
        "precision": 0.9699678596157623,
        "recall": 0.8194040665950778,
        "f1-score": 0.8883514902558375,
        "support": 114543.0
      },
      "DoS Slowhttptest": {
        "precision": 0.8302783435166328,
        "recall": 0.798824297844546,
        "f1-score": 0.8142476697736352,
        "support": 1531.0
      },
      "DoS slowloris": {
        "precision": 0.9568655643421998,
        "recall": 0.7747380675203726,
        "f1-score": 0.856223866194918,
        "support": 1718.0
      },
      "FTP-Patator": {
        "precision": 0.9991496598639455,
        "recall": 0.37456168313675486,
        "f1-score": 0.5448643635520519,
        "support": 3137.0
      },
      "Heartbleed": {
        "precision": 0.0,
        "recall": 0.0,
        "f1-score": 0.0,
        "support": 3.0
      },
      "Infiltration": {
        "precision": 0.0,
        "recall": 0.0,
        "f1-score": 0.0,
        "support": 24.0
      },
      "PortScan": {
        "precision": 0.5510107317975761,
        "recall": 0.9925010935905181,
        "f1-score": 0.7086162151711419,
        "support": 48007.0
      },
      "SSH-Patator": {
        "precision": 0.9965075669383003,
        "recall": 0.47928331466965285,
        "f1-score": 0.6472589792060491,
        "support": 1786.0
      },
      "Web Attack - Brute Force": {
        "precision": 0.0,
        "recall": 0.0,
        "f1-score": 0.0,
        "support": 454.0
      },
      "Web Attack - Sql Injection": {
        "precision": 0.0,
        "recall": 0.0,
        "f1-score": 0.0,
        "support": 9.0
      },
      "Web Attack - XSS": {
        "precision": 0.0,
        "recall": 0.0,
        "f1-score": 0.0,
        "support": 208.0
      }
    },
    "confusion_matrix": [
      [
        558515,
        0,
        246,
        55,
        1429,
        230,
        20,
        1,
        0,
        0,
        23388,
        3,
        0,
        0,
        0
      ],
      [
        291,
        0,
        0,
        0,
        0,
        0,
        0,
        0,
        0,
        0,
        1150,
        0,
        0,
        0,
        0
      ],
      [
        108,
        0,
        55644,
        2,
        1310,
        0,
        5,
        0,
        0,
        0,
        9,
        0,
        0,
        0,
        0
      ],
      [
        535,
        0,
        3,
        2596,
        3,
        10,
        0,
        0,
        0,
        0,
        0,
        0,
        0,
        0,
        0
      ],
      [
        8050,
        0,
        37,
        21,
        93857,
        1,
        1,
        0,
        0,
        0,
        12576,
        0,
        0,
        0,
        0
      ],
      [
        266,
        0,
        8,
        0,
        0,
        1223,
        34,
        0,
        0,
        0,
        0,
        0,
        0,
        0,
        0
      ],
      [
        378,
        0,
        0,
        0,
        0,
        9,
        1331,
        0,
        0,
        0,
        0,
        0,
        0,
        0,
        0
      ],
      [
        1196,
        0,
        0,
        0,
        0,
        0,
        0,
        1175,
        0,
        0,
        766,
        0,
        0,
        0,
        0
      ],
      [
        3,
        0,
        0,
        0,
        0,
        0,
        0,
        0,
        0,
        0,
        0,
        0,
        0,
        0,
        0
      ],
      [
        10,
        0,
        0,
        0,
        0,
        0,
        0,
        0,
        0,
        0,
        14,
        0,
        0,
        0,
        0
      ],
      [
        177,
        0,
        19,
        0,
        164,
        0,
        0,
        0,
        0,
        0,
        47647,
        0,
        0,
        0,
        0
      ],
      [
        58,
        0,
        0,
        0,
        0,
        0,
        0,
        0,
        0,
        0,
        872,
        856,
        0,
        0,
        0
      ],
      [
        410,
        0,
        0,
        0,
        0,
        0,
        0,
        0,
        0,
        0,
        44,
        0,
        0,
        0,
        0
      ],
      [
        3,
        0,
        0,
        0,
        0,
        0,
        0,
        0,
        0,
        0,
        6,
        0,
        0,
        0,
        0
      ],
      [
        208,
        0,
        0,
        0,
        0,
        0,
        0,
        0,
        0,
        0,
        0,
        0,
        0,
        0,
        0
      ]
    ],
    "class_order": [
      "BENIGN",
      "Bot",
      "DDoS",
      "DoS GoldenEye",
      "DoS Hulk",
      "DoS Slowhttptest",
      "DoS slowloris",
      "FTP-Patator",
      "Heartbleed",
      "Infiltration",
      "PortScan",
      "SSH-Patator",
      "Web Attack - Brute Force",
      "Web Attack - Sql Injection",
      "Web Attack - XSS"
    ]
  },
  "feature_importances": null,
  "wall_seconds": 33.1
}