{
  "config": {
    "tool": "go-flows",
    "regime": "common",
    "model": "logreg",
    "task": "binary",
    "split": "temporal",
    "seed": 2,
    "include_port": false,
    "dataset": "cicids2017",
    "n_features": 9,
    "subsample_benign": null,
    "max_train": 400000
  },
  "config_hash": "ddb1d721abffc110",
  "git_commit": null,
  "n_train": 400000,
  "n_test": 975107,
  "n_test_unseen_class": 0,
  "features": [
    "duration",
    "pkts_fwd",
    "pkts_bwd",
    "bytes_fwd",
    "bytes_bwd",
    "tot_pkts",
    "tot_bytes",
    "is_tcp",
    "is_udp"
  ],
  "metrics": {
    "macro_f1": 0.7801913415378845,
    "weighted_f1": 0.8058657583526905,
    "balanced_accuracy": 0.8588528566230976,
    "per_class": {
      "0": {
        "precision": 0.9995620723362659,
        "recall": 0.7185555694535601,
        "f1-score": 0.8360788302523317,
        "support": 711533.0
      },
      "1": {
        "precision": 0.5680457801543117,
        "recall": 0.9991501437926351,
        "f1-score": 0.7243038528234373,
        "support": 263574.0
      }
    },
    "fpr": 0.28144443054643986,
    "attack_recall": 0.9991501437926351,
    "attack_precision": 0.5680457801543117,
    "auc_pr": 0.6462863681798334,
    "confusion_matrix": [
      [
        511276,
        200257
      ],
      [
        224,
        263350
      ]
    ],
    "class_order": [
      "0",
      "1"
    ]
  },
  "feature_importances": null,
  "wall_seconds": 3.4
}