{
  "config": {
    "tool": "go-flows",
    "regime": "common",
    "model": "logreg",
    "task": "binary",
    "split": "stratified",
    "seed": 4,
    "include_port": false,
    "dataset": "cicids2017",
    "n_features": 9,
    "subsample_benign": null,
    "max_train": 400000
  },
  "config_hash": "c486d0eb014b8248",
  "git_commit": null,
  "n_train": 400000,
  "n_test": 715708,
  "n_test_unseen_class": 0,
  "features": [
    "duration",
    "pkts_fwd",
    "pkts_bwd",
    "bytes_fwd",
    "bytes_bwd",
    "tot_pkts",
    "tot_bytes",
    "is_tcp",
    "is_udp"
  ],
  "metrics": {
    "macro_f1": 0.82008045024341,
    "weighted_f1": 0.8531627212599652,
    "balanced_accuracy": 0.8903484161443089,
    "per_class": {
      "0": {
        "precision": 0.9928269109431633,
        "recall": 0.7984248060637373,
        "f1-score": 0.8850767609023884,
        "support": 539997.0
      },
      "1": {
        "precision": 0.6132473014361547,
        "recall": 0.9822720262248806,
        "f1-score": 0.7550841395844317,
        "support": 175711.0
      }
    },
    "fpr": 0.2015751939362626,
    "attack_recall": 0.9822720262248806,
    "attack_precision": 0.6132473014361547,
    "auc_pr": 0.7346594167446919,
    "confusion_matrix": [
      [
        431147,
        108850
      ],
      [
        3115,
        172596
      ]
    ],
    "class_order": [
      "0",
      "1"
    ]
  },
  "feature_importances": null,
  "wall_seconds": 3.5
}