{
  "config": {
    "tool": "go-flows",
    "regime": "common",
    "model": "mlp",
    "task": "binary",
    "split": "temporal",
    "seed": 3,
    "include_port": false,
    "dataset": "cicids2017",
    "n_features": 9,
    "subsample_benign": null,
    "max_train": 400000
  },
  "config_hash": "801bb338a494b147",
  "git_commit": null,
  "n_train": 400000,
  "n_test": 975107,
  "n_test_unseen_class": 0,
  "features": [
    "duration",
    "pkts_fwd",
    "pkts_bwd",
    "bytes_fwd",
    "bytes_bwd",
    "tot_pkts",
    "tot_bytes",
    "is_tcp",
    "is_udp"
  ],
  "metrics": {
    "macro_f1": 0.8611928880891917,
    "weighted_f1": 0.8833711247463057,
    "balanced_accuracy": 0.9103242938773216,
    "per_class": {
      "0": {
        "precision": 0.9915698272486544,
        "recall": 0.839925906458309,
        "f1-score": 0.9094699710633221,
        "support": 711533.0
      },
      "1": {
        "precision": 0.6941440582613436,
        "recall": 0.9807226812963342,
        "f1-score": 0.8129158051150613,
        "support": 263574.0
      }
    },
    "fpr": 0.16007409354169097,
    "attack_recall": 0.9807226812963342,
    "attack_precision": 0.6941440582613436,
    "auc_pr": 0.9027022346277693,
    "confusion_matrix": [
      [
        597635,
        113898
      ],
      [
        5081,
        258493
      ]
    ],
    "class_order": [
      "0",
      "1"
    ]
  },
  "feature_importances": null,
  "wall_seconds": 16.4
}