{
  "config": {
    "tool": "go-flows",
    "regime": "common",
    "model": "mlp",
    "task": "binary",
    "split": "stratified",
    "seed": 1,
    "include_port": false,
    "dataset": "cicids2017",
    "n_features": 9,
    "subsample_benign": null,
    "max_train": 400000
  },
  "config_hash": "66dc9dcf82712522",
  "git_commit": null,
  "n_train": 400000,
  "n_test": 715708,
  "n_test_unseen_class": 0,
  "features": [
    "duration",
    "pkts_fwd",
    "pkts_bwd",
    "bytes_fwd",
    "bytes_bwd",
    "tot_pkts",
    "tot_bytes",
    "is_tcp",
    "is_udp"
  ],
  "metrics": {
    "macro_f1": 0.8975900256377323,
    "weighted_f1": 0.9239762064578748,
    "balanced_accuracy": 0.8991099297153404,
    "per_class": {
      "0": {
        "precision": 0.9511865087257229,
        "recall": 0.9476811908214305,
        "f1-score": 0.9494306143576462,
        "support": 539997.0
      },
      "1": {
        "precision": 0.841013837851222,
        "recall": 0.8505386686092504,
        "f1-score": 0.8457494369178183,
        "support": 175711.0
      }
    },
    "fpr": 0.05231880917856951,
    "attack_recall": 0.8505386686092504,
    "attack_precision": 0.841013837851222,
    "auc_pr": 0.9157286084594416,
    "confusion_matrix": [
      [
        511745,
        28252
      ],
      [
        26262,
        149449
      ]
    ],
    "class_order": [
      "0",
      "1"
    ]
  },
  "feature_importances": null,
  "wall_seconds": 24.8
}