{
  "config": {
    "tool": "go-flows",
    "regime": "common",
    "model": "logreg",
    "task": "binary",
    "split": "temporal",
    "seed": 4,
    "include_port": false,
    "dataset": "cicids2017",
    "n_features": 9,
    "subsample_benign": null,
    "max_train": 400000
  },
  "config_hash": "2e57fc5f3fc976a1",
  "git_commit": null,
  "n_train": 400000,
  "n_test": 975107,
  "n_test_unseen_class": 0,
  "features": [
    "duration",
    "pkts_fwd",
    "pkts_bwd",
    "bytes_fwd",
    "bytes_bwd",
    "tot_pkts",
    "tot_bytes",
    "is_tcp",
    "is_udp"
  ],
  "metrics": {
    "macro_f1": 0.780477925805018,
    "weighted_f1": 0.8061490677326999,
    "balanced_accuracy": 0.859060647095824,
    "per_class": {
      "0": {
        "precision": 0.9995642761121706,
        "recall": 0.718967356398087,
        "f1-score": 0.8363582858193856,
        "support": 711533.0
      },
      "1": {
        "precision": 0.568405944120091,
        "recall": 0.9991539377935609,
        "f1-score": 0.7245975657906503,
        "support": 263574.0
      }
    },
    "fpr": 0.28103264360191305,
    "attack_recall": 0.9991539377935609,
    "attack_precision": 0.568405944120091,
    "auc_pr": 0.645406605914238,
    "confusion_matrix": [
      [
        511569,
        199964
      ],
      [
        223,
        263351
      ]
    ],
    "class_order": [
      "0",
      "1"
    ]
  },
  "feature_importances": null,
  "wall_seconds": 3.4
}