{
  "config": {
    "tool": "go-flows",
    "regime": "common",
    "model": "rf",
    "task": "binary",
    "split": "temporal",
    "seed": 0,
    "include_port": false,
    "dataset": "cicids2017",
    "n_features": 9,
    "subsample_benign": null,
    "max_train": 400000
  },
  "config_hash": "dac8113fe994a8dc",
  "git_commit": null,
  "n_train": 400000,
  "n_test": 975107,
  "n_test_unseen_class": 0,
  "features": [
    "duration",
    "pkts_fwd",
    "pkts_bwd",
    "bytes_fwd",
    "bytes_bwd",
    "tot_pkts",
    "tot_bytes",
    "is_tcp",
    "is_udp"
  ],
  "metrics": {
    "macro_f1": 0.6375758560847712,
    "weighted_f1": 0.7337395578167492,
    "balanced_accuracy": 0.62505738673612,
    "per_class": {
      "0": {
        "precision": 0.7878808037533973,
        "recall": 0.9154838918223048,
        "f1-score": 0.8469028228490597,
        "support": 711533.0
      },
      "1": {
        "precision": 0.594596052205803,
        "recall": 0.3346308816499351,
        "f1-score": 0.4282488893204826,
        "support": 263574.0
      }
    },
    "fpr": 0.0845161081776952,
    "attack_recall": 0.3346308816499351,
    "attack_precision": 0.594596052205803,
    "auc_pr": 0.5048692713246105,
    "confusion_matrix": [
      [
        651397,
        60136
      ],
      [
        175374,
        88200
      ]
    ],
    "class_order": [
      "0",
      "1"
    ]
  },
  "feature_importances": {
    "bytes_bwd": 0.21181452396531847,
    "pkts_bwd": 0.19278400541578264,
    "tot_pkts": 0.16003122625485147,
    "tot_bytes": 0.14922373486723411,
    "bytes_fwd": 0.10802433905443008,
    "pkts_fwd": 0.09545130589801872,
    "duration": 0.08267086454436452
  },
  "wall_seconds": 9.4
}