{
  "config": {
    "tool": "go-flows",
    "regime": "common",
    "model": "logreg",
    "task": "multiclass",
    "split": "stratified",
    "seed": 0,
    "include_port": false,
    "dataset": "cicids2017",
    "n_features": 9,
    "subsample_benign": null,
    "max_train": 400000
  },
  "config_hash": "707608d3c91a713b",
  "git_commit": null,
  "n_train": 400000,
  "n_test": 715708,
  "n_test_unseen_class": 0,
  "features": [
    "duration",
    "pkts_fwd",
    "pkts_bwd",
    "bytes_fwd",
    "bytes_bwd",
    "tot_pkts",
    "tot_bytes",
    "is_tcp",
    "is_udp"
  ],
  "metrics": {
    "macro_f1": 0.26569225597976437,
    "weighted_f1": 0.7026182479830074,
    "balanced_accuracy": 0.5773220513455263,
    "per_class": {
      "BENIGN": {
        "precision": 0.9998805187235903,
        "recall": 0.6353905669846314,
        "f1-score": 0.7770144721093997,
        "support": 539997.0
      },
      "Bot": {
        "precision": 0.00028876696505919725,
        "recall": 0.0006939625260235947,
        "f1-score": 0.0004078303425774878,
        "support": 1441.0
      },
      "DDoS": {
        "precision": 0.797618642626297,
        "recall": 0.8163933284585118,
        "f1-score": 0.8068967890697595,
        "support": 28719.0
      },
      "DoS GoldenEye": {
        "precision": 0.11850005664438654,
        "recall": 0.45537657814540705,
        "f1-score": 0.188061848256023,
        "support": 2297.0
      },
      "DoS Hulk": {
        "precision": 0.5630317156413885,
        "recall": 0.765817481884058,
        "f1-score": 0.6489517869992804,
        "support": 88320.0
      },
      "DoS Slowhttptest": {
        "precision": 0.5264650283553876,
        "recall": 0.8257968865826538,
        "f1-score": 0.643001443001443,
        "support": 1349.0
      },
      "DoS slowloris": {
        "precision": 0.20408936009087467,
        "recall": 0.7961595273264401,
        "f1-score": 0.32489451476793246,
        "support": 1354.0
      },
      "FTP-Patator": {
        "precision": 0.13202122954444936,
        "recall": 0.49440993788819876,
        "f1-score": 0.20839514791866656,
        "support": 2415.0
      },
      "Heartbleed": {
        "precision": 0.0,
        "recall": 0.0,
        "f1-score": 0.0,
        "support": 0.0
      },
      "Infiltration": {
        "precision": 0.00011707109408258834,
        "recall": 0.7333333333333333,
        "f1-score": 0.0002341048151104017,
        "support": 15.0
      },
      "PortScan": {
        "precision": 0.013251392356443249,
        "recall": 0.0028583856335052506,
        "f1-score": 0.004702434702605081,
        "support": 48279.0
      },
      "SSH-Patator": {
        "precision": 0.21407976934166267,
        "recall": 0.9856194690265486,
        "f1-score": 0.351756810106593,
        "support": 904.0
      },
      "Web Attack - Brute Force": {
        "precision": 0.0022163437477657824,
        "recall": 0.07560975609756097,
        "f1-score": 0.004306452733208307,
        "support": 410.0
      },
      "Web Attack - Sql Injection": {
        "precision": 5.473054329185974e-05,
        "recall": 0.5,
        "f1-score": 0.00010944910616563298,
        "support": 6.0
      },
      "Web Attack - XSS": {
        "precision": 0.013506249160059132,
        "recall": 0.995049504950495,
        "f1-score": 0.026650755767700877,
        "support": 202.0
      }
    },
    "confusion_matrix": [
      [
        343109,
        1930,
        4418,
        4903,
        48240,
        732,
        4013,
        7449,
        2081,
        27090,
        10259,
        3270,
        13905,
        54711,
        13887
      ],
      [
        0,
        1,
        7,
        0,
        4,
        0,
        37,
        203,
        0,
        1183,
        0,
        0,
        0,
        6,
        0
      ],
      [
        0,
        186,
        23446,
        1937,
        3107,
        0,
        0,
        8,
        0,
        0,
        0,
        0,
        3,
        30,
        2
      ],
      [
        2,
        0,
        683,
        1046,
        3,
        105,
        10,
        0,
        0,
        18,
        0,
        0,
        36,
        0,
        394
      ],
      [
        0,
        1313,
        833,
        939,
        67637,
        94,
        39,
        0,
        0,
        17433,
        15,
        0,
        0,
        15,
        2
      ],
      [
        23,
        31,
        0,
        1,
        64,
        1114,
        105,
        0,
        0,
        0,
        0,
        0,
        0,
        3,
        8
      ],
      [
        16,
        1,
        0,
        0,
        6,
        71,
        1078,
        4,
        0,
        131,
        0,
        0,
        2,
        38,
        7
      ],
      [
        0,
        0,
        0,
        0,
        473,
        0,
        0,
        1194,
        0,
        746,
        2,
        0,
        0,
        0,
        0
      ],
      [
        0,
        0,
        0,
        0,
        0,
        0,
        0,
        0,
        0,
        0,
        0,
        0,
        0,
        0,
        0
      ],
      [
        0,
        1,
        0,
        1,
        0,
        0,
        0,
        0,
        1,
        11,
        0,
        1,
        0,
        0,
        0
      ],
      [
        0,
        0,
        8,
        0,
        592,
        0,
        0,
        181,
        0,
        47344,
        138,
        0,
        7,
        1,
        8
      ],
      [
        0,
        0,
        0,
        0,
        3,
        0,
        0,
        4,
        0,
        4,
        0,
        891,
        0,
        2,
        0
      ],
      [
        0,
        0,
        0,
        0,
        1,
        0,
        0,
        1,
        0,
        0,
        0,
        0,
        31,
        4,
        373
      ],
      [
        0,
        0,
        0,
        0,
        0,
        0,
        0,
        0,
        0,
        0,
        0,
        0,
        3,
        3,
        0
      ],
      [
        0,
        0,
        0,
        0,
        0,
        0,
        0,
        0,
        0,
        0,
        0,
        0,
        0,
        1,
        201
      ]
    ],
    "class_order": [
      "BENIGN",
      "Bot",
      "DDoS",
      "DoS GoldenEye",
      "DoS Hulk",
      "DoS Slowhttptest",
      "DoS slowloris",
      "FTP-Patator",
      "Heartbleed",
      "Infiltration",
      "PortScan",
      "SSH-Patator",
      "Web Attack - Brute Force",
      "Web Attack - Sql Injection",
      "Web Attack - XSS"
    ]
  },
  "feature_importances": null,
  "wall_seconds": 30.1
}