{
  "config": {
    "tool": "go-flows",
    "regime": "native",
    "model": "logreg",
    "task": "multiclass",
    "split": "stratified",
    "seed": 1,
    "include_port": false,
    "dataset": "cicids2017",
    "n_features": 13,
    "subsample_benign": null,
    "max_train": 400000
  },
  "config_hash": "23e5e50905b59054",
  "git_commit": null,
  "n_train": 400000,
  "n_test": 715708,
  "n_test_unseen_class": 0,
  "features": [
    "tool_flowStartMilliseconds",
    "tool_flowEndMilliseconds",
    "tool_sourceTransportPort",
    "tool_destinationTransportPort",
    "tool_protocolIdentifier",
    "tool_packetTotalCount",
    "tool_octetTotalCount",
    "tool_tcpSynTotalCount",
    "tool_tcpFinTotalCount",
    "tool_tcpRstTotalCount",
    "tool_tcpPshTotalCount",
    "tool_tcpAckTotalCount",
    "tool_tcpUrgTotalCount"
  ],
  "metrics": {
    "macro_f1": 0.3405655903035132,
    "weighted_f1": 0.8470859013862302,
    "balanced_accuracy": 0.8500820207754273,
    "per_class": {
      "BENIGN": {
        "precision": 0.999524309343702,
        "recall": 0.7159706442813571,
        "f1-score": 0.8343132251406178,
        "support": 539997.0
      },
      "Bot": {
        "precision": 0.23298199385155907,
        "recall": 0.7362942401110341,
        "f1-score": 0.3539616346955797,
        "support": 1441.0
      },
      "DDoS": {
        "precision": 0.9530928177529733,
        "recall": 0.9989902155367527,
        "f1-score": 0.9755019465837032,
        "support": 28719.0
      },
      "DoS GoldenEye": {
        "precision": 0.1416966871512326,
        "recall": 0.8733130169786678,
        "f1-score": 0.2438312872249909,
        "support": 2297.0
      },
      "DoS Hulk": {
        "precision": 0.8873705139894325,
        "recall": 0.9146286231884058,
        "f1-score": 0.9007934074144285,
        "support": 88320.0
      },
      "DoS Slowhttptest": {
        "precision": 0.07160178685386089,
        "recall": 0.8317272053372868,
        "f1-score": 0.13185263528997004,
        "support": 1349.0
      },
      "DoS slowloris": {
        "precision": 0.11365832235397452,
        "recall": 0.9556868537666174,
        "f1-score": 0.20315566370986735,
        "support": 1354.0
      },
      "FTP-Patator": {
        "precision": 0.08612922988215792,
        "recall": 0.989648033126294,
        "f1-score": 0.15846704681076781,
        "support": 2415.0
      },
      "Heartbleed": {
        "precision": 0.0,
        "recall": 0.0,
        "f1-score": 0.0,
        "support": 0.0
      },
      "Infiltration": {
        "precision": 0.00024000384006144098,
        "recall": 0.6666666666666666,
        "f1-score": 0.00047983493678174706,
        "support": 15.0
      },
      "PortScan": {
        "precision": 0.9220670932712818,
        "recall": 0.9849209801362911,
        "f1-score": 0.9524582118999689,
        "support": 48279.0
      },
      "SSH-Patator": {
        "precision": 0.16217201166180759,
        "recall": 0.9845132743362832,
        "f1-score": 0.2784730913642053,
        "support": 904.0
      },
      "Web Attack - Brute Force": {
        "precision": 0.024168155901625393,
        "recall": 0.6926829268292682,
        "f1-score": 0.046706685305484746,
        "support": 410.0
      },
      "Web Attack - Sql Injection": {
        "precision": 0.00040067313085984454,
        "recall": 0.8333333333333334,
        "f1-score": 0.0008009611533840609,
        "support": 6.0
      },
      "Web Attack - XSS": {
        "precision": 0.01411446249033256,
        "recall": 0.7227722772277227,
        "f1-score": 0.02768822302294709,
        "support": 202.0
      }
    },
    "confusion_matrix": [
      [
        386622,
        2948,
        1382,
        6823,
        9987,
        13750,
        9959,
        24912,
        953,
        41536,
        3616,
        4598,
        11188,
        11664,
        10059
      ],
      [
        0,
        1061,
        6,
        0,
        0,
        0,
        0,
        0,
        0,
        0,
        374,
        0,
        0,
        0,
        0
      ],
      [
        0,
        0,
        28690,
        0,
        0,
        0,
        0,
        0,
        0,
        0,
        29,
        0,
        0,
        0,
        0
      ],
      [
        89,
        0,
        0,
        2006,
        187,
        14,
        0,
        0,
        0,
        0,
        0,
        0,
        0,
        1,
        0
      ],
      [
        52,
        0,
        0,
        5229,
        80780,
        724,
        88,
        443,
        0,
        0,
        0,
        0,
        267,
        737,
        0
      ],
      [
        33,
        0,
        0,
        99,
        76,
        1122,
        19,
        0,
        0,
        0,
        0,
        0,
        0,
        0,
        0
      ],
      [
        0,
        0,
        0,
        0,
        0,
        58,
        1294,
        0,
        0,
        0,
        0,
        0,
        1,
        1,
        0
      ],
      [
        5,
        0,
        0,
        0,
        0,
        0,
        20,
        2390,
        0,
        0,
        0,
        0,
        0,
        0,
        0
      ],
      [
        0,
        0,
        0,
        0,
        0,
        0,
        0,
        0,
        0,
        0,
        0,
        0,
        0,
        0,
        0
      ],
      [
        2,
        0,
        0,
        0,
        0,
        0,
        0,
        0,
        1,
        10,
        0,
        0,
        0,
        1,
        1
      ],
      [
        0,
        545,
        24,
        0,
        0,
        0,
        0,
        0,
        0,
        119,
        47551,
        0,
        0,
        1,
        39
      ],
      [
        2,
        0,
        0,
        0,
        3,
        0,
        5,
        4,
        0,
        0,
        0,
        890,
        0,
        0,
        0
      ],
      [
        1,
        0,
        0,
        0,
        0,
        1,
        0,
        0,
        0,
        1,
        0,
        0,
        284,
        24,
        99
      ],
      [
        0,
        0,
        0,
        0,
        0,
        1,
        0,
        0,
        0,
        0,
        0,
        0,
        0,
        5,
        0
      ],
      [
        0,
        0,
        0,
        0,
        0,
        0,
        0,
        0,
        0,
        0,
        0,
        0,
        11,
        45,
        146
      ]
    ],
    "class_order": [
      "BENIGN",
      "Bot",
      "DDoS",
      "DoS GoldenEye",
      "DoS Hulk",
      "DoS Slowhttptest",
      "DoS slowloris",
      "FTP-Patator",
      "Heartbleed",
      "Infiltration",
      "PortScan",
      "SSH-Patator",
      "Web Attack - Brute Force",
      "Web Attack - Sql Injection",
      "Web Attack - XSS"
    ]
  },
  "feature_importances": null,
  "wall_seconds": 36.7
}