{
  "config": {
    "tool": "go-flows",
    "regime": "common",
    "model": "mlp",
    "task": "binary",
    "split": "stratified",
    "seed": 2,
    "include_port": false,
    "dataset": "cicids2017",
    "n_features": 9,
    "subsample_benign": null,
    "max_train": 400000
  },
  "config_hash": "bc2b5a8c40570440",
  "git_commit": null,
  "n_train": 400000,
  "n_test": 715708,
  "n_test_unseen_class": 0,
  "features": [
    "duration",
    "pkts_fwd",
    "pkts_bwd",
    "bytes_fwd",
    "bytes_bwd",
    "tot_pkts",
    "tot_bytes",
    "is_tcp",
    "is_udp"
  ],
  "metrics": {
    "macro_f1": 0.8977934335994273,
    "weighted_f1": 0.9241150673323244,
    "balanced_accuracy": 0.8994418243695108,
    "per_class": {
      "0": {
        "precision": 0.9514112003569835,
        "recall": 0.9476108200601114,
        "f1-score": 0.9495072074905575,
        "support": 539997.0
      },
      "1": {
        "precision": 0.8409494681449164,
        "recall": 0.8512728286789103,
        "f1-score": 0.8460796597082971,
        "support": 175711.0
      }
    },
    "fpr": 0.05238917993988856,
    "attack_recall": 0.8512728286789103,
    "attack_precision": 0.8409494681449164,
    "auc_pr": 0.9158448505667713,
    "confusion_matrix": [
      [
        511707,
        28290
      ],
      [
        26133,
        149578
      ]
    ],
    "class_order": [
      "0",
      "1"
    ]
  },
  "feature_importances": null,
  "wall_seconds": 21.8
}