{
  "config": {
    "tool": "go-flows",
    "regime": "common",
    "model": "rf",
    "task": "binary",
    "split": "temporal",
    "seed": 3,
    "include_port": false,
    "dataset": "cicids2017",
    "n_features": 9,
    "subsample_benign": null,
    "max_train": 400000
  },
  "config_hash": "596c762aecd5dc49",
  "git_commit": null,
  "n_train": 400000,
  "n_test": 975107,
  "n_test_unseen_class": 0,
  "features": [
    "duration",
    "pkts_fwd",
    "pkts_bwd",
    "bytes_fwd",
    "bytes_bwd",
    "tot_pkts",
    "tot_bytes",
    "is_tcp",
    "is_udp"
  ],
  "metrics": {
    "macro_f1": 0.4292909906592327,
    "weighted_f1": 0.6016976957024353,
    "balanced_accuracy": 0.4740254528596265,
    "per_class": {
      "0": {
        "precision": 0.718654674223468,
        "recall": 0.913847987373741,
        "f1-score": 0.8045819992885094,
        "support": 711533.0
      },
      "1": {
        "precision": 0.12820877479911824,
        "recall": 0.034202918345512076,
        "f1-score": 0.05399998202995606,
        "support": 263574.0
      }
    },
    "fpr": 0.08615201262625907,
    "attack_recall": 0.034202918345512076,
    "attack_precision": 0.12820877479911824,
    "auc_pr": 0.4502033067985884,
    "confusion_matrix": [
      [
        650233,
        61300
      ],
      [
        254559,
        9015
      ]
    ],
    "class_order": [
      "0",
      "1"
    ]
  },
  "feature_importances": {
    "pkts_bwd": 0.20614521410173117,
    "bytes_bwd": 0.20405241916929714,
    "tot_pkts": 0.16658186417261725,
    "tot_bytes": 0.14917322190876048,
    "bytes_fwd": 0.09979297134520895,
    "pkts_fwd": 0.09676135574756954,
    "duration": 0.07749295355481543
  },
  "wall_seconds": 9.4
}