{
  "config": {
    "tool": "go-flows",
    "regime": "common",
    "model": "logreg",
    "task": "multiclass",
    "split": "stratified",
    "seed": 4,
    "include_port": false,
    "dataset": "cicids2017",
    "n_features": 9,
    "subsample_benign": null,
    "max_train": 400000
  },
  "config_hash": "de5ec78222401a2e",
  "git_commit": null,
  "n_train": 400000,
  "n_test": 715708,
  "n_test_unseen_class": 0,
  "features": [
    "duration",
    "pkts_fwd",
    "pkts_bwd",
    "bytes_fwd",
    "bytes_bwd",
    "tot_pkts",
    "tot_bytes",
    "is_tcp",
    "is_udp"
  ],
  "metrics": {
    "macro_f1": 0.31395119491548684,
    "weighted_f1": 0.6969083417143441,
    "balanced_accuracy": 0.5624139365444083,
    "per_class": {
      "BENIGN": {
        "precision": 1.0,
        "recall": 0.5521771417248614,
        "f1-score": 0.7114872740765309,
        "support": 539997.0
      },
      "Bot": {
        "precision": 0.0002671154205732297,
        "recall": 0.006939625260235947,
        "f1-score": 0.0005144297546170071,
        "support": 1441.0
      },
      "DDoS": {
        "precision": 0.7868997565833149,
        "recall": 0.8667432710052578,
        "f1-score": 0.8248939554612937,
        "support": 28719.0
      },
      "DoS GoldenEye": {
        "precision": 0.2819871336669049,
        "recall": 0.3434915106660862,
        "f1-score": 0.30971540726202157,
        "support": 2297.0
      },
      "DoS Hulk": {
        "precision": 0.5657748370563855,
        "recall": 0.7774343297101449,
        "f1-score": 0.6549282004568845,
        "support": 88320.0
      },
      "DoS Slowhttptest": {
        "precision": 0.5338310779281381,
        "recall": 0.8480355819125278,
        "f1-score": 0.6552119129438717,
        "support": 1349.0
      },
      "DoS slowloris": {
        "precision": 0.1850101282916948,
        "recall": 0.8094534711964549,
        "f1-score": 0.30118164330860125,
        "support": 1354.0
      },
      "FTP-Patator": {
        "precision": 0.14543068480076354,
        "recall": 0.5047619047619047,
        "f1-score": 0.2258034639251644,
        "support": 2415.0
      },
      "Heartbleed": {
        "precision": 0.0,
        "recall": 0.0,
        "f1-score": 0.0,
        "support": 0.0
      },
      "Infiltration": {
        "precision": 0.0,
        "recall": 0.0,
        "f1-score": 0.0,
        "support": 15.0
      },
      "PortScan": {
        "precision": 0.4574510087149116,
        "recall": 0.9839474719857495,
        "f1-score": 0.6245431358628487,
        "support": 48279.0
      },
      "SSH-Patator": {
        "precision": 0.23421750663129973,
        "recall": 0.9767699115044248,
        "f1-score": 0.37783483097988874,
        "support": 904.0
      },
      "Web Attack - Brute Force": {
        "precision": 0.0021436227224008574,
        "recall": 0.03902439024390244,
        "f1-score": 0.004064008128016256,
        "support": 410.0
      },
      "Web Attack - Sql Injection": {
        "precision": 0.00016110842597067828,
        "recall": 0.8333333333333334,
        "f1-score": 0.0003221545697625721,
        "support": 6.0
      },
      "Web Attack - XSS": {
        "precision": 0.009656961660420871,
        "recall": 0.3316831683168317,
        "f1-score": 0.01876750700280112,
        "support": 202.0
      }
    },
    "confusion_matrix": [
      [
        298174,
        36813,
        4898,
        767,
        48516,
        740,
        4681,
        6935,
        1557,
        53020,
        36821,
        2887,
        7246,
        30700,
        6242
      ],
      [
        0,
        10,
        8,
        0,
        3,
        0,
        50,
        194,
        0,
        0,
        1176,
        0,
        0,
        0,
        0
      ],
      [
        0,
        112,
        24892,
        457,
        3041,
        0,
        0,
        6,
        0,
        0,
        0,
        0,
        138,
        0,
        73
      ],
      [
        0,
        0,
        839,
        789,
        2,
        88,
        12,
        0,
        0,
        153,
        24,
        0,
        55,
        0,
        335
      ],
      [
        0,
        268,
        989,
        784,
        68663,
        109,
        15,
        0,
        0,
        1,
        17481,
        0,
        5,
        1,
        4
      ],
      [
        0,
        33,
        0,
        1,
        51,
        1144,
        67,
        0,
        0,
        49,
        0,
        0,
        1,
        2,
        1
      ],
      [
        0,
        52,
        0,
        0,
        9,
        62,
        1096,
        0,
        0,
        16,
        111,
        0,
        0,
        5,
        3
      ],
      [
        0,
        0,
        0,
        0,
        486,
        0,
        0,
        1219,
        0,
        0,
        710,
        0,
        0,
        0,
        0
      ],
      [
        0,
        0,
        0,
        0,
        0,
        0,
        0,
        0,
        0,
        0,
        0,
        0,
        0,
        0,
        0
      ],
      [
        0,
        0,
        0,
        0,
        0,
        0,
        0,
        0,
        2,
        0,
        13,
        0,
        0,
        0,
        0
      ],
      [
        0,
        149,
        7,
        0,
        583,
        0,
        0,
        23,
        0,
        0,
        47504,
        0,
        0,
        9,
        4
      ],
      [
        0,
        0,
        0,
        0,
        7,
        0,
        3,
        4,
        0,
        1,
        5,
        883,
        0,
        1,
        0
      ],
      [
        0,
        0,
        0,
        0,
        0,
        0,
        0,
        0,
        0,
        0,
        0,
        0,
        16,
        185,
        209
      ],
      [
        0,
        0,
        0,
        0,
        0,
        0,
        0,
        0,
        0,
        0,
        0,
        0,
        1,
        5,
        0
      ],
      [
        0,
        0,
        0,
        0,
        0,
        0,
        0,
        1,
        0,
        5,
        0,
        0,
        2,
        127,
        67
      ]
    ],
    "class_order": [
      "BENIGN",
      "Bot",
      "DDoS",
      "DoS GoldenEye",
      "DoS Hulk",
      "DoS Slowhttptest",
      "DoS slowloris",
      "FTP-Patator",
      "Heartbleed",
      "Infiltration",
      "PortScan",
      "SSH-Patator",
      "Web Attack - Brute Force",
      "Web Attack - Sql Injection",
      "Web Attack - XSS"
    ]
  },
  "feature_importances": null,
  "wall_seconds": 47.6
}