{
  "config": {
    "tool": "go-flows",
    "regime": "common",
    "model": "logreg",
    "task": "binary",
    "split": "temporal",
    "seed": 0,
    "include_port": false,
    "dataset": "cicids2017",
    "n_features": 9,
    "subsample_benign": null,
    "max_train": 400000
  },
  "config_hash": "0896f63292b21765",
  "git_commit": null,
  "n_train": 400000,
  "n_test": 975107,
  "n_test_unseen_class": 0,
  "features": [
    "duration",
    "pkts_fwd",
    "pkts_bwd",
    "bytes_fwd",
    "bytes_bwd",
    "tot_pkts",
    "tot_bytes",
    "is_tcp",
    "is_udp"
  ],
  "metrics": {
    "macro_f1": 0.7800296896487084,
    "weighted_f1": 0.8057057849004146,
    "balanced_accuracy": 0.8587362070790849,
    "per_class": {
      "0": {
        "precision": 0.999561930166975,
        "recall": 0.7183222703655346,
        "f1-score": 0.835920831946565,
        "support": 711533.0
      },
      "1": {
        "precision": 0.5678424574091204,
        "recall": 0.9991501437926351,
        "f1-score": 0.7241385473508518,
        "support": 263574.0
      }
    },
    "fpr": 0.2816777296344653,
    "attack_recall": 0.9991501437926351,
    "attack_precision": 0.5678424574091204,
    "auc_pr": 0.6473325460815879,
    "confusion_matrix": [
      [
        511110,
        200423
      ],
      [
        224,
        263350
      ]
    ],
    "class_order": [
      "0",
      "1"
    ]
  },
  "feature_importances": null,
  "wall_seconds": 3.5
}