{
  "config": {
    "tool": "go-flows",
    "regime": "native",
    "model": "logreg",
    "task": "multiclass",
    "split": "stratified",
    "seed": 4,
    "include_port": false,
    "dataset": "cicids2017",
    "n_features": 13,
    "subsample_benign": null,
    "max_train": 400000
  },
  "config_hash": "b32f4c8c875e58bf",
  "git_commit": null,
  "n_train": 400000,
  "n_test": 715708,
  "n_test_unseen_class": 0,
  "features": [
    "tool_flowStartMilliseconds",
    "tool_flowEndMilliseconds",
    "tool_sourceTransportPort",
    "tool_destinationTransportPort",
    "tool_protocolIdentifier",
    "tool_packetTotalCount",
    "tool_octetTotalCount",
    "tool_tcpSynTotalCount",
    "tool_tcpFinTotalCount",
    "tool_tcpRstTotalCount",
    "tool_tcpPshTotalCount",
    "tool_tcpAckTotalCount",
    "tool_tcpUrgTotalCount"
  ],
  "metrics": {
    "macro_f1": 0.3285493010015134,
    "weighted_f1": 0.8349737112671797,
    "balanced_accuracy": 0.8652868203538978,
    "per_class": {
      "BENIGN": {
        "precision": 0.9993897589026092,
        "recall": 0.7096724611433026,
        "f1-score": 0.8299749201907625,
        "support": 539997.0
      },
      "Bot": {
        "precision": 0.18798206278026905,
        "recall": 0.7272727272727273,
        "f1-score": 0.29874572405929306,
        "support": 1441.0
      },
      "DDoS": {
        "precision": 0.9492921407779836,
        "recall": 0.9993035969218984,
        "f1-score": 0.97365608725891,
        "support": 28719.0
      },
      "DoS GoldenEye": {
        "precision": 0.13095762765220675,
        "recall": 0.9055289508053983,
        "f1-score": 0.22882288228822883,
        "support": 2297.0
      },
      "DoS Hulk": {
        "precision": 0.7611643532260952,
        "recall": 0.9145606884057971,
        "f1-score": 0.8308415492776655,
        "support": 88320.0
      },
      "DoS Slowhttptest": {
        "precision": 0.060732871935189656,
        "recall": 0.8391401037805782,
        "f1-score": 0.11326796077646588,
        "support": 1349.0
      },
      "DoS slowloris": {
        "precision": 0.1674255236112918,
        "recall": 0.9505169867060561,
        "f1-score": 0.28470301957748034,
        "support": 1354.0
      },
      "FTP-Patator": {
        "precision": 0.08483363516920564,
        "recall": 0.9892339544513458,
        "f1-score": 0.15626635269492412,
        "support": 2415.0
      },
      "Heartbleed": {
        "precision": 0.0,
        "recall": 0.0,
        "f1-score": 0.0,
        "support": 0.0
      },
      "Infiltration": {
        "precision": 0.0005630404182585964,
        "recall": 0.9333333333333333,
        "f1-score": 0.00112540192926045,
        "support": 15.0
      },
      "PortScan": {
        "precision": 0.9210129518654553,
        "recall": 0.9868472834980012,
        "f1-score": 0.9527942485176334,
        "support": 48279.0
      },
      "SSH-Patator": {
        "precision": 0.11069371399949912,
        "recall": 0.9778761061946902,
        "f1-score": 0.19887514060742406,
        "support": 904.0
      },
      "Web Attack - Brute Force": {
        "precision": 0.019454510776273127,
        "recall": 0.4975609756097561,
        "f1-score": 0.037444933920704845,
        "support": 410.0
      },
      "Web Attack - Sql Injection": {
        "precision": 0.0005586072060329579,
        "recall": 1.0,
        "f1-score": 0.0011165906764678516,
        "support": 6.0
      },
      "Web Attack - XSS": {
        "precision": 0.010460092473281286,
        "recall": 0.6831683168316832,
        "f1-score": 0.020604703247480403,
        "support": 202.0
      }
    },
    "confusion_matrix": [
      [
        383221,
        4002,
        1516,
        8016,
        25128,
        17029,
        6266,
        25314,
        956,
        24850,
        3673,
        7101,
        9660,
        10585,
        12680
      ],
      [
        0,
        1048,
        0,
        0,
        0,
        0,
        0,
        0,
        0,
        0,
        393,
        0,
        0,
        0,
        0
      ],
      [
        0,
        0,
        28699,
        0,
        0,
        0,
        0,
        0,
        0,
        0,
        20,
        0,
        0,
        0,
        0
      ],
      [
        61,
        0,
        0,
        2080,
        136,
        19,
        1,
        0,
        0,
        0,
        0,
        0,
        0,
        0,
        0
      ],
      [
        46,
        0,
        0,
        5698,
        80774,
        402,
        91,
        454,
        0,
        1,
        0,
        0,
        617,
        4,
        233
      ],
      [
        33,
        0,
        0,
        89,
        80,
        1132,
        13,
        0,
        0,
        0,
        0,
        0,
        2,
        0,
        0
      ],
      [
        10,
        0,
        0,
        0,
        0,
        57,
        1287,
        0,
        0,
        0,
        0,
        0,
        0,
        0,
        0
      ],
      [
        3,
        0,
        0,
        0,
        0,
        0,
        22,
        2389,
        0,
        0,
        0,
        1,
        0,
        0,
        0
      ],
      [
        0,
        0,
        0,
        0,
        0,
        0,
        0,
        0,
        0,
        0,
        0,
        0,
        0,
        0,
        0
      ],
      [
        0,
        0,
        0,
        0,
        0,
        0,
        0,
        0,
        0,
        14,
        0,
        0,
        0,
        0,
        1
      ],
      [
        73,
        525,
        17,
        0,
        0,
        0,
        0,
        0,
        0,
        0,
        47644,
        0,
        0,
        0,
        20
      ],
      [
        8,
        0,
        0,
        0,
        1,
        0,
        7,
        4,
        0,
        0,
        0,
        884,
        0,
        0,
        0
      ],
      [
        0,
        0,
        0,
        0,
        0,
        0,
        0,
        0,
        0,
        0,
        0,
        0,
        204,
        85,
        121
      ],
      [
        0,
        0,
        0,
        0,
        0,
        0,
        0,
        0,
        0,
        0,
        0,
        0,
        0,
        6,
        0
      ],
      [
        0,
        0,
        0,
        0,
        0,
        0,
        0,
        0,
        0,
        0,
        0,
        0,
        3,
        61,
        138
      ]
    ],
    "class_order": [
      "BENIGN",
      "Bot",
      "DDoS",
      "DoS GoldenEye",
      "DoS Hulk",
      "DoS Slowhttptest",
      "DoS slowloris",
      "FTP-Patator",
      "Heartbleed",
      "Infiltration",
      "PortScan",
      "SSH-Patator",
      "Web Attack - Brute Force",
      "Web Attack - Sql Injection",
      "Web Attack - XSS"
    ]
  },
  "feature_importances": null,
  "wall_seconds": 49.8
}