{
  "config": {
    "tool": "go-flows",
    "regime": "native",
    "model": "rf",
    "task": "multiclass",
    "split": "stratified",
    "seed": 1,
    "include_port": false,
    "dataset": "cicids2017",
    "n_features": 13,
    "subsample_benign": null,
    "max_train": 400000
  },
  "config_hash": "5d58b6422f2ff1d2",
  "git_commit": null,
  "n_train": 400000,
  "n_test": 715708,
  "n_test_unseen_class": 0,
  "features": [
    "tool_flowStartMilliseconds",
    "tool_flowEndMilliseconds",
    "tool_sourceTransportPort",
    "tool_destinationTransportPort",
    "tool_protocolIdentifier",
    "tool_packetTotalCount",
    "tool_octetTotalCount",
    "tool_tcpSynTotalCount",
    "tool_tcpFinTotalCount",
    "tool_tcpRstTotalCount",
    "tool_tcpPshTotalCount",
    "tool_tcpAckTotalCount",
    "tool_tcpUrgTotalCount"
  ],
  "metrics": {
    "macro_f1": 0.8421286942116952,
    "weighted_f1": 0.9997761501408551,
    "balanced_accuracy": 0.8890467090627353,
    "per_class": {
      "BENIGN": {
        "precision": 0.9997852142210405,
        "recall": 0.999925925514401,
        "f1-score": 0.9998555649170887,
        "support": 539997.0
      },
      "Bot": {
        "precision": 1.0,
        "recall": 0.9972241498959056,
        "f1-score": 0.9986101459346769,
        "support": 1441.0
      },
      "DDoS": {
        "precision": 0.9999651798460949,
        "recall": 0.9999651798460949,
        "f1-score": 0.9999651798460949,
        "support": 28719.0
      },
      "DoS GoldenEye": {
        "precision": 1.0,
        "recall": 1.0,
        "f1-score": 1.0,
        "support": 2297.0
      },
      "DoS Hulk": {
        "precision": 0.9999886772798297,
        "recall": 0.9999660326086957,
        "f1-score": 0.9999773548160645,
        "support": 88320.0
      },
      "DoS Slowhttptest": {
        "precision": 0.9977511244377811,
        "recall": 0.9866567828020756,
        "f1-score": 0.9921729407379799,
        "support": 1349.0
      },
      "DoS slowloris": {
        "precision": 1.0,
        "recall": 0.9963072378138847,
        "f1-score": 0.9981502034776175,
        "support": 1354.0
      },
      "FTP-Patator": {
        "precision": 1.0,
        "recall": 0.9991718426501035,
        "f1-score": 0.9995857497928748,
        "support": 2415.0
      },
      "Heartbleed": {
        "precision": 0.0,
        "recall": 0.0,
        "f1-score": 0.0,
        "support": 0.0
      },
      "Infiltration": {
        "precision": 1.0,
        "recall": 0.6,
        "f1-score": 0.75,
        "support": 15.0
      },
      "PortScan": {
        "precision": 0.9998757069169101,
        "recall": 0.9997514447275213,
        "f1-score": 0.999813571961223,
        "support": 48279.0
      },
      "SSH-Patator": {
        "precision": 1.0,
        "recall": 0.9778761061946902,
        "f1-score": 0.9888143176733781,
        "support": 904.0
      },
      "Web Attack - Brute Force": {
        "precision": 0.9354838709677419,
        "recall": 0.9195121951219513,
        "f1-score": 0.9274292742927429,
        "support": 410.0
      },
      "Web Attack - Sql Injection": {
        "precision": 0.0,
        "recall": 0.0,
        "f1-score": 0.0,
        "support": 6.0
      },
      "Web Attack - XSS": {
        "precision": 0.9849246231155779,
        "recall": 0.9702970297029703,
        "f1-score": 0.9775561097256857,
        "support": 202.0
      }
    },
    "confusion_matrix": [
      [
        539957,
        0,
        1,
        0,
        1,
        3,
        0,
        0,
        0,
        6,
        0,
        26,
        0,
        3
      ],
      [
        4,
        1437,
        0,
        0,
        0,
        0,
        0,
        0,
        0,
        0,
        0,
        0,
        0,
        0
      ],
      [
        1,
        0,
        28718,
        0,
        0,
        0,
        0,
        0,
        0,
        0,
        0,
        0,
        0,
        0
      ],
      [
        0,
        0,
        0,
        2297,
        0,
        0,
        0,
        0,
        0,
        0,
        0,
        0,
        0,
        0
      ],
      [
        3,
        0,
        0,
        0,
        88317,
        0,
        0,
        0,
        0,
        0,
        0,
        0,
        0,
        0
      ],
      [
        18,
        0,
        0,
        0,
        0,
        1331,
        0,
        0,
        0,
        0,
        0,
        0,
        0,
        0
      ],
      [
        5,
        0,
        0,
        0,
        0,
        0,
        1349,
        0,
        0,
        0,
        0,
        0,
        0,
        0
      ],
      [
        2,
        0,
        0,
        0,
        0,
        0,
        0,
        2413,
        0,
        0,
        0,
        0,
        0,
        0
      ],
      [
        6,
        0,
        0,
        0,
        0,
        0,
        0,
        0,
        9,
        0,
        0,
        0,
        0,
        0
      ],
      [
        12,
        0,
        0,
        0,
        0,
        0,
        0,
        0,
        0,
        48267,
        0,
        0,
        0,
        0
      ],
      [
        20,
        0,
        0,
        0,
        0,
        0,
        0,
        0,
        0,
        0,
        884,
        0,
        0,
        0
      ],
      [
        33,
        0,
        0,
        0,
        0,
        0,
        0,
        0,
        0,
        0,
        0,
        377,
        0,
        0
      ],
      [
        6,
        0,
        0,
        0,
        0,
        0,
        0,
        0,
        0,
        0,
        0,
        0,
        0,
        0
      ],
      [
        6,
        0,
        0,
        0,
        0,
        0,
        0,
        0,
        0,
        0,
        0,
        0,
        0,
        196
      ]
    ],
    "class_order": [
      "BENIGN",
      "Bot",
      "DDoS",
      "DoS GoldenEye",
      "DoS Hulk",
      "DoS Slowhttptest",
      "DoS slowloris",
      "FTP-Patator",
      "Heartbleed",
      "Infiltration",
      "PortScan",
      "SSH-Patator",
      "Web Attack - Brute Force",
      "Web Attack - Sql Injection",
      "Web Attack - XSS"
    ]
  },
  "feature_importances": {
    "tool_flowStartMilliseconds": 0.23374240723629047,
    "tool_flowEndMilliseconds": 0.21893718262466866,
    "tool_octetTotalCount": 0.10752619553427735,
    "tool_destinationTransportPort": 0.09939419033253274,
    "tool_packetTotalCount": 0.06359897624486027,
    "tool_tcpAckTotalCount": 0.06182768738837627,
    "tool_tcpPshTotalCount": 0.05025939575736256,
    "tool_sourceTransportPort": 0.044556404933762464,
    "tool_tcpFinTotalCount": 0.040988918134471385,
    "tool_tcpSynTotalCount": 0.03922779849941036,
    "tool_tcpRstTotalCount": 0.02749521088519107,
    "tool_protocolIdentifier": 0.012445632428796266,
    "tool_tcpUrgTotalCount": 0.0
  },
  "wall_seconds": 17.6
}