{
  "config": {
    "tool": "go-flows",
    "regime": "native",
    "model": "xgb",
    "task": "binary",
    "split": "temporal",
    "seed": 1,
    "include_port": false,
    "dataset": "cicids2017",
    "n_features": 13,
    "subsample_benign": null,
    "max_train": 400000
  },
  "config_hash": "bdeacc7a5462df66",
  "git_commit": null,
  "n_train": 400000,
  "n_test": 975107,
  "n_test_unseen_class": 0,
  "features": [
    "tool_flowStartMilliseconds",
    "tool_flowEndMilliseconds",
    "tool_sourceTransportPort",
    "tool_destinationTransportPort",
    "tool_protocolIdentifier",
    "tool_packetTotalCount",
    "tool_octetTotalCount",
    "tool_tcpSynTotalCount",
    "tool_tcpFinTotalCount",
    "tool_tcpRstTotalCount",
    "tool_tcpPshTotalCount",
    "tool_tcpAckTotalCount",
    "tool_tcpUrgTotalCount"
  ],
  "metrics": {
    "macro_f1": 0.4218628085728041,
    "weighted_f1": 0.6156643522654088,
    "balanced_accuracy": 0.49999718916761415,
    "per_class": {
      "0": {
        "precision": 0.7296962474733438,
        "recall": 0.9999943783352283,
        "f1-score": 0.8437256171456082,
        "support": 711533.0
      },
      "1": {
        "precision": 0.0,
        "recall": 0.0,
        "f1-score": 0.0,
        "support": 263574.0
      }
    },
    "fpr": 5.621664771697167e-06,
    "attack_recall": 0.0,
    "attack_precision": 0.0,
    "auc_pr": 0.7673392757512552,
    "confusion_matrix": [
      [
        711529,
        4
      ],
      [
        263574,
        0
      ]
    ],
    "class_order": [
      "0",
      "1"
    ]
  },
  "feature_importances": {
    "tool_tcpRstTotalCount": 0.8216550946235657,
    "tool_flowEndMilliseconds": 0.07712378352880478,
    "tool_destinationTransportPort": 0.021793095394968987,
    "tool_tcpSynTotalCount": 0.016324713826179504,
    "tool_flowStartMilliseconds": 0.013955640606582165,
    "tool_protocolIdentifier": 0.010988902300596237,
    "tool_packetTotalCount": 0.010640631429851055,
    "tool_sourceTransportPort": 0.007859566248953342,
    "tool_tcpFinTotalCount": 0.007161974906921387,
    "tool_tcpAckTotalCount": 0.005427382420748472,
    "tool_tcpPshTotalCount": 0.004270514473319054,
    "tool_octetTotalCount": 0.002798756118863821,
    "tool_tcpUrgTotalCount": 0.0
  },
  "wall_seconds": 7.3
}