{
  "config": {
    "tool": "go-flows",
    "regime": "native",
    "model": "rf",
    "task": "multiclass",
    "split": "stratified",
    "seed": 0,
    "include_port": false,
    "dataset": "cicids2017",
    "n_features": 13,
    "subsample_benign": null,
    "max_train": 400000
  },
  "config_hash": "e9810f2258b3e567",
  "git_commit": null,
  "n_train": 400000,
  "n_test": 715708,
  "n_test_unseen_class": 0,
  "features": [
    "tool_flowStartMilliseconds",
    "tool_flowEndMilliseconds",
    "tool_sourceTransportPort",
    "tool_destinationTransportPort",
    "tool_protocolIdentifier",
    "tool_packetTotalCount",
    "tool_octetTotalCount",
    "tool_tcpSynTotalCount",
    "tool_tcpFinTotalCount",
    "tool_tcpRstTotalCount",
    "tool_tcpPshTotalCount",
    "tool_tcpAckTotalCount",
    "tool_tcpUrgTotalCount"
  ],
  "metrics": {
    "macro_f1": 0.8484509600820086,
    "weighted_f1": 0.9997759995167637,
    "balanced_accuracy": 0.9014840465415179,
    "per_class": {
      "BENIGN": {
        "precision": 0.9998185306164774,
        "recall": 0.9998907401337415,
        "f1-score": 0.9998546340713663,
        "support": 539997.0
      },
      "Bot": {
        "precision": 1.0,
        "recall": 0.9993060374739764,
        "f1-score": 0.9996528982992017,
        "support": 1441.0
      },
      "DDoS": {
        "precision": 1.0,
        "recall": 0.9999303596921898,
        "f1-score": 0.9999651786336096,
        "support": 28719.0
      },
      "DoS GoldenEye": {
        "precision": 0.999562363238512,
        "recall": 0.9943404440574662,
        "f1-score": 0.9969445656918376,
        "support": 2297.0
      },
      "DoS Hulk": {
        "precision": 0.9999773548160645,
        "recall": 0.9999660326086957,
        "f1-score": 0.9999716936803311,
        "support": 88320.0
      },
      "DoS Slowhttptest": {
        "precision": 1.0,
        "recall": 0.9859154929577465,
        "f1-score": 0.9929078014184397,
        "support": 1349.0
      },
      "DoS slowloris": {
        "precision": 1.0,
        "recall": 0.9940915805022157,
        "f1-score": 0.997037037037037,
        "support": 1354.0
      },
      "FTP-Patator": {
        "precision": 0.9995859213250518,
        "recall": 0.9995859213250518,
        "f1-score": 0.9995859213250518,
        "support": 2415.0
      },
      "Heartbleed": {
        "precision": 0.0,
        "recall": 0.0,
        "f1-score": 0.0,
        "support": 0.0
      },
      "Infiltration": {
        "precision": 1.0,
        "recall": 0.7333333333333333,
        "f1-score": 0.8461538461538461,
        "support": 15.0
      },
      "PortScan": {
        "precision": 0.9998135912677865,
        "recall": 0.9998550094243874,
        "f1-score": 0.99983429991715,
        "support": 48279.0
      },
      "SSH-Patator": {
        "precision": 0.9944994499449945,
        "recall": 1.0,
        "f1-score": 0.9972421400992829,
        "support": 904.0
      },
      "Web Attack - Brute Force": {
        "precision": 0.9195121951219513,
        "recall": 0.9195121951219513,
        "f1-score": 0.9195121951219513,
        "support": 410.0
      },
      "Web Attack - Sql Injection": {
        "precision": 0.0,
        "recall": 0.0,
        "f1-score": 0.0,
        "support": 6.0
      },
      "Web Attack - XSS": {
        "precision": 0.9617224880382775,
        "recall": 0.995049504950495,
        "f1-score": 0.9781021897810219,
        "support": 202.0
      }
    },
    "confusion_matrix": [
      [
        539938,
        0,
        0,
        1,
        2,
        0,
        0,
        1,
        0,
        9,
        5,
        33,
        0,
        8
      ],
      [
        1,
        1440,
        0,
        0,
        0,
        0,
        0,
        0,
        0,
        0,
        0,
        0,
        0,
        0
      ],
      [
        2,
        0,
        28717,
        0,
        0,
        0,
        0,
        0,
        0,
        0,
        0,
        0,
        0,
        0
      ],
      [
        13,
        0,
        0,
        2284,
        0,
        0,
        0,
        0,
        0,
        0,
        0,
        0,
        0,
        0
      ],
      [
        3,
        0,
        0,
        0,
        88317,
        0,
        0,
        0,
        0,
        0,
        0,
        0,
        0,
        0
      ],
      [
        19,
        0,
        0,
        0,
        0,
        1330,
        0,
        0,
        0,
        0,
        0,
        0,
        0,
        0
      ],
      [
        8,
        0,
        0,
        0,
        0,
        0,
        1346,
        0,
        0,
        0,
        0,
        0,
        0,
        0
      ],
      [
        1,
        0,
        0,
        0,
        0,
        0,
        0,
        2414,
        0,
        0,
        0,
        0,
        0,
        0
      ],
      [
        4,
        0,
        0,
        0,
        0,
        0,
        0,
        0,
        11,
        0,
        0,
        0,
        0,
        0
      ],
      [
        7,
        0,
        0,
        0,
        0,
        0,
        0,
        0,
        0,
        48272,
        0,
        0,
        0,
        0
      ],
      [
        0,
        0,
        0,
        0,
        0,
        0,
        0,
        0,
        0,
        0,
        904,
        0,
        0,
        0
      ],
      [
        33,
        0,
        0,
        0,
        0,
        0,
        0,
        0,
        0,
        0,
        0,
        377,
        0,
        0
      ],
      [
        6,
        0,
        0,
        0,
        0,
        0,
        0,
        0,
        0,
        0,
        0,
        0,
        0,
        0
      ],
      [
        1,
        0,
        0,
        0,
        0,
        0,
        0,
        0,
        0,
        0,
        0,
        0,
        0,
        201
      ]
    ],
    "class_order": [
      "BENIGN",
      "Bot",
      "DDoS",
      "DoS GoldenEye",
      "DoS Hulk",
      "DoS Slowhttptest",
      "DoS slowloris",
      "FTP-Patator",
      "Heartbleed",
      "Infiltration",
      "PortScan",
      "SSH-Patator",
      "Web Attack - Brute Force",
      "Web Attack - Sql Injection",
      "Web Attack - XSS"
    ]
  },
  "feature_importances": {
    "tool_flowStartMilliseconds": 0.24226306913325735,
    "tool_flowEndMilliseconds": 0.21872557430786368,
    "tool_octetTotalCount": 0.10485799992659328,
    "tool_destinationTransportPort": 0.1012575596346716,
    "tool_packetTotalCount": 0.06271969521152378,
    "tool_tcpAckTotalCount": 0.05771332712600039,
    "tool_sourceTransportPort": 0.046962897855055495,
    "tool_tcpPshTotalCount": 0.046922534689972976,
    "tool_tcpFinTotalCount": 0.04275840117656139,
    "tool_tcpSynTotalCount": 0.036058803600128676,
    "tool_tcpRstTotalCount": 0.028102405700748852,
    "tool_protocolIdentifier": 0.011657731637622596,
    "tool_tcpUrgTotalCount": 0.0
  },
  "wall_seconds": 17.6
}