{
  "config": {
    "tool": "joy",
    "regime": "native",
    "model": "logreg",
    "task": "multiclass",
    "split": "stratified",
    "seed": 1,
    "include_port": false,
    "dataset": "cicids2017",
    "n_features": 24,
    "subsample_benign": null,
    "max_train": 400000
  },
  "config_hash": "967f4fdcb4927598",
  "git_commit": null,
  "n_train": 400000,
  "n_test": 867639,
  "n_test_unseen_class": 0,
  "features": [
    "tool_pr",
    "tool_sp",
    "tool_dp",
    "tool_bytes_out",
    "tool_num_pkts_out",
    "tool_byte_dist_mean",
    "tool_byte_dist_std",
    "tool_bytes_in",
    "tool_num_pkts_in",
    "tool_derived_fwd_pktsize_mean",
    "tool_derived_fwd_pktsize_std",
    "tool_derived_fwd_pktsize_min",
    "tool_derived_fwd_pktsize_max",
    "tool_derived_fwd_pktsize_n",
    "tool_derived_bwd_pktsize_mean",
    "tool_derived_bwd_pktsize_std",
    "tool_derived_bwd_pktsize_min",
    "tool_derived_bwd_pktsize_max",
    "tool_derived_bwd_pktsize_n",
    "tool_derived_iat_ms_mean",
    "tool_derived_iat_ms_std",
    "tool_derived_iat_ms_min",
    "tool_derived_iat_ms_max",
    "tool_derived_iat_ms_n"
  ],
  "metrics": {
    "macro_f1": 0.3780020117068536,
    "weighted_f1": 0.8182198217673418,
    "balanced_accuracy": 0.7919845756552587,
    "per_class": {
      "BENIGN": {
        "precision": 0.9998180288414503,
        "recall": 0.7069469309374455,
        "f1-score": 0.8282549778581756,
        "support": 722794.0
      },
      "Bot": {
        "precision": 0.013758788534342889,
        "recall": 0.9636363636363636,
        "f1-score": 0.02713021222139277,
        "support": 660.0
      },
      "DDoS": {
        "precision": 0.8137470542026709,
        "recall": 0.9536332392291641,
        "f1-score": 0.8781542287151375,
        "support": 32588.0
      },
      "DoS GoldenEye": {
        "precision": 0.26124483345489913,
        "recall": 0.6457331730769231,
        "f1-score": 0.3719923835900987,
        "support": 3328.0
      },
      "DoS Hulk": {
        "precision": 0.9794038952149835,
        "recall": 0.9611822419443483,
        "f1-score": 0.9702075200328745,
        "support": 49127.0
      },
      "DoS Slowhttptest": {
        "precision": 0.0770750378121431,
        "recall": 0.622382851445663,
        "f1-score": 0.13716388804965804,
        "support": 4012.0
      },
      "DoS slowloris": {
        "precision": 0.10578638051518961,
        "recall": 0.8413953488372093,
        "f1-score": 0.18794317030726473,
        "support": 4300.0
      },
      "FTP-Patator": {
        "precision": 0.8696596669080376,
        "recall": 1.0,
        "f1-score": 0.930286599535244,
        "support": 1201.0
      },
      "Heartbleed": {
        "precision": 0.03125,
        "recall": 0.75,
        "f1-score": 0.06,
        "support": 12.0
      },
      "Infiltration": {
        "precision": 0.0012731757778308267,
        "recall": 0.3902439024390244,
        "f1-score": 0.0025380710659898475,
        "support": 41.0
      },
      "PortScan": {
        "precision": 0.4709200448898427,
        "recall": 0.995981678117843,
        "f1-score": 0.6394807903109376,
        "support": 48030.0
      },
      "SSH-Patator": {
        "precision": 0.3982898289828983,
        "recall": 0.9866220735785953,
        "f1-score": 0.5674895799935877,
        "support": 897.0
      },
      "Web Attack - Brute Force": {
        "precision": 0.026001232285890328,
        "recall": 0.48842592592592593,
        "f1-score": 0.04937404937404937,
        "support": 432.0
      },
      "Web Attack - Sql Injection": {
        "precision": 0.0007267441860465116,
        "recall": 0.8,
        "f1-score": 0.0014521691777092032,
        "support": 5.0
      },
      "Web Attack - XSS": {
        "precision": 0.00939397410929087,
        "recall": 0.7735849056603774,
        "f1-score": 0.018562535370684776,
        "support": 212.0
      }
    },
    "confusion_matrix": [
      [
        510977,
        45544,
        5951,
        5583,
        819,
        26681,
        30382,
        179,
        279,
        12548,
        53508,
        1332,
        7191,
        5441,
        16379
      ],
      [
        23,
        636,
        0,
        0,
        0,
        0,
        0,
        0,
        0,
        0,
        0,
        0,
        0,
        1,
        0
      ],
      [
        0,
        0,
        31077,
        0,
        0,
        1504,
        7,
        0,
        0,
        0,
        0,
        0,
        0,
        0,
        0
      ],
      [
        4,
        0,
        21,
        2149,
        174,
        770,
        129,
        0,
        0,
        0,
        21,
        0,
        8,
        52,
        0
      ],
      [
        30,
        13,
        703,
        294,
        47220,
        649,
        3,
        0,
        0,
        0,
        207,
        0,
        0,
        1,
        7
      ],
      [
        4,
        4,
        404,
        158,
        0,
        2497,
        54,
        0,
        0,
        0,
        1,
        0,
        640,
        0,
        250
      ],
      [
        1,
        19,
        6,
        0,
        0,
        201,
        3618,
        0,
        0,
        2,
        0,
        0,
        0,
        0,
        453
      ],
      [
        0,
        0,
        0,
        0,
        0,
        0,
        0,
        1201,
        0,
        0,
        0,
        0,
        0,
        0,
        0
      ],
      [
        2,
        0,
        0,
        0,
        0,
        1,
        0,
        0,
        9,
        0,
        0,
        0,
        0,
        0,
        0
      ],
      [
        8,
        2,
        1,
        2,
        0,
        2,
        0,
        1,
        0,
        16,
        4,
        5,
        0,
        0,
        0
      ],
      [
        10,
        2,
        27,
        40,
        0,
        91,
        7,
        0,
        0,
        0,
        47837,
        0,
        16,
        0,
        0
      ],
      [
        0,
        5,
        0,
        0,
        0,
        0,
        1,
        0,
        0,
        1,
        4,
        885,
        1,
        0,
        0
      ],
      [
        10,
        0,
        0,
        0,
        0,
        1,
        0,
        0,
        0,
        0,
        0,
        0,
        211,
        5,
        205
      ],
      [
        0,
        0,
        0,
        0,
        0,
        0,
        0,
        0,
        0,
        0,
        0,
        0,
        1,
        4,
        0
      ],
      [
        1,
        0,
        0,
        0,
        0,
        0,
        0,
        0,
        0,
        0,
        0,
        0,
        47,
        0,
        164
      ]
    ],
    "class_order": [
      "BENIGN",
      "Bot",
      "DDoS",
      "DoS GoldenEye",
      "DoS Hulk",
      "DoS Slowhttptest",
      "DoS slowloris",
      "FTP-Patator",
      "Heartbleed",
      "Infiltration",
      "PortScan",
      "SSH-Patator",
      "Web Attack - Brute Force",
      "Web Attack - Sql Injection",
      "Web Attack - XSS"
    ]
  },
  "feature_importances": null,
  "wall_seconds": 45.6
}