{
  "config": {
    "tool": "joy",
    "regime": "native",
    "model": "logreg",
    "task": "multiclass",
    "split": "stratified",
    "seed": 2,
    "include_port": false,
    "dataset": "cicids2017",
    "n_features": 24,
    "subsample_benign": null,
    "max_train": 400000
  },
  "config_hash": "4093df608898e168",
  "git_commit": null,
  "n_train": 400000,
  "n_test": 867639,
  "n_test_unseen_class": 0,
  "features": [
    "tool_pr",
    "tool_sp",
    "tool_dp",
    "tool_bytes_out",
    "tool_num_pkts_out",
    "tool_byte_dist_mean",
    "tool_byte_dist_std",
    "tool_bytes_in",
    "tool_num_pkts_in",
    "tool_derived_fwd_pktsize_mean",
    "tool_derived_fwd_pktsize_std",
    "tool_derived_fwd_pktsize_min",
    "tool_derived_fwd_pktsize_max",
    "tool_derived_fwd_pktsize_n",
    "tool_derived_bwd_pktsize_mean",
    "tool_derived_bwd_pktsize_std",
    "tool_derived_bwd_pktsize_min",
    "tool_derived_bwd_pktsize_max",
    "tool_derived_bwd_pktsize_n",
    "tool_derived_iat_ms_mean",
    "tool_derived_iat_ms_std",
    "tool_derived_iat_ms_min",
    "tool_derived_iat_ms_max",
    "tool_derived_iat_ms_n"
  ],
  "metrics": {
    "macro_f1": 0.3592216329200555,
    "weighted_f1": 0.79488728004601,
    "balanced_accuracy": 0.7995344581804887,
    "per_class": {
      "BENIGN": {
        "precision": 0.9998967460551831,
        "recall": 0.6698907295854697,
        "f1-score": 0.8022836085389263,
        "support": 722794.0
      },
      "Bot": {
        "precision": 0.013277456530937079,
        "recall": 0.9984848484848485,
        "f1-score": 0.02620643031833456,
        "support": 660.0
      },
      "DDoS": {
        "precision": 0.7796725099201366,
        "recall": 0.9526512826807414,
        "f1-score": 0.8575256194238047,
        "support": 32588.0
      },
      "DoS GoldenEye": {
        "precision": 0.18939460120555604,
        "recall": 0.6514423076923077,
        "f1-score": 0.2934686971235195,
        "support": 3328.0
      },
      "DoS Hulk": {
        "precision": 0.9643250295592612,
        "recall": 0.9628920959960917,
        "f1-score": 0.9636080300669172,
        "support": 49127.0
      },
      "DoS Slowhttptest": {
        "precision": 0.07663640707118968,
        "recall": 0.5997008973080757,
        "f1-score": 0.1359053294546276,
        "support": 4012.0
      },
      "DoS slowloris": {
        "precision": 0.10011282643991304,
        "recall": 0.846046511627907,
        "f1-score": 0.17903983857870517,
        "support": 4300.0
      },
      "FTP-Patator": {
        "precision": 0.9138062547673532,
        "recall": 0.9975020815986678,
        "f1-score": 0.9538216560509554,
        "support": 1201.0
      },
      "Heartbleed": {
        "precision": 0.038834951456310676,
        "recall": 1.0,
        "f1-score": 0.07476635514018691,
        "support": 12.0
      },
      "Infiltration": {
        "precision": 0.0007399669191259685,
        "recall": 0.4146341463414634,
        "f1-score": 0.0014772974147295242,
        "support": 41.0
      },
      "PortScan": {
        "precision": 0.4704855288338233,
        "recall": 0.9930251925879658,
        "f1-score": 0.6384701882145056,
        "support": 48030.0
      },
      "SSH-Patator": {
        "precision": 0.2550991094513071,
        "recall": 0.9899665551839465,
        "f1-score": 0.40566468707172226,
        "support": 897.0
      },
      "Web Attack - Brute Force": {
        "precision": 0.01965964721423576,
        "recall": 0.5856481481481481,
        "f1-score": 0.038042252462220885,
        "support": 432.0
      },
      "Web Attack - Sql Injection": {
        "precision": 0.0005694760820045558,
        "recall": 0.6,
        "f1-score": 0.0011378721790252229,
        "support": 5.0
      },
      "Web Attack - XSS": {
        "precision": 0.00855219598322666,
        "recall": 0.7311320754716981,
        "f1-score": 0.016906631762652707,
        "support": 212.0
      }
    },
    "confusion_matrix": [
      [
        484193,
        48929,
        7559,
        8797,
        1557,
        25796,
        32458,
        113,
        297,
        22930,
        53522,
        2592,
        11870,
        5237,
        16944
      ],
      [
        1,
        659,
        0,
        0,
        0,
        0,
        0,
        0,
        0,
        0,
        0,
        0,
        0,
        0,
        0
      ],
      [
        0,
        0,
        31045,
        0,
        0,
        1535,
        8,
        0,
        0,
        0,
        0,
        0,
        0,
        0,
        0
      ],
      [
        3,
        0,
        23,
        2168,
        193,
        752,
        136,
        0,
        0,
        0,
        21,
        0,
        9,
        23,
        0
      ],
      [
        25,
        10,
        678,
        308,
        47304,
        604,
        4,
        0,
        0,
        0,
        124,
        0,
        4,
        0,
        66
      ],
      [
        6,
        1,
        483,
        167,
        0,
        2406,
        59,
        0,
        0,
        0,
        0,
        0,
        637,
        0,
        253
      ],
      [
        1,
        0,
        9,
        1,
        0,
        171,
        3638,
        0,
        0,
        14,
        2,
        0,
        1,
        0,
        463
      ],
      [
        3,
        0,
        0,
        0,
        0,
        0,
        0,
        1198,
        0,
        0,
        0,
        0,
        0,
        0,
        0
      ],
      [
        0,
        0,
        0,
        0,
        0,
        0,
        0,
        0,
        12,
        0,
        0,
        0,
        0,
        0,
        0
      ],
      [
        5,
        3,
        0,
        5,
        0,
        1,
        1,
        0,
        0,
        17,
        7,
        1,
        1,
        0,
        0
      ],
      [
        0,
        31,
        21,
        0,
        0,
        128,
        33,
        0,
        0,
        9,
        47695,
        0,
        39,
        0,
        74
      ],
      [
        0,
        0,
        0,
        0,
        0,
        0,
        2,
        0,
        0,
        4,
        3,
        888,
        0,
        0,
        0
      ],
      [
        3,
        0,
        0,
        0,
        0,
        2,
        0,
        0,
        0,
        0,
        0,
        0,
        253,
        5,
        169
      ],
      [
        2,
        0,
        0,
        0,
        0,
        0,
        0,
        0,
        0,
        0,
        0,
        0,
        0,
        3,
        0
      ],
      [
        1,
        0,
        0,
        1,
        0,
        0,
        0,
        0,
        0,
        0,
        0,
        0,
        55,
        0,
        155
      ]
    ],
    "class_order": [
      "BENIGN",
      "Bot",
      "DDoS",
      "DoS GoldenEye",
      "DoS Hulk",
      "DoS Slowhttptest",
      "DoS slowloris",
      "FTP-Patator",
      "Heartbleed",
      "Infiltration",
      "PortScan",
      "SSH-Patator",
      "Web Attack - Brute Force",
      "Web Attack - Sql Injection",
      "Web Attack - XSS"
    ]
  },
  "feature_importances": null,
  "wall_seconds": 46.3
}