{
  "config": {
    "tool": "joy",
    "regime": "common",
    "model": "logreg",
    "task": "binary",
    "split": "temporal",
    "seed": 3,
    "include_port": false,
    "dataset": "cicids2017",
    "n_features": 9,
    "subsample_benign": null,
    "max_train": 400000
  },
  "config_hash": "349fc2b46f0f7ffd",
  "git_commit": null,
  "n_train": 400000,
  "n_test": 1197023,
  "n_test_unseen_class": 0,
  "features": [
    "duration",
    "pkts_fwd",
    "pkts_bwd",
    "bytes_fwd",
    "bytes_bwd",
    "tot_pkts",
    "tot_bytes",
    "is_tcp",
    "is_udp"
  ],
  "metrics": {
    "macro_f1": 0.6814072945147326,
    "weighted_f1": 0.7892362300270215,
    "balanced_accuracy": 0.6620690480831969,
    "per_class": {
      "0": {
        "precision": 0.8388413809893576,
        "recall": 0.9249813541286668,
        "f1-score": 0.8798079546636273,
        "support": 923797.0
      },
      "1": {
        "precision": 0.6114531122099999,
        "recall": 0.399156742037727,
        "f1-score": 0.4830066343658379,
        "support": 273226.0
      }
    },
    "fpr": 0.07501864587133321,
    "attack_recall": 0.399156742037727,
    "attack_precision": 0.6114531122099999,
    "auc_pr": 0.7144099193547772,
    "confusion_matrix": [
      [
        854495,
        69302
      ],
      [
        164166,
        109060
      ]
    ],
    "class_order": [
      "0",
      "1"
    ]
  },
  "feature_importances": null,
  "wall_seconds": 4.1
}