{
  "config": {
    "tool": "joy",
    "regime": "common",
    "model": "rf",
    "task": "multiclass",
    "split": "stratified",
    "seed": 1,
    "include_port": false,
    "dataset": "cicids2017",
    "n_features": 9,
    "subsample_benign": null,
    "max_train": 400000
  },
  "config_hash": "e62c0e0f6d528072",
  "git_commit": null,
  "n_train": 400000,
  "n_test": 867639,
  "n_test_unseen_class": 0,
  "features": [
    "duration",
    "pkts_fwd",
    "pkts_bwd",
    "bytes_fwd",
    "bytes_bwd",
    "tot_pkts",
    "tot_bytes",
    "is_tcp",
    "is_udp"
  ],
  "metrics": {
    "macro_f1": 0.6843594777407164,
    "weighted_f1": 0.9869217107323133,
    "balanced_accuracy": 0.6908867858243448,
    "per_class": {
      "BENIGN": {
        "precision": 0.9988220582160043,
        "recall": 0.9901299678746641,
        "f1-score": 0.9944570200194818,
        "support": 722794.0
      },
      "Bot": {
        "precision": 0.9388379204892966,
        "recall": 0.9303030303030303,
        "f1-score": 0.9345509893455098,
        "support": 660.0
      },
      "DDoS": {
        "precision": 1.0,
        "recall": 0.8577083589051184,
        "f1-score": 0.9234047473529461,
        "support": 32588.0
      },
      "DoS GoldenEye": {
        "precision": 0.9828047382499044,
        "recall": 0.7728365384615384,
        "f1-score": 0.8652649285113541,
        "support": 3328.0
      },
      "DoS Hulk": {
        "precision": 0.9989098303947672,
        "recall": 0.9698740000407108,
        "f1-score": 0.9841778034825357,
        "support": 49127.0
      },
      "DoS Slowhttptest": {
        "precision": 0.23285505836575876,
        "recall": 0.9546360917248256,
        "f1-score": 0.37438905180840665,
        "support": 4012.0
      },
      "DoS slowloris": {
        "precision": 0.9904982618771726,
        "recall": 0.9939534883720931,
        "f1-score": 0.9922228670922809,
        "support": 4300.0
      },
      "FTP-Patator": {
        "precision": 0.9991652754590985,
        "recall": 0.9966694421315571,
        "f1-score": 0.9979157982492706,
        "support": 1201.0
      },
      "Heartbleed": {
        "precision": 1.0,
        "recall": 0.4166666666666667,
        "f1-score": 0.5882352941176471,
        "support": 12.0
      },
      "Infiltration": {
        "precision": 0.7692307692307693,
        "recall": 0.24390243902439024,
        "f1-score": 0.37037037037037035,
        "support": 41.0
      },
      "PortScan": {
        "precision": 0.9839894905373784,
        "recall": 0.9980845305017697,
        "f1-score": 0.9909868937859181,
        "support": 48030.0
      },
      "SSH-Patator": {
        "precision": 0.9988636363636364,
        "recall": 0.979933110367893,
        "f1-score": 0.9893078221722004,
        "support": 897.0
      },
      "Web Attack - Brute Force": {
        "precision": 0.16898148148148148,
        "recall": 0.16898148148148148,
        "f1-score": 0.16898148148148148,
        "support": 432.0
      },
      "Web Attack - Sql Injection": {
        "precision": 0.0,
        "recall": 0.0,
        "f1-score": 0.0,
        "support": 5.0
      },
      "Web Attack - XSS": {
        "precision": 0.09268292682926829,
        "recall": 0.08962264150943396,
        "f1-score": 0.09112709832134293,
        "support": 212.0
      }
    },
    "confusion_matrix": [
      [
        715660,
        40,
        0,
        15,
        7,
        5854,
        6,
        0,
        0,
        3,
        679,
        1,
        351,
        0,
        178
      ],
      [
        46,
        614,
        0,
        0,
        0,
        0,
        0,
        0,
        0,
        0,
        0,
        0,
        0,
        0,
        0
      ],
      [
        1,
        0,
        27951,
        0,
        0,
        4636,
        0,
        0,
        0,
        0,
        0,
        0,
        0,
        0,
        0
      ],
      [
        25,
        0,
        0,
        2572,
        19,
        709,
        3,
        0,
        0,
        0,
        0,
        0,
        0,
        0,
        0
      ],
      [
        11,
        0,
        0,
        13,
        47647,
        1357,
        2,
        0,
        0,
        0,
        95,
        0,
        2,
        0,
        0
      ],
      [
        135,
        0,
        0,
        16,
        0,
        3830,
        30,
        0,
        0,
        0,
        1,
        0,
        0,
        0,
        0
      ],
      [
        13,
        0,
        0,
        1,
        0,
        12,
        4274,
        0,
        0,
        0,
        0,
        0,
        0,
        0,
        0
      ],
      [
        4,
        0,
        0,
        0,
        0,
        0,
        0,
        1197,
        0,
        0,
        0,
        0,
        0,
        0,
        0
      ],
      [
        7,
        0,
        0,
        0,
        0,
        0,
        0,
        0,
        5,
        0,
        0,
        0,
        0,
        0,
        0
      ],
      [
        24,
        0,
        0,
        0,
        0,
        1,
        0,
        1,
        0,
        10,
        5,
        0,
        0,
        0,
        0
      ],
      [
        17,
        0,
        0,
        0,
        26,
        49,
        0,
        0,
        0,
        0,
        47938,
        0,
        0,
        0,
        0
      ],
      [
        18,
        0,
        0,
        0,
        0,
        0,
        0,
        0,
        0,
        0,
        0,
        879,
        0,
        0,
        0
      ],
      [
        351,
        0,
        0,
        0,
        0,
        0,
        0,
        0,
        0,
        0,
        0,
        0,
        73,
        0,
        8
      ],
      [
        5,
        0,
        0,
        0,
        0,
        0,
        0,
        0,
        0,
        0,
        0,
        0,
        0,
        0,
        0
      ],
      [
        187,
        0,
        0,
        0,
        0,
        0,
        0,
        0,
        0,
        0,
        0,
        0,
        6,
        0,
        19
      ]
    ],
    "class_order": [
      "BENIGN",
      "Bot",
      "DDoS",
      "DoS GoldenEye",
      "DoS Hulk",
      "DoS Slowhttptest",
      "DoS slowloris",
      "FTP-Patator",
      "Heartbleed",
      "Infiltration",
      "PortScan",
      "SSH-Patator",
      "Web Attack - Brute Force",
      "Web Attack - Sql Injection",
      "Web Attack - XSS"
    ]
  },
  "feature_importances": {
    "duration": 0.21764956531949156,
    "tot_bytes": 0.16173362512960235,
    "pkts_bwd": 0.1365439681808962,
    "bytes_fwd": 0.13312835251907712,
    "bytes_bwd": 0.13263495117995838,
    "tot_pkts": 0.1243369426434482,
    "pkts_fwd": 0.06596713480097678,
    "is_tcp": 0.016323753600031136,
    "is_udp": 0.011681706626518205
  },
  "wall_seconds": 16.5
}