{
  "config": {
    "tool": "joy",
    "regime": "common",
    "model": "logreg",
    "task": "binary",
    "split": "temporal",
    "seed": 0,
    "include_port": false,
    "dataset": "cicids2017",
    "n_features": 9,
    "subsample_benign": null,
    "max_train": 400000
  },
  "config_hash": "13898b532d9ff98e",
  "git_commit": null,
  "n_train": 400000,
  "n_test": 1197023,
  "n_test_unseen_class": 0,
  "features": [
    "duration",
    "pkts_fwd",
    "pkts_bwd",
    "bytes_fwd",
    "bytes_bwd",
    "tot_pkts",
    "tot_bytes",
    "is_tcp",
    "is_udp"
  ],
  "metrics": {
    "macro_f1": 0.6802932889397069,
    "weighted_f1": 0.7883019940118,
    "balanced_accuracy": 0.6613358681057839,
    "per_class": {
      "0": {
        "precision": 0.8386270743594331,
        "recall": 0.9235113342000462,
        "f1-score": 0.8790247174409961,
        "support": 923797.0
      },
      "1": {
        "precision": 0.606835038754514,
        "recall": 0.3991604020115216,
        "f1-score": 0.48156186043841775,
        "support": 273226.0
      }
    },
    "fpr": 0.07648866579995389,
    "attack_recall": 0.3991604020115216,
    "attack_precision": 0.606835038754514,
    "auc_pr": 0.6962048435932171,
    "confusion_matrix": [
      [
        853137,
        70660
      ],
      [
        164165,
        109061
      ]
    ],
    "class_order": [
      "0",
      "1"
    ]
  },
  "feature_importances": null,
  "wall_seconds": 4.2
}