{
  "config": {
    "tool": "joy",
    "regime": "native",
    "model": "xgb",
    "task": "binary",
    "split": "temporal",
    "seed": 2,
    "include_port": false,
    "dataset": "cicids2017",
    "n_features": 24,
    "subsample_benign": null,
    "max_train": 400000
  },
  "config_hash": "cc8779b61873224d",
  "git_commit": null,
  "n_train": 400000,
  "n_test": 1197023,
  "n_test_unseen_class": 0,
  "features": [
    "tool_pr",
    "tool_sp",
    "tool_dp",
    "tool_bytes_out",
    "tool_num_pkts_out",
    "tool_byte_dist_mean",
    "tool_byte_dist_std",
    "tool_bytes_in",
    "tool_num_pkts_in",
    "tool_derived_fwd_pktsize_mean",
    "tool_derived_fwd_pktsize_std",
    "tool_derived_fwd_pktsize_min",
    "tool_derived_fwd_pktsize_max",
    "tool_derived_fwd_pktsize_n",
    "tool_derived_bwd_pktsize_mean",
    "tool_derived_bwd_pktsize_std",
    "tool_derived_bwd_pktsize_min",
    "tool_derived_bwd_pktsize_max",
    "tool_derived_bwd_pktsize_n",
    "tool_derived_iat_ms_mean",
    "tool_derived_iat_ms_std",
    "tool_derived_iat_ms_min",
    "tool_derived_iat_ms_max",
    "tool_derived_iat_ms_n"
  ],
  "metrics": {
    "macro_f1": 0.7280933661303713,
    "weighted_f1": 0.8294754230422633,
    "balanced_accuracy": 0.6857762649795217,
    "per_class": {
      "0": {
        "precision": 0.8433313749336413,
        "recall": 0.9991026167004223,
        "f1-score": 0.9146320435550394,
        "support": 923797.0
      },
      "1": {
        "precision": 0.9919194479101684,
        "recall": 0.3724499132586211,
        "f1-score": 0.5415546887057033,
        "support": 273226.0
      }
    },
    "fpr": 0.0008973832995777211,
    "attack_recall": 0.3724499132586211,
    "attack_precision": 0.9919194479101684,
    "auc_pr": 0.6998179219451839,
    "confusion_matrix": [
      [
        922968,
        829
      ],
      [
        171463,
        101763
      ]
    ],
    "class_order": [
      "0",
      "1"
    ]
  },
  "feature_importances": {
    "tool_derived_bwd_pktsize_mean": 0.7448304891586304,
    "tool_derived_bwd_pktsize_max": 0.051728732883930206,
    "tool_derived_fwd_pktsize_mean": 0.034803032875061035,
    "tool_dp": 0.024572694674134254,
    "tool_bytes_out": 0.024329164996743202,
    "tool_bytes_in": 0.01590113528072834,
    "tool_derived_fwd_pktsize_min": 0.015104224905371666,
    "tool_derived_fwd_pktsize_std": 0.014713665470480919,
    "tool_derived_iat_ms_std": 0.013851452618837357,
    "tool_derived_iat_ms_min": 0.010791229084134102,
    "tool_byte_dist_std": 0.010026603937149048,
    "tool_derived_bwd_pktsize_min": 0.00825449451804161,
    "tool_derived_iat_ms_mean": 0.007717221509665251,
    "tool_num_pkts_in": 0.004216260742396116,
    "tool_byte_dist_mean": 0.004123365972191095,
    "tool_derived_iat_ms_n": 0.0038066620472818613,
    "tool_derived_iat_ms_max": 0.0027863183058798313,
    "tool_derived_bwd_pktsize_std": 0.002779640955850482,
    "tool_derived_fwd_pktsize_n": 0.0019447753438726068,
    "tool_pr": 0.0016111582517623901
  },
  "wall_seconds": 13.6
}