{
  "config": {
    "tool": "joy",
    "regime": "native",
    "model": "mlp",
    "task": "multiclass",
    "split": "stratified",
    "seed": 3,
    "include_port": false,
    "dataset": "cicids2017",
    "n_features": 24,
    "subsample_benign": null,
    "max_train": 400000
  },
  "config_hash": "eac9f0fcaa039bb7",
  "git_commit": null,
  "n_train": 400000,
  "n_test": 867639,
  "n_test_unseen_class": 0,
  "features": [
    "tool_pr",
    "tool_sp",
    "tool_dp",
    "tool_bytes_out",
    "tool_num_pkts_out",
    "tool_byte_dist_mean",
    "tool_byte_dist_std",
    "tool_bytes_in",
    "tool_num_pkts_in",
    "tool_derived_fwd_pktsize_mean",
    "tool_derived_fwd_pktsize_std",
    "tool_derived_fwd_pktsize_min",
    "tool_derived_fwd_pktsize_max",
    "tool_derived_fwd_pktsize_n",
    "tool_derived_bwd_pktsize_mean",
    "tool_derived_bwd_pktsize_std",
    "tool_derived_bwd_pktsize_min",
    "tool_derived_bwd_pktsize_max",
    "tool_derived_bwd_pktsize_n",
    "tool_derived_iat_ms_mean",
    "tool_derived_iat_ms_std",
    "tool_derived_iat_ms_min",
    "tool_derived_iat_ms_max",
    "tool_derived_iat_ms_n"
  ],
  "metrics": {
    "macro_f1": 0.6928699874871517,
    "weighted_f1": 0.9881795311936887,
    "balanced_accuracy": 0.6765612237005525,
    "per_class": {
      "BENIGN": {
        "precision": 0.9922962233476286,
        "recall": 0.9981336314357895,
        "f1-score": 0.9952063675991834,
        "support": 722794.0
      },
      "Bot": {
        "precision": 0.9848024316109423,
        "recall": 0.9818181818181818,
        "f1-score": 0.9833080424886191,
        "support": 660.0
      },
      "DDoS": {
        "precision": 0.9651367781155015,
        "recall": 0.9743770713145943,
        "f1-score": 0.9697349132665527,
        "support": 32588.0
      },
      "DoS GoldenEye": {
        "precision": 0.9755288262131896,
        "recall": 0.7067307692307693,
        "f1-score": 0.8196549921589127,
        "support": 3328.0
      },
      "DoS Hulk": {
        "precision": 0.9967534507676518,
        "recall": 0.9686730311234149,
        "f1-score": 0.9825126458139775,
        "support": 49127.0
      },
      "DoS Slowhttptest": {
        "precision": 0.5889679715302492,
        "recall": 0.9900299102691924,
        "f1-score": 0.7385645221271848,
        "support": 4012.0
      },
      "DoS slowloris": {
        "precision": 0.9954965631666272,
        "recall": 0.9767441860465116,
        "f1-score": 0.9860312243221035,
        "support": 4300.0
      },
      "FTP-Patator": {
        "precision": 0.9983319432860718,
        "recall": 0.9966694421315571,
        "f1-score": 0.9975,
        "support": 1201.0
      },
      "Heartbleed": {
        "precision": 1.0,
        "recall": 0.08333333333333333,
        "f1-score": 0.15384615384615385,
        "support": 12.0
      },
      "Infiltration": {
        "precision": 1.0,
        "recall": 0.4878048780487805,
        "f1-score": 0.6557377049180327,
        "support": 41.0
      },
      "PortScan": {
        "precision": 0.9915920307073661,
        "recall": 0.9036019154694982,
        "f1-score": 0.9455543693762392,
        "support": 48030.0
      },
      "SSH-Patator": {
        "precision": 0.9988700564971752,
        "recall": 0.9855072463768116,
        "f1-score": 0.9921436588103255,
        "support": 897.0
      },
      "Web Attack - Brute Force": {
        "precision": 0.8863636363636364,
        "recall": 0.09027777777777778,
        "f1-score": 0.1638655462184874,
        "support": 432.0
      },
      "Web Attack - Sql Injection": {
        "precision": 0.0,
        "recall": 0.0,
        "f1-score": 0.0,
        "support": 5.0
      },
      "Web Attack - XSS": {
        "precision": 1.0,
        "recall": 0.0047169811320754715,
        "f1-score": 0.009389671361502348,
        "support": 212.0
      }
    },
    "confusion_matrix": [
      [
        721445,
        10,
        467,
        24,
        6,
        463,
        15,
        2,
        0,
        0,
        356,
        1,
        5,
        0,
        0
      ],
      [
        12,
        648,
        0,
        0,
        0,
        0,
        0,
        0,
        0,
        0,
        0,
        0,
        0,
        0,
        0
      ],
      [
        0,
        0,
        31753,
        0,
        0,
        835,
        0,
        0,
        0,
        0,
        0,
        0,
        0,
        0,
        0
      ],
      [
        49,
        0,
        5,
        2352,
        147,
        774,
        1,
        0,
        0,
        0,
        0,
        0,
        0,
        0,
        0
      ],
      [
        175,
        0,
        640,
        15,
        47588,
        697,
        0,
        0,
        0,
        0,
        12,
        0,
        0,
        0,
        0
      ],
      [
        17,
        0,
        0,
        18,
        2,
        3972,
        3,
        0,
        0,
        0,
        0,
        0,
        0,
        0,
        0
      ],
      [
        90,
        0,
        7,
        0,
        0,
        3,
        4200,
        0,
        0,
        0,
        0,
        0,
        0,
        0,
        0
      ],
      [
        4,
        0,
        0,
        0,
        0,
        0,
        0,
        1197,
        0,
        0,
        0,
        0,
        0,
        0,
        0
      ],
      [
        11,
        0,
        0,
        0,
        0,
        0,
        0,
        0,
        1,
        0,
        0,
        0,
        0,
        0,
        0
      ],
      [
        21,
        0,
        0,
        0,
        0,
        0,
        0,
        0,
        0,
        20,
        0,
        0,
        0,
        0,
        0
      ],
      [
        4603,
        0,
        27,
        0,
        0,
        0,
        0,
        0,
        0,
        0,
        43400,
        0,
        0,
        0,
        0
      ],
      [
        12,
        0,
        1,
        0,
        0,
        0,
        0,
        0,
        0,
        0,
        0,
        884,
        0,
        0,
        0
      ],
      [
        393,
        0,
        0,
        0,
        0,
        0,
        0,
        0,
        0,
        0,
        0,
        0,
        39,
        0,
        0
      ],
      [
        3,
        0,
        0,
        2,
        0,
        0,
        0,
        0,
        0,
        0,
        0,
        0,
        0,
        0,
        0
      ],
      [
        211,
        0,
        0,
        0,
        0,
        0,
        0,
        0,
        0,
        0,
        0,
        0,
        0,
        0,
        1
      ]
    ],
    "class_order": [
      "BENIGN",
      "Bot",
      "DDoS",
      "DoS GoldenEye",
      "DoS Hulk",
      "DoS Slowhttptest",
      "DoS slowloris",
      "FTP-Patator",
      "Heartbleed",
      "Infiltration",
      "PortScan",
      "SSH-Patator",
      "Web Attack - Brute Force",
      "Web Attack - Sql Injection",
      "Web Attack - XSS"
    ]
  },
  "feature_importances": null,
  "wall_seconds": 55.7
}