{
  "config": {
    "tool": "joy",
    "regime": "common",
    "model": "xgb",
    "task": "binary",
    "split": "temporal",
    "seed": 1,
    "include_port": false,
    "dataset": "cicids2017",
    "n_features": 9,
    "subsample_benign": null,
    "max_train": 400000
  },
  "config_hash": "b42f8a643346ad4a",
  "git_commit": null,
  "n_train": 400000,
  "n_test": 1197023,
  "n_test_unseen_class": 0,
  "features": [
    "duration",
    "pkts_fwd",
    "pkts_bwd",
    "bytes_fwd",
    "bytes_bwd",
    "tot_pkts",
    "tot_bytes",
    "is_tcp",
    "is_udp"
  ],
  "metrics": {
    "macro_f1": 0.7052447192095315,
    "weighted_f1": 0.816618290791444,
    "balanced_accuracy": 0.6668325660278331,
    "per_class": {
      "0": {
        "precision": 0.8353919553622475,
        "recall": 0.9996449436402153,
        "f1-score": 0.9101673591299947,
        "support": 923797.0
      },
      "1": {
        "precision": 0.9964188621152733,
        "recall": 0.33402018841545095,
        "f1-score": 0.5003220792890682,
        "support": 273226.0
      }
    },
    "fpr": 0.0003550563597846713,
    "attack_recall": 0.33402018841545095,
    "attack_precision": 0.9964188621152733,
    "auc_pr": 0.9703199624857902,
    "confusion_matrix": [
      [
        923469,
        328
      ],
      [
        181963,
        91263
      ]
    ],
    "class_order": [
      "0",
      "1"
    ]
  },
  "feature_importances": {
    "bytes_bwd": 0.35345736145973206,
    "is_tcp": 0.16994886100292206,
    "tot_bytes": 0.1627470701932907,
    "tot_pkts": 0.13048149645328522,
    "pkts_bwd": 0.0952199175953865,
    "is_udp": 0.034234821796417236,
    "duration": 0.025609465315937996,
    "bytes_fwd": 0.01691538654267788,
    "pkts_fwd": 0.011385684832930565
  },
  "wall_seconds": 5.5
}