{
  "config": {
    "tool": "joy",
    "regime": "common",
    "model": "rf",
    "task": "multiclass",
    "split": "stratified",
    "seed": 3,
    "include_port": false,
    "dataset": "cicids2017",
    "n_features": 9,
    "subsample_benign": null,
    "max_train": 400000
  },
  "config_hash": "39d9a06fa3eb0e20",
  "git_commit": null,
  "n_train": 400000,
  "n_test": 867639,
  "n_test_unseen_class": 0,
  "features": [
    "duration",
    "pkts_fwd",
    "pkts_bwd",
    "bytes_fwd",
    "bytes_bwd",
    "tot_pkts",
    "tot_bytes",
    "is_tcp",
    "is_udp"
  ],
  "metrics": {
    "macro_f1": 0.6686010153001306,
    "weighted_f1": 0.9871661567814767,
    "balanced_accuracy": 0.6758069262714674,
    "per_class": {
      "BENIGN": {
        "precision": 0.9989211595092881,
        "recall": 0.9902364989194709,
        "f1-score": 0.9945598706041253,
        "support": 722794.0
      },
      "Bot": {
        "precision": 0.9295558958652373,
        "recall": 0.9196969696969697,
        "f1-score": 0.9246001523229246,
        "support": 660.0
      },
      "DDoS": {
        "precision": 0.9998930900538113,
        "recall": 0.860991776113907,
        "f1-score": 0.9252584543850682,
        "support": 32588.0
      },
      "DoS GoldenEye": {
        "precision": 0.9835375191424196,
        "recall": 0.7719350961538461,
        "f1-score": 0.864983164983165,
        "support": 3328.0
      },
      "DoS Hulk": {
        "precision": 0.9989735640370355,
        "recall": 0.9707289270665825,
        "f1-score": 0.9846487379342383,
        "support": 49127.0
      },
      "DoS Slowhttptest": {
        "precision": 0.23653023824068417,
        "recall": 0.9651046859421735,
        "f1-score": 0.3799430870375822,
        "support": 4012.0
      },
      "DoS slowloris": {
        "precision": 0.9895881536325775,
        "recall": 0.9946511627906977,
        "f1-score": 0.9921131987937833,
        "support": 4300.0
      },
      "FTP-Patator": {
        "precision": 1.0,
        "recall": 0.9958368026644463,
        "f1-score": 0.9979140592407175,
        "support": 1201.0
      },
      "Heartbleed": {
        "precision": 1.0,
        "recall": 0.16666666666666666,
        "f1-score": 0.2857142857142857,
        "support": 12.0
      },
      "Infiltration": {
        "precision": 1.0,
        "recall": 0.2926829268292683,
        "f1-score": 0.4528301886792453,
        "support": 41.0
      },
      "PortScan": {
        "precision": 0.9847679264262107,
        "recall": 0.9987716010826567,
        "f1-score": 0.9917203311867525,
        "support": 48030.0
      },
      "SSH-Patator": {
        "precision": 1.0,
        "recall": 0.9821627647714605,
        "f1-score": 0.9910011248593926,
        "support": 897.0
      },
      "Web Attack - Brute Force": {
        "precision": 0.21798365122615804,
        "recall": 0.18518518518518517,
        "f1-score": 0.2002503128911139,
        "support": 432.0
      },
      "Web Attack - Sql Injection": {
        "precision": 0.0,
        "recall": 0.0,
        "f1-score": 0.0,
        "support": 5.0
      },
      "Web Attack - XSS": {
        "precision": 0.04455445544554455,
        "recall": 0.04245283018867924,
        "f1-score": 0.043478260869565216,
        "support": 212.0
      }
    },
    "confusion_matrix": [
      [
        715737,
        46,
        3,
        19,
        16,
        5870,
        5,
        0,
        0,
        0,
        647,
        0,
        277,
        0,
        174
      ],
      [
        53,
        607,
        0,
        0,
        0,
        0,
        0,
        0,
        0,
        0,
        0,
        0,
        0,
        0,
        0
      ],
      [
        0,
        0,
        28058,
        0,
        0,
        4530,
        0,
        0,
        0,
        0,
        0,
        0,
        0,
        0,
        0
      ],
      [
        21,
        0,
        0,
        2569,
        18,
        717,
        3,
        0,
        0,
        0,
        0,
        0,
        0,
        0,
        0
      ],
      [
        9,
        0,
        0,
        13,
        47689,
        1329,
        0,
        0,
        0,
        0,
        86,
        0,
        1,
        0,
        0
      ],
      [
        89,
        0,
        0,
        11,
        1,
        3872,
        37,
        0,
        0,
        0,
        1,
        0,
        0,
        0,
        1
      ],
      [
        14,
        0,
        0,
        0,
        0,
        9,
        4277,
        0,
        0,
        0,
        0,
        0,
        0,
        0,
        0
      ],
      [
        5,
        0,
        0,
        0,
        0,
        0,
        0,
        1196,
        0,
        0,
        0,
        0,
        0,
        0,
        0
      ],
      [
        10,
        0,
        0,
        0,
        0,
        0,
        0,
        0,
        2,
        0,
        0,
        0,
        0,
        0,
        0
      ],
      [
        21,
        0,
        0,
        0,
        0,
        0,
        0,
        0,
        0,
        12,
        8,
        0,
        0,
        0,
        0
      ],
      [
        1,
        0,
        0,
        0,
        14,
        43,
        0,
        0,
        0,
        0,
        47971,
        0,
        1,
        0,
        0
      ],
      [
        16,
        0,
        0,
        0,
        0,
        0,
        0,
        0,
        0,
        0,
        0,
        881,
        0,
        0,
        0
      ],
      [
        334,
        0,
        0,
        0,
        0,
        0,
        0,
        0,
        0,
        0,
        0,
        0,
        80,
        0,
        18
      ],
      [
        5,
        0,
        0,
        0,
        0,
        0,
        0,
        0,
        0,
        0,
        0,
        0,
        0,
        0,
        0
      ],
      [
        195,
        0,
        0,
        0,
        0,
        0,
        0,
        0,
        0,
        0,
        0,
        0,
        8,
        0,
        9
      ]
    ],
    "class_order": [
      "BENIGN",
      "Bot",
      "DDoS",
      "DoS GoldenEye",
      "DoS Hulk",
      "DoS Slowhttptest",
      "DoS slowloris",
      "FTP-Patator",
      "Heartbleed",
      "Infiltration",
      "PortScan",
      "SSH-Patator",
      "Web Attack - Brute Force",
      "Web Attack - Sql Injection",
      "Web Attack - XSS"
    ]
  },
  "feature_importances": {
    "duration": 0.20782306179379434,
    "tot_bytes": 0.16145982108975013,
    "tot_pkts": 0.14033719763801383,
    "bytes_fwd": 0.13878116894961706,
    "bytes_bwd": 0.13114572161228175,
    "pkts_bwd": 0.12711866192352597,
    "pkts_fwd": 0.06563160523252429,
    "is_tcp": 0.015104601036916396,
    "is_udp": 0.012598160723576278
  },
  "wall_seconds": 16.6
}