{
  "config": {
    "tool": "joy",
    "regime": "common",
    "model": "logreg",
    "task": "binary",
    "split": "stratified",
    "seed": 3,
    "include_port": false,
    "dataset": "cicids2017",
    "n_features": 9,
    "subsample_benign": null,
    "max_train": 400000
  },
  "config_hash": "529a1dd9bfa41f28",
  "git_commit": null,
  "n_train": 400000,
  "n_test": 867639,
  "n_test_unseen_class": 0,
  "features": [
    "duration",
    "pkts_fwd",
    "pkts_bwd",
    "bytes_fwd",
    "bytes_bwd",
    "tot_pkts",
    "tot_bytes",
    "is_tcp",
    "is_udp"
  ],
  "metrics": {
    "macro_f1": 0.7709240643011444,
    "weighted_f1": 0.8491922061063362,
    "balanced_accuracy": 0.8799816640642384,
    "per_class": {
      "0": {
        "precision": 0.9885146131416559,
        "recall": 0.8067374659999945,
        "f1-score": 0.8884231728517514,
        "support": 722794.0
      },
      "1": {
        "precision": 0.4970856029867619,
        "recall": 0.9532258621284821,
        "f1-score": 0.6534249557505372,
        "support": 144845.0
      }
    },
    "fpr": 0.19326253400000554,
    "attack_recall": 0.9532258621284821,
    "attack_precision": 0.4970856029867619,
    "auc_pr": 0.8283516436316228,
    "confusion_matrix": [
      [
        583105,
        139689
      ],
      [
        6775,
        138070
      ]
    ],
    "class_order": [
      "0",
      "1"
    ]
  },
  "feature_importances": null,
  "wall_seconds": 4.5
}