{
  "config": {
    "tool": "joy",
    "regime": "common",
    "model": "rf",
    "task": "binary",
    "split": "temporal",
    "seed": 1,
    "include_port": false,
    "dataset": "cicids2017",
    "n_features": 9,
    "subsample_benign": null,
    "max_train": 400000
  },
  "config_hash": "727f875d5fb7d065",
  "git_commit": null,
  "n_train": 400000,
  "n_test": 1197023,
  "n_test_unseen_class": 0,
  "features": [
    "duration",
    "pkts_fwd",
    "pkts_bwd",
    "bytes_fwd",
    "bytes_bwd",
    "tot_pkts",
    "tot_bytes",
    "is_tcp",
    "is_udp"
  ],
  "metrics": {
    "macro_f1": 0.9774801826554811,
    "weighted_f1": 0.9841551532245095,
    "balanced_accuracy": 0.9760951451249353,
    "per_class": {
      "0": {
        "precision": 0.9885589083935173,
        "recall": 0.9909677126035266,
        "f1-score": 0.9897618449113305,
        "support": 923797.0
      },
      "1": {
        "precision": 0.9692074914660024,
        "recall": 0.961222577646344,
        "f1-score": 0.9651985203996317,
        "support": 273226.0
      }
    },
    "fpr": 0.009032287396473467,
    "attack_recall": 0.961222577646344,
    "attack_precision": 0.9692074914660024,
    "auc_pr": 0.9203516416300841,
    "confusion_matrix": [
      [
        915453,
        8344
      ],
      [
        10595,
        262631
      ]
    ],
    "class_order": [
      "0",
      "1"
    ]
  },
  "feature_importances": {
    "bytes_bwd": 0.30125146211287207,
    "tot_bytes": 0.21874073723583415,
    "tot_pkts": 0.13323279596739934,
    "bytes_fwd": 0.08608285534888388,
    "pkts_bwd": 0.08071402734537907,
    "pkts_fwd": 0.06878317721539039,
    "duration": 0.06716354619223712,
    "is_tcp": 0.025825488675305704,
    "is_udp": 0.018205909906698303
  },
  "wall_seconds": 10.9
}