{
  "config": {
    "tool": "joy",
    "regime": "native",
    "model": "xgb",
    "task": "multiclass",
    "split": "stratified",
    "seed": 3,
    "include_port": false,
    "dataset": "cicids2017",
    "n_features": 24,
    "subsample_benign": null,
    "max_train": 400000
  },
  "config_hash": "bf64eb01dd9b3ceb",
  "git_commit": null,
  "n_train": 400000,
  "n_test": 867639,
  "n_test_unseen_class": 0,
  "features": [
    "tool_pr",
    "tool_sp",
    "tool_dp",
    "tool_bytes_out",
    "tool_num_pkts_out",
    "tool_byte_dist_mean",
    "tool_byte_dist_std",
    "tool_bytes_in",
    "tool_num_pkts_in",
    "tool_derived_fwd_pktsize_mean",
    "tool_derived_fwd_pktsize_std",
    "tool_derived_fwd_pktsize_min",
    "tool_derived_fwd_pktsize_max",
    "tool_derived_fwd_pktsize_n",
    "tool_derived_bwd_pktsize_mean",
    "tool_derived_bwd_pktsize_std",
    "tool_derived_bwd_pktsize_min",
    "tool_derived_bwd_pktsize_max",
    "tool_derived_bwd_pktsize_n",
    "tool_derived_iat_ms_mean",
    "tool_derived_iat_ms_std",
    "tool_derived_iat_ms_min",
    "tool_derived_iat_ms_max",
    "tool_derived_iat_ms_n"
  ],
  "metrics": {
    "macro_f1": 0.7974255701206001,
    "weighted_f1": 0.9934358505439306,
    "balanced_accuracy": 0.7655996633316243,
    "per_class": {
      "BENIGN": {
        "precision": 0.9959415629188754,
        "recall": 0.9991961748437314,
        "f1-score": 0.9975662143029801,
        "support": 722794.0
      },
      "Bot": {
        "precision": 0.9924698795180723,
        "recall": 0.9984848484848485,
        "f1-score": 0.9954682779456193,
        "support": 660.0
      },
      "DDoS": {
        "precision": 0.9730676659659385,
        "recall": 0.9800846937523015,
        "f1-score": 0.9765635749338796,
        "support": 32588.0
      },
      "DoS GoldenEye": {
        "precision": 0.9464404524284764,
        "recall": 0.8548677884615384,
        "f1-score": 0.898326491948216,
        "support": 3328.0
      },
      "DoS Hulk": {
        "precision": 0.9947099748878185,
        "recall": 0.9836749648869257,
        "f1-score": 0.9891616944191426,
        "support": 49127.0
      },
      "DoS Slowhttptest": {
        "precision": 0.7713085234093637,
        "recall": 0.9608673978065803,
        "f1-score": 0.855715871254162,
        "support": 4012.0
      },
      "DoS slowloris": {
        "precision": 0.9981386691484412,
        "recall": 0.9976744186046511,
        "f1-score": 0.9979064898813678,
        "support": 4300.0
      },
      "FTP-Patator": {
        "precision": 1.0,
        "recall": 0.9966694421315571,
        "f1-score": 0.9983319432860718,
        "support": 1201.0
      },
      "Heartbleed": {
        "precision": 1.0,
        "recall": 0.8333333333333334,
        "f1-score": 0.9090909090909091,
        "support": 12.0
      },
      "Infiltration": {
        "precision": 1.0,
        "recall": 0.5609756097560976,
        "f1-score": 0.71875,
        "support": 41.0
      },
      "PortScan": {
        "precision": 0.9981712096142124,
        "recall": 0.9545700603789299,
        "f1-score": 0.9758838679466167,
        "support": 48030.0
      },
      "SSH-Patator": {
        "precision": 1.0,
        "recall": 0.9866220735785953,
        "f1-score": 0.9932659932659933,
        "support": 897.0
      },
      "Web Attack - Brute Force": {
        "precision": 1.0,
        "recall": 0.12037037037037036,
        "f1-score": 0.21487603305785125,
        "support": 432.0
      },
      "Web Attack - Sql Injection": {
        "precision": 1.0,
        "recall": 0.2,
        "f1-score": 0.3333333333333333,
        "support": 5.0
      },
      "Web Attack - XSS": {
        "precision": 1.0,
        "recall": 0.05660377358490566,
        "f1-score": 0.10714285714285714,
        "support": 212.0
      }
    },
    "confusion_matrix": [
      [
        722213,
        5,
        331,
        14,
        56,
        83,
        8,
        0,
        0,
        0,
        84,
        0,
        0,
        0,
        0
      ],
      [
        1,
        659,
        0,
        0,
        0,
        0,
        0,
        0,
        0,
        0,
        0,
        0,
        0,
        0,
        0
      ],
      [
        0,
        0,
        31939,
        84,
        170,
        395,
        0,
        0,
        0,
        0,
        0,
        0,
        0,
        0,
        0
      ],
      [
        6,
        0,
        55,
        2845,
        19,
        403,
        0,
        0,
        0,
        0,
        0,
        0,
        0,
        0,
        0
      ],
      [
        115,
        0,
        362,
        63,
        48325,
        262,
        0,
        0,
        0,
        0,
        0,
        0,
        0,
        0,
        0
      ],
      [
        17,
        0,
        133,
        0,
        7,
        3855,
        0,
        0,
        0,
        0,
        0,
        0,
        0,
        0,
        0
      ],
      [
        3,
        0,
        3,
        0,
        4,
        0,
        4290,
        0,
        0,
        0,
        0,
        0,
        0,
        0,
        0
      ],
      [
        4,
        0,
        0,
        0,
        0,
        0,
        0,
        1197,
        0,
        0,
        0,
        0,
        0,
        0,
        0
      ],
      [
        2,
        0,
        0,
        0,
        0,
        0,
        0,
        0,
        10,
        0,
        0,
        0,
        0,
        0,
        0
      ],
      [
        18,
        0,
        0,
        0,
        0,
        0,
        0,
        0,
        0,
        23,
        0,
        0,
        0,
        0,
        0
      ],
      [
        2181,
        0,
        0,
        0,
        1,
        0,
        0,
        0,
        0,
        0,
        45848,
        0,
        0,
        0,
        0
      ],
      [
        12,
        0,
        0,
        0,
        0,
        0,
        0,
        0,
        0,
        0,
        0,
        885,
        0,
        0,
        0
      ],
      [
        380,
        0,
        0,
        0,
        0,
        0,
        0,
        0,
        0,
        0,
        0,
        0,
        52,
        0,
        0
      ],
      [
        4,
        0,
        0,
        0,
        0,
        0,
        0,
        0,
        0,
        0,
        0,
        0,
        0,
        1,
        0
      ],
      [
        200,
        0,
        0,
        0,
        0,
        0,
        0,
        0,
        0,
        0,
        0,
        0,
        0,
        0,
        12
      ]
    ],
    "class_order": [
      "BENIGN",
      "Bot",
      "DDoS",
      "DoS GoldenEye",
      "DoS Hulk",
      "DoS Slowhttptest",
      "DoS slowloris",
      "FTP-Patator",
      "Heartbleed",
      "Infiltration",
      "PortScan",
      "SSH-Patator",
      "Web Attack - Brute Force",
      "Web Attack - Sql Injection",
      "Web Attack - XSS"
    ]
  },
  "feature_importances": {
    "tool_derived_bwd_pktsize_mean": 0.3991704285144806,
    "tool_derived_fwd_pktsize_max": 0.10151802748441696,
    "tool_derived_fwd_pktsize_mean": 0.08160895109176636,
    "tool_derived_bwd_pktsize_min": 0.08025018870830536,
    "tool_derived_bwd_pktsize_std": 0.0748065784573555,
    "tool_derived_bwd_pktsize_max": 0.05661141872406006,
    "tool_byte_dist_std": 0.039518192410469055,
    "tool_bytes_in": 0.03861419856548309,
    "tool_bytes_out": 0.028735697269439697,
    "tool_dp": 0.022566700354218483,
    "tool_derived_fwd_pktsize_min": 0.015950478613376617,
    "tool_num_pkts_in": 0.01308992225676775,
    "tool_num_pkts_out": 0.01068618893623352,
    "tool_derived_fwd_pktsize_n": 0.009159024804830551,
    "tool_byte_dist_mean": 0.007443367037922144,
    "tool_derived_iat_ms_mean": 0.005517138168215752,
    "tool_derived_iat_ms_n": 0.003907768055796623,
    "tool_pr": 0.0033031743951141834,
    "tool_derived_iat_ms_min": 0.002693090122193098,