{
  "config": {
    "tool": "joy",
    "regime": "common",
    "model": "xgb",
    "task": "multiclass",
    "split": "stratified",
    "seed": 0,
    "include_port": false,
    "dataset": "cicids2017",
    "n_features": 9,
    "subsample_benign": null,
    "max_train": 400000
  },
  "config_hash": "bccd3f528b3aa11a",
  "git_commit": null,
  "n_train": 400000,
  "n_test": 867639,
  "n_test_unseen_class": 0,
  "features": [
    "duration",
    "pkts_fwd",
    "pkts_bwd",
    "bytes_fwd",
    "bytes_bwd",
    "tot_pkts",
    "tot_bytes",
    "is_tcp",
    "is_udp"
  ],
  "metrics": {
    "macro_f1": 0.7275610898969868,
    "weighted_f1": 0.9867444820014649,
    "balanced_accuracy": 0.6744334523870872,
    "per_class": {
      "BENIGN": {
        "precision": 0.9873496843234016,
        "recall": 0.9987340791428817,
        "f1-score": 0.9930092535913205,
        "support": 722794.0
      },
      "Bot": {
        "precision": 0.9982758620689656,
        "recall": 0.8772727272727273,
        "f1-score": 0.9338709677419355,
        "support": 660.0
      },
      "DDoS": {
        "precision": 0.9999283410963812,
        "recall": 0.8563888547931754,
        "f1-score": 0.9226090118681609,
        "support": 32588.0
      },
      "DoS GoldenEye": {
        "precision": 0.9853451600462785,
        "recall": 0.7677283653846154,
        "f1-score": 0.8630298935990542,
        "support": 3328.0
      },
      "DoS Hulk": {
        "precision": 0.9991408754688516,
        "recall": 0.9705864392289373,
        "f1-score": 0.9846566855962829,
        "support": 49127.0
      },
      "DoS Slowhttptest": {
        "precision": 0.9092601209865053,
        "recall": 0.48703888334995016,
        "f1-score": 0.6343126115890277,
        "support": 4012.0
      },
      "DoS slowloris": {
        "precision": 0.9251082251082251,
        "recall": 0.9939534883720931,
        "f1-score": 0.9582959641255605,
        "support": 4300.0
      },
      "FTP-Patator": {
        "precision": 1.0,
        "recall": 0.9983347210657785,
        "f1-score": 0.9991666666666666,
        "support": 1201.0
      },
      "Heartbleed": {
        "precision": 0.5,
        "recall": 0.25,
        "f1-score": 0.3333333333333333,
        "support": 12.0
      },
      "Infiltration": {
        "precision": 0.9,
        "recall": 0.21951219512195122,
        "f1-score": 0.35294117647058826,
        "support": 41.0
      },
      "PortScan": {
        "precision": 0.9835595096552007,
        "recall": 0.9989589839683531,
        "f1-score": 0.9911994380861877,
        "support": 48030.0
      },
      "SSH-Patator": {
        "precision": 0.998868778280543,
        "recall": 0.9843924191750278,
        "f1-score": 0.991577765300393,
        "support": 897.0
      },
      "Web Attack - Brute Force": {
        "precision": 0.9,
        "recall": 0.10416666666666667,
        "f1-score": 0.18672199170124482,
        "support": 432.0
      },
      "Web Attack - Sql Injection": {
        "precision": 1.0,
        "recall": 0.6,
        "f1-score": 0.75,
        "support": 5.0
      },
      "Web Attack - XSS": {
        "precision": 1.0,
        "recall": 0.009433962264150943,
        "f1-score": 0.018691588785046728,
        "support": 212.0
      }
    },
    "confusion_matrix": [
      [
        721879,
        1,
        2,
        22,
        14,
        173,
        6,
        0,
        3,
        1,
        687,
        1,
        5,
        0,
        0
      ],
      [
        81,
        579,
        0,
        0,
        0,
        0,
        0,
        0,
        0,
        0,
        0,
        0,
        0,
        0,
        0
      ],
      [
        4680,
        0,
        27908,
        0,
        0,
        0,
        0,
        0,
        0,
        0,
        0,
        0,
        0,
        0,
        0
      ],
      [
        739,
        0,
        0,
        2555,
        23,
        10,
        1,
        0,
        0,
        0,
        0,
        0,
        0,
        0,
        0
      ],
      [
        1326,
        0,
        0,
        11,
        47682,
        2,
        0,
        0,
        0,
        0,
        106,
        0,
        0,
        0,
        0
      ],
      [
        1711,
        0,
        0,
        4,
        3,
        1954,
        339,
        0,
        0,
        0,
        1,
        0,
        0,
        0,
        0
      ],
      [
        15,
        0,
        0,
        1,
        0,
        10,
        4274,
        0,
        0,
        0,
        0,
        0,
        0,
        0,
        0
      ],
      [
        2,
        0,
        0,
        0,
        0,
        0,
        0,
        1199,
        0,
        0,
        0,
        0,
        0,
        0,
        0
      ],
      [
        9,
        0,
        0,
        0,
        0,
        0,
        0,
        0,
        3,
        0,
        0,
        0,
        0,
        0,
        0
      ],
      [
        23,
        0,
        0,
        0,
        1,
        0,
        0,
        0,
        0,
        9,
        8,
        0,
        0,
        0,
        0
      ],
      [
        50,
        0,
        0,
        0,
        0,
        0,
        0,
        0,
        0,
        0,
        47980,
        0,
        0,
        0,
        0
      ],
      [
        14,
        0,
        0,
        0,
        0,
        0,
        0,
        0,
        0,
        0,
        0,
        883,
        0,
        0,
        0
      ],
      [
        387,
        0,
        0,
        0,
        0,
        0,
        0,
        0,
        0,
        0,
        0,
        0,
        45,
        0,
        0
      ],
      [
        2,
        0,
        0,
        0,
        0,
        0,
        0,
        0,
        0,
        0,
        0,
        0,
        0,
        3,
        0
      ],
      [
        210,
        0,
        0,
        0,
        0,
        0,
        0,
        0,
        0,
        0,
        0,
        0,
        0,
        0,
        2
      ]
    ],
    "class_order": [
      "BENIGN",
      "Bot",
      "DDoS",
      "DoS GoldenEye",
      "DoS Hulk",
      "DoS Slowhttptest",
      "DoS slowloris",
      "FTP-Patator",
      "Heartbleed",
      "Infiltration",
      "PortScan",
      "SSH-Patator",
      "Web Attack - Brute Force",
      "Web Attack - Sql Injection",
      "Web Attack - XSS"
    ]
  },
  "feature_importances": {
    "tot_bytes": 0.42576131224632263,
    "bytes_bwd": 0.19934967160224915,
    "pkts_bwd": 0.1182425320148468,
    "tot_pkts": 0.07392166554927826,
    "bytes_fwd": 0.07248266041278839,
    "duration": 0.06559981405735016,
    "is_tcp": 0.01872899942100048,
    "is_udp": 0.016547594219446182,
    "pkts_fwd": 0.009365759789943695
  },
  "wall_seconds": 34.7
}