{
  "config": {
    "tool": "joy",
    "regime": "common",
    "model": "mlp",
    "task": "binary",
    "split": "temporal",
    "seed": 0,
    "include_port": false,
    "dataset": "cicids2017",
    "n_features": 9,
    "subsample_benign": null,
    "max_train": 400000
  },
  "config_hash": "5607a6ead4f065de",
  "git_commit": null,
  "n_train": 400000,
  "n_test": 1197023,
  "n_test_unseen_class": 0,
  "features": [
    "duration",
    "pkts_fwd",
    "pkts_bwd",
    "bytes_fwd",
    "bytes_bwd",
    "tot_pkts",
    "tot_bytes",
    "is_tcp",
    "is_udp"
  ],
  "metrics": {
    "macro_f1": 0.7042369801862693,
    "weighted_f1": 0.8159290178332363,
    "balanced_accuracy": 0.6661664631166873,
    "per_class": {
      "0": {
        "precision": 0.8351644572512508,
        "recall": 0.9989532332319763,
        "f1-score": 0.9097455841361617,
        "support": 923797.0
      },
      "1": {
        "precision": 0.9894954103525067,
        "recall": 0.33337969300139814,
        "f1-score": 0.49872837623637695,
        "support": 273226.0
      }
    },
    "fpr": 0.0010467667680237108,
    "attack_recall": 0.33337969300139814,
    "attack_precision": 0.9894954103525067,
    "auc_pr": 0.8871149022990596,
    "confusion_matrix": [
      [
        922830,
        967
      ],
      [
        182138,
        91088
      ]
    ],
    "class_order": [
      "0",
      "1"
    ]
  },
  "feature_importances": null,
  "wall_seconds": 23.2
}