{
  "config": {
    "tool": "joy",
    "regime": "common",
    "model": "mlp",
    "task": "binary",
    "split": "stratified",
    "seed": 2,
    "include_port": false,
    "dataset": "cicids2017",
    "n_features": 9,
    "subsample_benign": null,
    "max_train": 400000
  },
  "config_hash": "48678d6c77a22458",
  "git_commit": null,
  "n_train": 400000,
  "n_test": 867639,
  "n_test_unseen_class": 0,
  "features": [
    "duration",
    "pkts_fwd",
    "pkts_bwd",
    "bytes_fwd",
    "bytes_bwd",
    "tot_pkts",
    "tot_bytes",
    "is_tcp",
    "is_udp"
  ],
  "metrics": {
    "macro_f1": 0.9823200752464167,
    "weighted_f1": 0.9900781440383324,
    "balanced_accuracy": 0.990827491523705,
    "per_class": {
      "0": {
        "precision": 0.9983989503144172,
        "recall": 0.9895737928095696,
        "f1-score": 0.9939667829118837,
        "support": 722794.0
      },
      "1": {
        "precision": 0.9501699353320021,
        "recall": 0.9920811902378405,
        "f1-score": 0.9706733675809497,
        "support": 144845.0
      }
    },
    "fpr": 0.010426207190430468,
    "attack_recall": 0.9920811902378405,
    "attack_precision": 0.9501699353320021,
    "auc_pr": 0.9928228416187886,
    "confusion_matrix": [
      [
        715258,
        7536
      ],
      [
        1147,
        143698
      ]
    ],
    "class_order": [
      "0",
      "1"
    ]
  },
  "feature_importances": null,
  "wall_seconds": 39.2
}