{
  "config": {
    "tool": "joy",
    "regime": "native",
    "model": "xgb",
    "task": "multiclass",
    "split": "stratified",
    "seed": 0,
    "include_port": false,
    "dataset": "cicids2017",
    "n_features": 24,
    "subsample_benign": null,
    "max_train": 400000
  },
  "config_hash": "6588642467829b47",
  "git_commit": null,
  "n_train": 400000,
  "n_test": 867639,
  "n_test_unseen_class": 0,
  "features": [
    "tool_pr",
    "tool_sp",
    "tool_dp",
    "tool_bytes_out",
    "tool_num_pkts_out",
    "tool_byte_dist_mean",
    "tool_byte_dist_std",
    "tool_bytes_in",
    "tool_num_pkts_in",
    "tool_derived_fwd_pktsize_mean",
    "tool_derived_fwd_pktsize_std",
    "tool_derived_fwd_pktsize_min",
    "tool_derived_fwd_pktsize_max",
    "tool_derived_fwd_pktsize_n",
    "tool_derived_bwd_pktsize_mean",
    "tool_derived_bwd_pktsize_std",
    "tool_derived_bwd_pktsize_min",
    "tool_derived_bwd_pktsize_max",
    "tool_derived_bwd_pktsize_n",
    "tool_derived_iat_ms_mean",
    "tool_derived_iat_ms_std",
    "tool_derived_iat_ms_min",
    "tool_derived_iat_ms_max",
    "tool_derived_iat_ms_n"
  ],
  "metrics": {
    "macro_f1": 0.8012744163919774,
    "weighted_f1": 0.9935779360110238,
    "balanced_accuracy": 0.7622408093535327,
    "per_class": {
      "BENIGN": {
        "precision": 0.996206661103103,
        "recall": 0.999185106683232,
        "f1-score": 0.9976936609868147,
        "support": 722794.0
      },
      "Bot": {
        "precision": 0.9850746268656716,
        "recall": 1.0,
        "f1-score": 0.9924812030075187,
        "support": 660.0
      },
      "DDoS": {
        "precision": 0.9769684313966344,
        "recall": 0.9762489259850252,
        "f1-score": 0.9766085461689588,
        "support": 32588.0
      },
      "DoS GoldenEye": {
        "precision": 0.921486268174475,
        "recall": 0.8569711538461539,
        "f1-score": 0.888058539623229,
        "support": 3328.0
      },
      "DoS Hulk": {
        "precision": 0.9902526927960028,
        "recall": 0.9843466932643964,
        "f1-score": 0.9872908606486255,
        "support": 49127.0
      },
      "DoS Slowhttptest": {
        "precision": 0.785392798690671,
        "recall": 0.9568793619142573,
        "f1-score": 0.8626966292134831,
        "support": 4012.0
      },
      "DoS slowloris": {
        "precision": 0.9967441860465116,
        "recall": 0.9967441860465116,
        "f1-score": 0.9967441860465116,
        "support": 4300.0
      },
      "FTP-Patator": {
        "precision": 0.99833748960931,
        "recall": 1.0,
        "f1-score": 0.9991680532445923,
        "support": 1201.0
      },
      "Heartbleed": {
        "precision": 1.0,
        "recall": 0.5833333333333334,
        "f1-score": 0.7368421052631579,
        "support": 12.0
      },
      "Infiltration": {
        "precision": 1.0,
        "recall": 0.2926829268292683,
        "f1-score": 0.4528301886792453,
        "support": 41.0
      },
      "PortScan": {
        "precision": 0.9985470789781845,
        "recall": 0.9587133041848844,
        "f1-score": 0.978224847042828,
        "support": 48030.0
      },
      "SSH-Patator": {
        "precision": 1.0,
        "recall": 0.9955406911928651,
        "f1-score": 0.9977653631284916,
        "support": 897.0
      },
      "Web Attack - Brute Force": {
        "precision": 1.0,
        "recall": 0.1527777777777778,
        "f1-score": 0.26506024096385544,
        "support": 432.0
      },
      "Web Attack - Sql Injection": {
        "precision": 1.0,
        "recall": 0.6,
        "f1-score": 0.75,
        "support": 5.0
      },
      "Web Attack - XSS": {
        "precision": 0.4857142857142857,
        "recall": 0.08018867924528301,
        "f1-score": 0.13765182186234817,
        "support": 212.0
      }
    },
    "confusion_matrix": [
      [
        722205,
        10,
        308,
        13,
        73,
        92,
        14,
        2,
        0,
        0,
        62,
        0,
        0,
        0,
        15
      ],
      [
        0,
        660,
        0,
        0,
        0,
        0,
        0,
        0,
        0,
        0,
        0,
        0,
        0,
        0,
        0
      ],
      [
        27,
        0,
        31814,
        118,
        267,
        362,
        0,
        0,
        0,
        0,
        0,
        0,
        0,
        0,
        0
      ],
      [
        5,
        0,
        15,
        2852,
        85,
        371,
        0,
        0,
        0,
        0,
        0,
        0,
        0,
        0,
        0
      ],
      [
        121,
        0,
        338,
        81,
        48358,
        224,
        0,
        0,
        0,
        0,
        5,
        0,
        0,
        0,
        0
      ],
      [
        13,
        0,
        81,
        31,
        48,
        3839,
        0,
        0,
        0,
        0,
        0,
        0,
        0,
        0,
        0
      ],
      [
        4,
        0,
        8,
        0,
        2,
        0,
        4286,
        0,
        0,
        0,
        0,
        0,
        0,
        0,
        0
      ],
      [
        0,
        0,
        0,
        0,
        0,
        0,
        0,
        1201,
        0,
        0,
        0,
        0,
        0,
        0,
        0
      ],
      [
        5,
        0,
        0,
        0,
        0,
        0,
        0,
        0,
        7,
        0,
        0,
        0,
        0,
        0,
        0
      ],
      [
        29,
        0,
        0,
        0,
        0,
        0,
        0,
        0,
        0,
        12,
        0,
        0,
        0,
        0,
        0
      ],
      [
        1982,
        0,
        0,
        0,
        1,
        0,
        0,
        0,
        0,
        0,
        46047,
        0,
        0,
        0,
        0
      ],
      [
        4,
        0,
        0,
        0,
        0,
        0,
        0,
        0,
        0,
        0,
        0,
        893,
        0,
        0,
        0
      ],
      [
        363,
        0,
        0,
        0,
        0,
        0,
        0,
        0,
        0,
        0,
        0,
        0,
        66,
        0,
        3
      ],
      [
        2,
        0,
        0,
        0,
        0,
        0,
        0,
        0,
        0,
        0,
        0,
        0,
        0,
        3,
        0
      ],
      [
        195,
        0,
        0,
        0,
        0,
        0,
        0,
        0,
        0,
        0,
        0,
        0,
        0,
        0,
        17
      ]
    ],
    "class_order": [
      "BENIGN",
      "Bot",
      "DDoS",
      "DoS GoldenEye",
      "DoS Hulk",
      "DoS Slowhttptest",
      "DoS slowloris",
      "FTP-Patator",
      "Heartbleed",
      "Infiltration",
      "PortScan",
      "SSH-Patator",
      "Web Attack - Brute Force",
      "Web Attack - Sql Injection",
      "Web Attack - XSS"
    ]
  },
  "feature_importances": {
    "tool_derived_bwd_pktsize_mean": 0.4814660847187042,
    "tool_derived_fwd_pktsize_max": 0.08388812839984894,
    "tool_derived_bwd_pktsize_max": 0.06712161749601364,
    "tool_derived_bwd_pktsize_min": 0.06329124420881271,
    "tool_derived_fwd_pktsize_mean": 0.0506773479282856,
    "tool_bytes_in": 0.04836708679795265,
    "tool_derived_bwd_pktsize_std": 0.032841261476278305,
    "tool_byte_dist_std": 0.032010674476623535,
    "tool_bytes_out": 0.025869298726320267,
    "tool_dp": 0.02553616650402546,
    "tool_derived_fwd_pktsize_min": 0.014759308658540249,
    "tool_num_pkts_in": 0.013615168631076813,
    "tool_num_pkts_out": 0.012357505969703197,
    "tool_derived_fwd_pktsize_n": 0.010572020895779133,
    "tool_derived_iat_ms_mean": 0.008662753738462925,
    "tool_byte_dist_mean": 0.006802490446716547,
    "tool_derived_fwd_pktsize_std": 0.004857068415731192,
    "tool_derived_iat_ms_max": 0.0044317892752587795,