{
  "config": {
    "tool": "joy",
    "regime": "common",
    "model": "logreg",
    "task": "binary",
    "split": "temporal",
    "seed": 1,
    "include_port": false,
    "dataset": "cicids2017",
    "n_features": 9,
    "subsample_benign": null,
    "max_train": 400000
  },
  "config_hash": "cd9ea629a202ae2a",
  "git_commit": null,
  "n_train": 400000,
  "n_test": 1197023,
  "n_test_unseen_class": 0,
  "features": [
    "duration",
    "pkts_fwd",
    "pkts_bwd",
    "bytes_fwd",
    "bytes_bwd",
    "tot_pkts",
    "tot_bytes",
    "is_tcp",
    "is_udp"
  ],
  "metrics": {
    "macro_f1": 0.680420203801876,
    "weighted_f1": 0.7884089582430935,
    "balanced_accuracy": 0.6614190134976765,
    "per_class": {
      "0": {
        "precision": 0.8386511509051953,
        "recall": 0.923681284957626,
        "f1-score": 0.8791149239899715,
        "support": 923797.0
      },
      "1": {
        "precision": 0.6073634323329417,
        "recall": 0.399156742037727,
        "f1-score": 0.48172548361378037,
        "support": 273226.0
      }
    },
    "fpr": 0.07631871504237403,
    "attack_recall": 0.399156742037727,
    "attack_precision": 0.6073634323329417,
    "auc_pr": 0.6998333397405458,
    "confusion_matrix": [
      [
        853294,
        70503
      ],
      [
        164166,
        109060
      ]
    ],
    "class_order": [
      "0",
      "1"
    ]
  },
  "feature_importances": null,
  "wall_seconds": 4.2
}