{
  "config": {
    "tool": "joy",
    "regime": "common",
    "model": "logreg",
    "task": "binary",
    "split": "stratified",
    "seed": 4,
    "include_port": false,
    "dataset": "cicids2017",
    "n_features": 9,
    "subsample_benign": null,
    "max_train": 400000
  },
  "config_hash": "e8c26730dd864fbd",
  "git_commit": null,
  "n_train": 400000,
  "n_test": 867639,
  "n_test_unseen_class": 0,
  "features": [
    "duration",
    "pkts_fwd",
    "pkts_bwd",
    "bytes_fwd",
    "bytes_bwd",
    "tot_pkts",
    "tot_bytes",
    "is_tcp",
    "is_udp"
  ],
  "metrics": {
    "macro_f1": 0.7695559736923103,
    "weighted_f1": 0.8479959163645162,
    "balanced_accuracy": 0.8796586219631664,
    "per_class": {
      "0": {
        "precision": 0.9888237004194087,
        "recall": 0.8047036915082305,
        "f1-score": 0.8873129962326555,
        "support": 722794.0
      },
      "1": {
        "precision": 0.4948323372579895,
        "recall": 0.9546135524181021,
        "f1-score": 0.6517989511519651,
        "support": 144845.0
      }
    },
    "fpr": 0.19529630849176943,
    "attack_recall": 0.9546135524181021,
    "attack_precision": 0.4948323372579895,
    "auc_pr": 0.8232857408867074,
    "confusion_matrix": [
      [
        581635,
        141159
      ],
      [
        6574,
        138271
      ]
    ],
    "class_order": [
      "0",
      "1"
    ]
  },
  "feature_importances": null,
  "wall_seconds": 4.3
}