{
  "config": {
    "tool": "nfstream",
    "regime": "common",
    "model": "mlp",
    "task": "binary",
    "split": "temporal",
    "seed": 3,
    "include_port": false,
    "dataset": "cicids2017",
    "n_features": 9,
    "subsample_benign": null,
    "max_train": 400000
  },
  "config_hash": "8a269a3c3a8efeab",
  "git_commit": null,
  "n_train": 400000,
  "n_test": 844230,
  "n_test_unseen_class": 0,
  "features": [
    "duration",
    "pkts_fwd",
    "pkts_bwd",
    "bytes_fwd",
    "bytes_bwd",
    "tot_pkts",
    "tot_bytes",
    "is_tcp",
    "is_udp"
  ],
  "metrics": {
    "macro_f1": 0.587746160793714,
    "weighted_f1": 0.7079495995400928,
    "balanced_accuracy": 0.5856140225355733,
    "per_class": {
      "0": {
        "precision": 0.7676576291691214,
        "recall": 0.948921400071366,
        "f1-score": 0.8487191557605531,
        "support": 616540.0
      },
      "1": {
        "precision": 0.6164610456831773,
        "recall": 0.2223066449997804,
        "f1-score": 0.3267731658268748,
        "support": 227690.0
      }
    },
    "fpr": 0.05107859992863399,
    "attack_recall": 0.2223066449997804,
    "attack_precision": 0.6164610456831773,
    "auc_pr": 0.8447936290339136,
    "confusion_matrix": [
      [
        585048,
        31492
      ],
      [
        177073,
        50617
      ]
    ],
    "class_order": [
      "0",
      "1"
    ]
  },
  "feature_importances": null,
  "wall_seconds": 28.7
}