{
  "config": {
    "tool": "nfstream",
    "regime": "common",
    "model": "mlp",
    "task": "multiclass",
    "split": "stratified",
    "seed": 1,
    "include_port": false,
    "dataset": "cicids2017",
    "n_features": 9,
    "subsample_benign": null,
    "max_train": 400000
  },
  "config_hash": "b12b59f60e46cdd2",
  "git_commit": null,
  "n_train": 400000,
  "n_test": 553681,
  "n_test_unseen_class": 0,
  "features": [
    "duration",
    "pkts_fwd",
    "pkts_bwd",
    "bytes_fwd",
    "bytes_bwd",
    "tot_pkts",
    "tot_bytes",
    "is_tcp",
    "is_udp"
  ],
  "metrics": {
    "macro_f1": 0.6475393338464897,
    "weighted_f1": 0.9949370278474768,
    "balanced_accuracy": 0.6907233692340816,
    "per_class": {
      "BENIGN": {
        "precision": 0.9979666685669765,
        "recall": 0.9972486433110805,
        "f1-score": 0.9976075267398726,
        "support": 473948.0
      },
      "Bot": {
        "precision": 0.8415697674418605,
        "recall": 0.8772727272727273,
        "f1-score": 0.8590504451038575,
        "support": 660.0
      },
      "DDoS": {
        "precision": 0.9982713462545836,
        "recall": 0.9997376980379813,
        "f1-score": 0.999003984063745,
        "support": 19062.0
      },
      "DoS GoldenEye": {
        "precision": 0.9754816112084063,
        "recall": 0.9699608184588594,
        "f1-score": 0.9727133813577822,
        "support": 2297.0
      },
      "DoS Hulk": {
        "precision": 0.9974244907515805,
        "recall": 0.9836065573770492,
        "f1-score": 0.9904673331783306,
        "support": 4331.0
      },
      "DoS Slowhttptest": {
        "precision": 0.8736083824492469,
        "recall": 0.9888806523350631,
        "f1-score": 0.9276773296244785,
        "support": 1349.0
      },
      "DoS slowloris": {
        "precision": 0.9826539462272333,
        "recall": 0.8367799113737076,
        "f1-score": 0.9038691663342641,
        "support": 1354.0
      },
      "FTP-Patator": {
        "precision": 0.9974811083123426,
        "recall": 0.9891756869275604,
        "f1-score": 0.9933110367892977,
        "support": 1201.0
      },
      "Heartbleed": {
        "precision": 0.0,
        "recall": 0.0,
        "f1-score": 0.0,
        "support": 0.0
      },
      "Infiltration": {
        "precision": 0.0,
        "recall": 0.0,
        "f1-score": 0.0,
        "support": 11.0
      },
      "PortScan": {
        "precision": 0.9770030431141883,
        "recall": 0.9974977584085744,
        "f1-score": 0.9871440363186132,
        "support": 47957.0
      },
      "SSH-Patator": {
        "precision": 0.9931895573212258,
        "recall": 0.9787472035794184,
        "f1-score": 0.9859154929577465,
        "support": 894.0
      },
      "Web Attack - Brute Force": {
        "precision": 0.8076923076923077,
        "recall": 0.05121951219512195,
        "f1-score": 0.0963302752293578,
        "support": 410.0
      },
      "Web Attack - Sql Injection": {
        "precision": 0.0,
        "recall": 0.0,
        "f1-score": 0.0,
        "support": 5.0
      },
      "Web Attack - XSS": {
        "precision": 0.0,
        "recall": 0.0,
        "f1-score": 0.0,
        "support": 202.0
      }
    },
    "confusion_matrix": [
      [
        472644,
        108,
        8,
        49,
        11,
        164,
        13,
        3,
        0,
        937,
        6,
        5,
        0,
        0
      ],
      [
        81,
        579,
        0,
        0,
        0,
        0,
        0,
        0,
        0,
        0,
        0,
        0,
        0,
        0
      ],
      [
        5,
        0,
        19057,
        0,
        0,
        0,
        0,
        0,
        0,
        0,
        0,
        0,
        0,
        0
      ],
      [
        36,
        0,
        3,
        2228,
        0,
        4,
        0,
        0,
        0,
        26,
        0,
        0,
        0,
        0
      ],
      [
        20,
        0,
        0,
        6,
        4260,
        0,
        0,
        0,
        0,
        45,
        0,
        0,
        0,
        0
      ],
      [
        8,
        0,
        0,
        0,
        0,
        1334,
        7,
        0,
        0,
        0,
        0,
        0,
        0,
        0
      ],
      [
        88,
        0,
        0,
        0,
        0,
        25,
        1133,
        0,
        0,
        108,
        0,
        0,
        0,
        0
      ],
      [
        13,
        0,
        0,
        0,
        0,
        0,
        0,
        1188,
        0,
        0,
        0,
        0,
        0,
        0
      ],
      [
        1,
        0,
        0,
        0,
        0,
        0,
        0,
        0,
        0,
        10,
        0,
        0,
        0,
        0
      ],
      [
        98,
        0,
        22,
        0,
        0,
        0,
        0,
        0,
        0,
        47837,
        0,
        0,
        0,
        0
      ],
      [
        18,
        1,
        0,
        0,
        0,
        0,
        0,
        0,
        0,
        0,
        875,
        0,
        0,
        0
      ],
      [
        389,
        0,
        0,
        0,
        0,
        0,
        0,
        0,
        0,
        0,
        0,
        21,
        0,
        0
      ],
      [
        5,
        0,
        0,
        0,
        0,
        0,
        0,
        0,
        0,
        0,
        0,
        0,
        0,
        0
      ],
      [
        201,
        0,
        0,
        1,
        0,
        0,
        0,
        0,
        0,
        0,
        0,
        0,
        0,
        0
      ]
    ],
    "class_order": [
      "BENIGN",
      "Bot",
      "DDoS",
      "DoS GoldenEye",
      "DoS Hulk",
      "DoS Slowhttptest",
      "DoS slowloris",
      "FTP-Patator",
      "Heartbleed",
      "Infiltration",
      "PortScan",
      "SSH-Patator",
      "Web Attack - Brute Force",
      "Web Attack - Sql Injection",
      "Web Attack - XSS"
    ]
  },
  "feature_importances": null,
  "wall_seconds": 43.3
}