{
  "config": {
    "tool": "nfstream",
    "regime": "common",
    "model": "rf",
    "task": "binary",
    "split": "stratified",
    "seed": 0,
    "include_port": false,
    "dataset": "cicids2017",
    "n_features": 9,
    "subsample_benign": null,
    "max_train": 400000
  },
  "config_hash": "b18e51d6a79d1b00",
  "git_commit": null,
  "n_train": 400000,
  "n_test": 553682,
  "n_test_unseen_class": 0,
  "features": [
    "duration",
    "pkts_fwd",
    "pkts_bwd",
    "bytes_fwd",
    "bytes_bwd",
    "tot_pkts",
    "tot_bytes",
    "is_tcp",
    "is_udp"
  ],
  "metrics": {
    "macro_f1": 0.9934749284708886,
    "weighted_f1": 0.9967766729060273,
    "balanced_accuracy": 0.9953075723194842,
    "per_class": {
      "0": {
        "precision": 0.9988631465061829,
        "recall": 0.9973625798610818,
        "f1-score": 0.9981122991942432,
        "support": 473948.0
      },
      "1": {
        "precision": 0.984461626432638,
        "recall": 0.9932525647778865,
        "f1-score": 0.988837557747534,
        "support": 79734.0
      }
    },
    "fpr": 0.0026374201389181935,
    "attack_recall": 0.9932525647778865,
    "attack_precision": 0.984461626432638,
    "auc_pr": 0.996472783264805,
    "confusion_matrix": [
      [
        472698,
        1250
      ],
      [
        538,
        79196
      ]
    ],
    "class_order": [
      "0",
      "1"
    ]
  },
  "feature_importances": {
    "bytes_bwd": 0.21291361607320516,
    "is_tcp": 0.17149883258669363,
    "bytes_fwd": 0.1632874545053764,
    "is_udp": 0.11433867431664199,
    "tot_bytes": 0.10453925982918702,
    "duration": 0.07979411768906948,
    "pkts_fwd": 0.06613733540568013,
    "pkts_bwd": 0.05935165114127977,
    "tot_pkts": 0.02813905845286651
  },
  "wall_seconds": 9.9
}