{
  "config": {
    "tool": "nfstream",
    "regime": "common",
    "model": "mlp",
    "task": "binary",
    "split": "stratified",
    "seed": 2,
    "include_port": false,
    "dataset": "cicids2017",
    "n_features": 9,
    "subsample_benign": null,
    "max_train": 400000
  },
  "config_hash": "c34d3ddbc2352dc6",
  "git_commit": null,
  "n_train": 400000,
  "n_test": 553682,
  "n_test_unseen_class": 0,
  "features": [
    "duration",
    "pkts_fwd",
    "pkts_bwd",
    "bytes_fwd",
    "bytes_bwd",
    "tot_pkts",
    "tot_bytes",
    "is_tcp",
    "is_udp"
  ],
  "metrics": {
    "macro_f1": 0.9886389399534333,
    "weighted_f1": 0.9944068467378022,
    "balanced_accuracy": 0.9871199514005021,
    "per_class": {
      "0": {
        "precision": 0.9961141643346033,
        "recall": 0.9973667997333041,
        "f1-score": 0.9967400884772881,
        "support": 473948.0
      },
      "1": {
        "precision": 0.9842300791023276,
        "recall": 0.9768731030677001,
        "f1-score": 0.9805377914295785,
        "support": 79734.0
      }
    },
    "fpr": 0.0026332002666959245,
    "attack_recall": 0.9768731030677001,
    "attack_precision": 0.9842300791023276,
    "auc_pr": 0.9946367045061907,
    "confusion_matrix": [
      [
        472700,
        1248
      ],
      [
        1844,
        77890
      ]
    ],
    "class_order": [
      "0",
      "1"
    ]
  },
  "feature_importances": null,
  "wall_seconds": 23.1
}