{
  "config": {
    "tool": "nfstream",
    "regime": "common",
    "model": "mlp",
    "task": "binary",
    "split": "temporal",
    "seed": 4,
    "include_port": false,
    "dataset": "cicids2017",
    "n_features": 9,
    "subsample_benign": null,
    "max_train": 400000
  },
  "config_hash": "9413dc79613ae82d",
  "git_commit": null,
  "n_train": 400000,
  "n_test": 844230,
  "n_test_unseen_class": 0,
  "features": [
    "duration",
    "pkts_fwd",
    "pkts_bwd",
    "bytes_fwd",
    "bytes_bwd",
    "tot_pkts",
    "tot_bytes",
    "is_tcp",
    "is_udp"
  ],
  "metrics": {
    "macro_f1": 0.5714755441135728,
    "weighted_f1": 0.7068831194730557,
    "balanced_accuracy": 0.5802780170185021,
    "per_class": {
      "0": {
        "precision": 0.7633867543480227,
        "recall": 0.9990381808155189,
        "f1-score": 0.8654581526920383,
        "support": 616540.0
      },
      "1": {
        "precision": 0.9841312317696487,
        "recall": 0.16151785322148535,
        "f1-score": 0.2774929355351073,
        "support": 227690.0
      }
    },
    "fpr": 0.0009618191844811367,
    "attack_recall": 0.16151785322148535,
    "attack_precision": 0.9841312317696487,
    "auc_pr": 0.8681227026328149,
    "confusion_matrix": [
      [
        615947,
        593
      ],
      [
        190914,
        36776
      ]
    ],
    "class_order": [
      "0",
      "1"
    ]
  },
  "feature_importances": null,
  "wall_seconds": 22.7
}