{
  "config": {
    "tool": "nfstream",
    "regime": "common",
    "model": "rf",
    "task": "multiclass",
    "split": "stratified",
    "seed": 4,
    "include_port": false,
    "dataset": "cicids2017",
    "n_features": 9,
    "subsample_benign": null,
    "max_train": 400000
  },
  "config_hash": "4d7c6dbee7eca71a",
  "git_commit": null,
  "n_train": 400000,
  "n_test": 553681,
  "n_test_unseen_class": 0,
  "features": [
    "duration",
    "pkts_fwd",
    "pkts_bwd",
    "bytes_fwd",
    "bytes_bwd",
    "tot_pkts",
    "tot_bytes",
    "is_tcp",
    "is_udp"
  ],
  "metrics": {
    "macro_f1": 0.7211005753220913,
    "weighted_f1": 0.9964418989429458,
    "balanced_accuracy": 0.7847060895860917,
    "per_class": {
      "BENIGN": {
        "precision": 0.9990143907411951,
        "recall": 0.9966030028610734,
        "f1-score": 0.9978072399107686,
        "support": 473948.0
      },
      "Bot": {
        "precision": 0.7759036144578313,
        "recall": 0.9757575757575757,
        "f1-score": 0.8644295302013423,
        "support": 660.0
      },
      "DDoS": {
        "precision": 0.9998426353336131,
        "recall": 0.9999475396075963,
        "f1-score": 0.9998950847190894,
        "support": 19062.0
      },
      "DoS GoldenEye": {
        "precision": 0.9823504089539389,
        "recall": 0.9934697431432303,
        "f1-score": 0.9878787878787879,
        "support": 2297.0
      },
      "DoS Hulk": {
        "precision": 0.9983743613562471,
        "recall": 0.9926114061417687,
        "f1-score": 0.995484543244182,
        "support": 4331.0
      },
      "DoS Slowhttptest": {
        "precision": 0.9108978752570254,
        "recall": 0.9851742031134173,
        "f1-score": 0.9465811965811965,
        "support": 1349.0
      },
      "DoS slowloris": {
        "precision": 0.971718636693256,
        "recall": 0.9896602658788775,
        "f1-score": 0.9806073911452616,
        "support": 1354.0
      },
      "FTP-Patator": {
        "precision": 1.0,
        "recall": 0.9950041631973355,
        "f1-score": 0.9974958263772955,
        "support": 1201.0
      },
      "Heartbleed": {
        "precision": 0.0,
        "recall": 0.0,
        "f1-score": 0.0,
        "support": 0.0
      },
      "Infiltration": {
        "precision": 0.875,
        "recall": 0.6363636363636364,
        "f1-score": 0.7368421052631579,
        "support": 11.0
      },
      "PortScan": {
        "precision": 0.9932041852273904,
        "recall": 0.9995829597347624,
        "f1-score": 0.9963833634719711,
        "support": 47957.0
      },
      "SSH-Patator": {
        "precision": 1.0,
        "recall": 0.9686800894854586,
        "f1-score": 0.9840909090909091,
        "support": 894.0
      },
      "Web Attack - Brute Force": {
        "precision": 0.19230769230769232,
        "recall": 0.32926829268292684,
        "f1-score": 0.24280575539568344,
        "support": 410.0
      },
      "Web Attack - Sql Injection": {
        "precision": 0.0,
        "recall": 0.0,
        "f1-score": 0.0,
        "support": 5.0
      },
      "Web Attack - XSS": {
        "precision": 0.06613756613756613,
        "recall": 0.12376237623762376,
        "f1-score": 0.08620689655172414,
        "support": 202.0
      }
    },
    "confusion_matrix": [
      [
        472338,
        186,
        1,
        29,
        3,
        126,
        11,
        0,
        101,
        1,
        328,
        0,
        520,
        0,
        304
      ],
      [
        16,
        644,
        0,
        0,
        0,
        0,
        0,
        0,
        0,
        0,
        0,
        0,
        0,
        0,
        0
      ],
      [
        1,
        0,
        19061,
        0,
        0,
        0,
        0,
        0,
        0,
        0,
        0,
        0,
        0,
        0,
        0
      ],
      [
        6,
        0,
        2,
        2282,
        4,
        3,
        0,
        0,
        0,
        0,
        0,
        0,
        0,
        0,
        0
      ],
      [
        13,
        0,
        0,
        12,
        4299,
        0,
        7,
        0,
        0,
        0,
        0,
        0,
        0,
        0,
        0
      ],
      [
        17,
        0,
        0,
        0,
        0,
        1329,
        3,
        0,
        0,
        0,
        0,
        0,
        0,
        0,
        0
      ],
      [
        13,
        0,
        0,
        0,
        0,
        1,
        1340,
        0,
        0,
        0,
        0,
        0,
        0,
        0,
        0
      ],
      [
        6,
        0,
        0,
        0,
        0,
        0,
        0,
        1195,
        0,
        0,
        0,
        0,
        0,
        0,
        0
      ],
      [
        0,
        0,
        0,
        0,
        0,
        0,
        0,
        0,
        0,
        0,
        0,
        0,
        0,
        0,
        0
      ],
      [
        3,
        0,
        0,
        0,
        0,
        0,
        0,
        0,
        1,
        7,
        0,
        0,
        0,
        0,
        0
      ],
      [
        2,
        0,
        0,
        0,
        0,
        0,
        18,
        0,
        0,
        0,
        47937,
        0,
        0,
        0,
        0
      ],
      [
        28,
        0,
        0,
        0,
        0,
        0,
        0,
        0,
        0,
        0,
        0,
        866,
        0,
        0,
        0
      ],
      [
        226,
        0,
        0,
        0,
        0,
        0,
        0,
        0,
        0,
        0,
        0,
        0,
        135,
        0,
        49
      ],
      [
        5,
        0,
        0,
        0,
        0,
        0,
        0,
        0,
        0,
        0,
        0,
        0,
        0,
        0,
        0
      ],
      [
        130,
        0,
        0,
        0,
        0,
        0,
        0,
        0,
        0,
        0,
        0,
        0,
        47,
        0,
        25
      ]
    ],
    "class_order": [
      "BENIGN",
      "Bot",
      "DDoS",
      "DoS GoldenEye",
      "DoS Hulk",
      "DoS Slowhttptest",
      "DoS slowloris",
      "FTP-Patator",
      "Heartbleed",
      "Infiltration",
      "PortScan",
      "SSH-Patator",
      "Web Attack - Brute Force",
      "Web Attack - Sql Injection",
      "Web Attack - XSS"
    ]
  },
  "feature_importances": {
    "duration": 0.18957676197268644,
    "tot_bytes": 0.18821146292632127,
    "bytes_bwd": 0.15610129516071766,
    "bytes_fwd": 0.1540081903020006,
    "pkts_bwd": 0.132531098636673,
    "tot_pkts": 0.09027118059635177,
    "pkts_fwd": 0.05958633144173639,
    "is_tcp": 0.016634136270063982,
    "is_udp": 0.013079542693448864
  },
  "wall_seconds": 14.5
}