{
  "config": {
    "tool": "nfstream",
    "regime": "common",
    "model": "logreg",
    "task": "multiclass",
    "split": "stratified",
    "seed": 1,
    "include_port": false,
    "dataset": "cicids2017",
    "n_features": 9,
    "subsample_benign": null,
    "max_train": 400000
  },
  "config_hash": "a78c691f31ecb7ef",
  "git_commit": null,
  "n_train": 400000,
  "n_test": 553681,
  "n_test_unseen_class": 0,
  "features": [
    "duration",
    "pkts_fwd",
    "pkts_bwd",
    "bytes_fwd",
    "bytes_bwd",
    "tot_pkts",
    "tot_bytes",
    "is_tcp",
    "is_udp"
  ],
  "metrics": {
    "macro_f1": 0.4398366810945983,
    "weighted_f1": 0.8680176887192215,
    "balanced_accuracy": 0.74683741079154,
    "per_class": {
      "BENIGN": {
        "precision": 0.9998738753888842,
        "recall": 0.7527091579666968,
        "f1-score": 0.8588628424364841,
        "support": 473948.0
      },
      "Bot": {
        "precision": 0.02456730374866705,
        "recall": 0.9075757575757576,
        "f1-score": 0.047839629422570085,
        "support": 660.0
      },
      "DDoS": {
        "precision": 0.9645921581405452,
        "recall": 0.9318014898751442,
        "f1-score": 0.9479133311986337,
        "support": 19062.0
      },
      "DoS GoldenEye": {
        "precision": 0.528174936921783,
        "recall": 0.8202002612102742,
        "f1-score": 0.6425648021828103,
        "support": 2297.0
      },
      "DoS Hulk": {
        "precision": 0.9755929081280221,
        "recall": 0.9782960055414454,
        "f1-score": 0.9769425870417339,
        "support": 4331.0
      },
      "DoS Slowhttptest": {
        "precision": 0.6238390092879257,
        "recall": 0.8962194217939214,
        "f1-score": 0.7356251901429876,
        "support": 1349.0
      },
      "DoS slowloris": {
        "precision": 0.09776851610662499,
        "recall": 0.8316100443131462,
        "f1-score": 0.1749669800326315,
        "support": 1354.0
      },
      "FTP-Patator": {
        "precision": 0.48728465955701394,
        "recall": 0.9891756869275604,
        "f1-score": 0.6529266281945589,
        "support": 1201.0
      },
      "Heartbleed": {
        "precision": 0.0,
        "recall": 0.0,
        "f1-score": 0.0,
        "support": 0.0
      },
      "Infiltration": {
        "precision": 0.0,
        "recall": 0.0,
        "f1-score": 0.0,
        "support": 11.0
      },
      "PortScan": {
        "precision": 0.9789118167964084,
        "recall": 0.9911795983902246,
        "f1-score": 0.9850075117857328,
        "support": 47957.0
      },
      "SSH-Patator": {
        "precision": 0.3578131374949,
        "recall": 0.9809843400447428,
        "f1-score": 0.5243647234678624,
        "support": 894.0
      },
      "Web Attack - Brute Force": {
        "precision": 0.02559894978667542,
        "recall": 0.9512195121951219,
        "f1-score": 0.04985618408437201,
        "support": 410.0
      },
      "Web Attack - Sql Injection": {
        "precision": 6.733099919202801e-05,
        "recall": 0.4,
        "f1-score": 0.00013463933488168568,
        "support": 5.0
      },
      "Web Attack - XSS": {
        "precision": 0.0002756187641254617,
        "recall": 0.024752475247524754,
        "f1-score": 0.0005451670937142234,
        "support": 202.0
      }
    },
    "confusion_matrix": [
      [
        356745,
        23412,
        544,
        1554,
        105,
        593,
        10198,
        1250,
        130,
        15727,
        822,
        1574,
        14629,
        29646,
        17019
      ],
      [
        0,
        599,
        0,
        0,
        1,
        0,
        50,
        0,
        0,
        1,
        0,
        0,
        0,
        9,
        0
      ],
      [
        40,
        4,
        17762,
        103,
        0,
        3,
        24,
        0,
        0,
        123,
        0,
        0,
        0,
        2,
        1001
      ],
      [
        2,
        0,
        70,
        1884,
        0,
        58,
        0,
        0,
        0,
        117,
        28,
        0,
        0,
        25,
        113
      ],
      [
        2,
        0,
        16,
        17,
        4237,
        0,
        0,
        0,
        4,
        1,
        50,
        0,
        2,
        2,
        0
      ],
      [
        0,
        1,
        0,
        9,
        0,
        1209,
        98,
        0,
        0,
        28,
        0,
        0,
        0,
        2,
        2
      ],
      [
        0,
        44,
        0,
        0,
        0,
        50,
        1126,
        0,
        0,
        12,
        114,
        0,
        0,
        7,
        1
      ],
      [
        0,
        7,
        0,
        0,
        0,
        0,
        0,
        1188,
        0,
        0,
        0,
        0,
        6,
        0,
        0
      ],
      [
        0,
        0,
        0,
        0,
        0,
        0,
        0,
        0,
        0,
        0,
        0,
        0,
        0,
        0,
        0
      ],
      [
        1,
        0,
        0,
        0,
        0,
        0,
        0,
        0,
        0,
        0,
        10,
        0,
        0,
        0,
        0
      ],
      [
        0,
        306,
        22,
        0,
        0,
        25,
        21,
        0,
        0,
        36,
        47534,
        0,
        12,
        1,
        0
      ],
      [
        0,
        9,
        0,
        0,
        0,
        0,
        0,
        0,
        0,
        3,
        0,
        877,
        1,
        4,
        0
      ],
      [
        0,
        0,
        0,
        0,
        0,
        0,
        0,
        0,
        0,
        18,
        0,
        0,
        390,
        2,
        0
      ],
      [
        0,
        0,
        0,
        0,
        0,
        0,
        0,
        0,
        0,
        2,
        0,
        0,
        1,
        2,
        0
      ],
      [
        0,
        0,
        0,
        0,
        0,
        0,
        0,
        0,
        0,
        1,
        0,
        0,
        194,
        2,
        5
      ]
    ],
    "class_order": [
      "BENIGN",
      "Bot",
      "DDoS",
      "DoS GoldenEye",
      "DoS Hulk",
      "DoS Slowhttptest",
      "DoS slowloris",
      "FTP-Patator",
      "Heartbleed",
      "Infiltration",
      "PortScan",
      "SSH-Patator",
      "Web Attack - Brute Force",
      "Web Attack - Sql Injection",
      "Web Attack - XSS"
    ]
  },
  "feature_importances": null,
  "wall_seconds": 85.7
}