{
  "config": {
    "tool": "nfstream",
    "regime": "common",
    "model": "xgb",
    "task": "binary",
    "split": "stratified",
    "seed": 0,
    "include_port": false,
    "dataset": "cicids2017",
    "n_features": 9,
    "subsample_benign": null,
    "max_train": 400000
  },
  "config_hash": "335a0a7fffbda933",
  "git_commit": null,
  "n_train": 400000,
  "n_test": 553682,
  "n_test_unseen_class": 0,
  "features": [
    "duration",
    "pkts_fwd",
    "pkts_bwd",
    "bytes_fwd",
    "bytes_bwd",
    "tot_pkts",
    "tot_bytes",
    "is_tcp",
    "is_udp"
  ],
  "metrics": {
    "macro_f1": 0.9949676489941623,
    "weighted_f1": 0.99751945399736,
    "balanced_accuracy": 0.9946552646153202,
    "per_class": {
      "0": {
        "precision": 0.9984242800098719,
        "recall": 0.9986791799944298,
        "f1-score": 0.9985517137350912,
        "support": 473948.0
      },
      "1": {
        "precision": 0.9921369625563664,
        "recall": 0.9906313492362104,
        "f1-score": 0.9913835842532335,
        "support": 79734.0
      }
    },
    "fpr": 0.0013208200055702312,
    "attack_recall": 0.9906313492362104,
    "attack_precision": 0.9921369625563664,
    "auc_pr": 0.9983505179680383,
    "confusion_matrix": [
      [
        473322,
        626
      ],
      [
        747,
        78987
      ]
    ],
    "class_order": [
      "0",
      "1"
    ]
  },
  "feature_importances": {
    "bytes_fwd": 0.3455516993999481,
    "is_tcp": 0.2965432405471802,
    "bytes_bwd": 0.11021462827920914,
    "tot_bytes": 0.08208970725536346,
    "is_udp": 0.04807090014219284,
    "pkts_bwd": 0.04555758088827133,
    "duration": 0.031227247789502144,
    "tot_pkts": 0.024100400507450104,
    "pkts_fwd": 0.01664462685585022
  },
  "wall_seconds": 4.5
}