{
  "config": {
    "tool": "nfstream",
    "regime": "common",
    "model": "logreg",
    "task": "binary",
    "split": "stratified",
    "seed": 3,
    "include_port": false,
    "dataset": "cicids2017",
    "n_features": 9,
    "subsample_benign": null,
    "max_train": 400000
  },
  "config_hash": "f698bfb9d1f029d8",
  "git_commit": null,
  "n_train": 400000,
  "n_test": 553682,
  "n_test_unseen_class": 0,
  "features": [
    "duration",
    "pkts_fwd",
    "pkts_bwd",
    "bytes_fwd",
    "bytes_bwd",
    "tot_pkts",
    "tot_bytes",
    "is_tcp",
    "is_udp"
  ],
  "metrics": {
    "macro_f1": 0.8213988239040573,
    "weighted_f1": 0.8986991406542771,
    "balanced_accuracy": 0.9219435582668674,
    "per_class": {
      "0": {
        "precision": 0.9943431849190031,
        "recall": 0.873422822756927,
        "f1-score": 0.9299687731673894,
        "support": 473948.0
      },
      "1": {
        "precision": 0.5632889277134746,
        "recall": 0.9704642937768079,
        "f1-score": 0.7128288746407252,
        "support": 79734.0
      }
    },
    "fpr": 0.12657717724307307,
    "attack_recall": 0.9704642937768079,
    "attack_precision": 0.5632889277134746,
    "auc_pr": 0.8724894355679819,
    "confusion_matrix": [
      [
        413957,
        59991
      ],
      [
        2355,
        77379
      ]
    ],
    "class_order": [
      "0",
      "1"
    ]
  },
  "feature_importances": null,
  "wall_seconds": 3.5
}