{
  "config": {
    "tool": "nfstream",
    "regime": "common",
    "model": "logreg",
    "task": "binary",
    "split": "temporal",
    "seed": 1,
    "include_port": false,
    "dataset": "cicids2017",
    "n_features": 9,
    "subsample_benign": null,
    "max_train": 400000
  },
  "config_hash": "00c29eb4606fed39",
  "git_commit": null,
  "n_train": 400000,
  "n_test": 844230,
  "n_test_unseen_class": 0,
  "features": [
    "duration",
    "pkts_fwd",
    "pkts_bwd",
    "bytes_fwd",
    "bytes_bwd",
    "tot_pkts",
    "tot_bytes",
    "is_tcp",
    "is_udp"
  ],
  "metrics": {
    "macro_f1": 0.743004895581596,
    "weighted_f1": 0.7693461159844079,
    "balanced_accuracy": 0.8291351476748832,
    "per_class": {
      "0": {
        "precision": 0.9937000218983196,
        "recall": 0.6697683848574302,
        "f1-score": 0.800194167796244,
        "support": 616540.0
      },
      "1": {
        "precision": 0.525043564675172,
        "recall": 0.988501910492336,
        "f1-score": 0.6858156233669479,
        "support": 227690.0
      }
    },
    "fpr": 0.3302316151425698,
    "attack_recall": 0.988501910492336,
    "attack_precision": 0.525043564675172,
    "auc_pr": 0.8115184236228168,
    "confusion_matrix": [
      [
        412939,
        203601
      ],
      [
        2618,
        225072
      ]
    ],
    "class_order": [
      "0",
      "1"
    ]
  },
  "feature_importances": null,
  "wall_seconds": 3.7
}