{
  "config": {
    "tool": "nfstream",
    "regime": "common",
    "model": "rf",
    "task": "binary",
    "split": "temporal",
    "seed": 1,
    "include_port": false,
    "dataset": "cicids2017",
    "n_features": 9,
    "subsample_benign": null,
    "max_train": 400000
  },
  "config_hash": "8abc8d3a709c0195",
  "git_commit": null,
  "n_train": 400000,
  "n_test": 844230,
  "n_test_unseen_class": 0,
  "features": [
    "duration",
    "pkts_fwd",
    "pkts_bwd",
    "bytes_fwd",
    "bytes_bwd",
    "tot_pkts",
    "tot_bytes",
    "is_tcp",
    "is_udp"
  ],
  "metrics": {
    "macro_f1": 0.482450249796457,
    "weighted_f1": 0.6526165207750367,
    "balanced_accuracy": 0.5297754655245651,
    "per_class": {
      "0": {
        "precision": 0.742224213388829,
        "recall": 0.9996009991241445,
        "f1-score": 0.8518972626503759,
        "support": 616540.0
      },
      "1": {
        "precision": 0.9822970639032815,
        "recall": 0.059949931924985725,
        "f1-score": 0.11300323694253805,
        "support": 227690.0
      }
    },
    "fpr": 0.00039900087585558114,
    "attack_recall": 0.059949931924985725,
    "attack_precision": 0.9822970639032815,
    "auc_pr": 0.8910707784120416,
    "confusion_matrix": [
      [
        616294,
        246
      ],
      [
        214040,
        13650
      ]
    ],
    "class_order": [
      "0",
      "1"
    ]
  },
  "feature_importances": {
    "duration": 0.3159736398723954,
    "is_tcp": 0.14298011080073902,
    "bytes_bwd": 0.09260987086470995,
    "is_udp": 0.08890066411571729,
    "pkts_bwd": 0.08850042160170002,
    "bytes_fwd": 0.08223633067258815,
    "tot_bytes": 0.07109173094036517,
    "tot_pkts": 0.06537264897079603,
    "pkts_fwd": 0.052334582160989004
  },
  "wall_seconds": 9.8
}