{
  "config": {
    "tool": "tranalyzer",
    "regime": "common",
    "model": "rf",
    "task": "binary",
    "split": "stratified",
    "seed": 0,
    "include_port": false,
    "dataset": "cicids2017",
    "n_features": 9,
    "subsample_benign": null,
    "max_train": 400000
  },
  "config_hash": "5bd635752b9de6df",
  "git_commit": null,
  "n_train": 400000,
  "n_test": 604161,
  "n_test_unseen_class": 0,
  "features": [
    "duration",
    "pkts_fwd",
    "pkts_bwd",
    "bytes_fwd",
    "bytes_bwd",
    "tot_pkts",
    "tot_bytes",
    "is_tcp",
    "is_udp"
  ],
  "metrics": {
    "macro_f1": 0.9900526533546521,
    "weighted_f1": 0.9931305440950039,
    "balanced_accuracy": 0.9935749256649953,
    "per_class": {
      "0": {
        "precision": 0.9984084903302436,
        "recall": 0.9927355220228385,
        "f1-score": 0.9955639247496786,
        "support": 470784.0
      },
      "1": {
        "precision": 0.9748625525534355,
        "recall": 0.9944143293071519,
        "f1-score": 0.9845413819596257,
        "support": 133377.0
      }
    },
    "fpr": 0.007264477977161501,
    "attack_recall": 0.9944143293071519,
    "attack_precision": 0.9748625525534355,
    "auc_pr": 0.989613713021115,
    "confusion_matrix": [
      [
        467364,
        3420
      ],
      [
        745,
        132632
      ]
    ],
    "class_order": [
      "0",
      "1"
    ]
  },
  "feature_importances": {
    "is_tcp": 0.1655848431856289,
    "bytes_bwd": 0.16438438079720732,
    "tot_bytes": 0.11757622881916588,
    "pkts_bwd": 0.11261225822106218,
    "is_udp": 0.11137648865870621,
    "bytes_fwd": 0.09734360441031335,
    "pkts_fwd": 0.09705244498908944,
    "tot_pkts": 0.09618993192992233,
    "duration": 0.037879818988904246
  },
  "wall_seconds": 9.3
}