{
  "config": {
    "tool": "tranalyzer",
    "regime": "common",
    "model": "xgb",
    "task": "binary",
    "split": "temporal",
    "seed": 4,
    "include_port": false,
    "dataset": "cicids2017",
    "n_features": 9,
    "subsample_benign": null,
    "max_train": 400000
  },
  "config_hash": "7ade4cca2cf95527",
  "git_commit": null,
  "n_train": 400000,
  "n_test": 875542,
  "n_test_unseen_class": 0,
  "features": [
    "duration",
    "pkts_fwd",
    "pkts_bwd",
    "bytes_fwd",
    "bytes_bwd",
    "tot_pkts",
    "tot_bytes",
    "is_tcp",
    "is_udp"
  ],
  "metrics": {
    "macro_f1": 0.7032633719312156,
    "weighted_f1": 0.7735446944018916,
    "balanced_accuracy": 0.6791092546038123,
    "per_class": {
      "0": {
        "precision": 0.7842875210576712,
        "recall": 0.9997095556200988,
        "f1-score": 0.8789921680982352,
        "support": 612854.0
      },
      "1": {
        "precision": 0.9981134875045043,
        "recall": 0.3585089535875259,
        "f1-score": 0.5275345757641958,
        "support": 262688.0
      }
    },
    "fpr": 0.0002904443799012489,
    "attack_recall": 0.3585089535875259,
    "attack_precision": 0.9981134875045043,
    "auc_pr": 0.986617040778969,
    "confusion_matrix": [
      [
        612676,
        178
      ],
      [
        168512,
        94176
      ]
    ],
    "class_order": [
      "0",
      "1"
    ]
  },
  "feature_importances": {
    "bytes_bwd": 0.36652201414108276,
    "tot_bytes": 0.23434117436408997,
    "pkts_bwd": 0.14631299674510956,
    "is_tcp": 0.12646354734897614,
    "tot_pkts": 0.05196500942111015,
    "is_udp": 0.04780503362417221,
    "duration": 0.014078584499657154,
    "pkts_fwd": 0.007692778017371893,
    "bytes_fwd": 0.004818837158381939
  },
  "wall_seconds": 4.5
}