{
  "config": {
    "tool": "tranalyzer",
    "regime": "common",
    "model": "logreg",
    "task": "binary",
    "split": "stratified",
    "seed": 0,
    "include_port": false,
    "dataset": "cicids2017",
    "n_features": 9,
    "subsample_benign": null,
    "max_train": 400000
  },
  "config_hash": "a9dda093d90ec216",
  "git_commit": null,
  "n_train": 400000,
  "n_test": 604161,
  "n_test_unseen_class": 0,
  "features": [
    "duration",
    "pkts_fwd",
    "pkts_bwd",
    "bytes_fwd",
    "bytes_bwd",
    "tot_pkts",
    "tot_bytes",
    "is_tcp",
    "is_udp"
  ],
  "metrics": {
    "macro_f1": 0.8804345121039169,
    "weighted_f1": 0.9122040446032874,
    "balanced_accuracy": 0.9326888312542798,
    "per_class": {
      "0": {
        "precision": 0.992961411329704,
        "recall": 0.8875853894779772,
        "f1-score": 0.9373210394265635,
        "support": 470784.0
      },
      "1": {
        "precision": 0.7113364387088329,
        "recall": 0.9777922730305825,
        "f1-score": 0.8235479847812702,
        "support": 133377.0
      }
    },
    "fpr": 0.11241461052202284,
    "attack_recall": 0.9777922730305825,
    "attack_precision": 0.7113364387088329,
    "auc_pr": 0.8850395052465914,
    "confusion_matrix": [
      [
        417861,
        52923
      ],
      [
        2962,
        130415
      ]
    ],
    "class_order": [
      "0",
      "1"
    ]
  },
  "feature_importances": null,
  "wall_seconds": 3.8
}