{
  "config": {
    "tool": "tranalyzer",
    "regime": "common",
    "model": "xgb",
    "task": "binary",
    "split": "stratified",
    "seed": 2,
    "include_port": false,
    "dataset": "cicids2017",
    "n_features": 9,
    "subsample_benign": null,
    "max_train": 400000
  },
  "config_hash": "752236e30950388d",
  "git_commit": null,
  "n_train": 400000,
  "n_test": 604161,
  "n_test_unseen_class": 0,
  "features": [
    "duration",
    "pkts_fwd",
    "pkts_bwd",
    "bytes_fwd",
    "bytes_bwd",
    "tot_pkts",
    "tot_bytes",
    "is_tcp",
    "is_udp"
  ],
  "metrics": {
    "macro_f1": 0.9894250257464052,
    "weighted_f1": 0.9926944375128819,
    "balanced_accuracy": 0.9933031650444787,
    "per_class": {
      "0": {
        "precision": 0.9984161082432909,
        "recall": 0.9921620106035889,
        "f1-score": 0.9952792347054555,
        "support": 470784.0
      },
      "1": {
        "precision": 0.9729325293781084,
        "recall": 0.9944443194853685,
        "f1-score": 0.983570816787355,
        "support": 133377.0
      }
    },
    "fpr": 0.007837989396411093,
    "attack_recall": 0.9944443194853685,
    "attack_precision": 0.9729325293781084,
    "auc_pr": 0.9899780562334277,
    "confusion_matrix": [
      [
        467094,
        3690
      ],
      [
        741,
        132636
      ]
    ],
    "class_order": [
      "0",
      "1"
    ]
  },
  "feature_importances": {
    "is_tcp": 0.48941904306411743,
    "is_udp": 0.3504353165626526,
    "bytes_fwd": 0.03454362973570824,
    "pkts_fwd": 0.030693823471665382,
    "tot_bytes": 0.02661874145269394,
    "bytes_bwd": 0.024227527901530266,
    "tot_pkts": 0.021876228973269463,
    "pkts_bwd": 0.018855446949601173,
    "duration": 0.003330249572172761
  },
  "wall_seconds": 4.3
}