{
  "config": {
    "tool": "tranalyzer",
    "regime": "common",
    "model": "mlp",
    "task": "binary",
    "split": "stratified",
    "seed": 1,
    "include_port": false,
    "dataset": "cicids2017",
    "n_features": 9,
    "subsample_benign": null,
    "max_train": 400000
  },
  "config_hash": "c074ff9c0ff5bd0a",
  "git_commit": null,
  "n_train": 400000,
  "n_test": 604161,
  "n_test_unseen_class": 0,
  "features": [
    "duration",
    "pkts_fwd",
    "pkts_bwd",
    "bytes_fwd",
    "bytes_bwd",
    "tot_pkts",
    "tot_bytes",
    "is_tcp",
    "is_udp"
  ],
  "metrics": {
    "macro_f1": 0.9874849492897241,
    "weighted_f1": 0.9913582600559923,
    "balanced_accuracy": 0.990884041143774,
    "per_class": {
      "0": {
        "precision": 0.9971763539937931,
        "recall": 0.9916798361881457,
        "f1-score": 0.9944204998439785,
        "support": 470784.0
      },
      "1": {
        "precision": 0.9711925984761569,
        "recall": 0.9900882460994025,
        "f1-score": 0.9805493987354696,
        "support": 133377.0
      }
    },
    "fpr": 0.008320163811854268,
    "attack_recall": 0.9900882460994025,
    "attack_precision": 0.9711925984761569,
    "auc_pr": 0.9929457840919663,
    "confusion_matrix": [
      [
        466867,
        3917
      ],
      [
        1322,
        132055
      ]
    ],
    "class_order": [
      "0",
      "1"
    ]
  },
  "feature_importances": null,
  "wall_seconds": 23.8
}