{
  "config": {
    "tool": "tranalyzer",
    "regime": "common",
    "model": "mlp",
    "task": "binary",
    "split": "stratified",
    "seed": 2,
    "include_port": false,
    "dataset": "cicids2017",
    "n_features": 9,
    "subsample_benign": null,
    "max_train": 400000
  },
  "config_hash": "1d867e97ec2b4a95",
  "git_commit": null,
  "n_train": 400000,
  "n_test": 604161,
  "n_test_unseen_class": 0,
  "features": [
    "duration",
    "pkts_fwd",
    "pkts_bwd",
    "bytes_fwd",
    "bytes_bwd",
    "tot_pkts",
    "tot_bytes",
    "is_tcp",
    "is_udp"
  ],
  "metrics": {
    "macro_f1": 0.9876391406865519,
    "weighted_f1": 0.9914617710603497,
    "balanced_accuracy": 0.9913787009479109,
    "per_class": {
      "0": {
        "precision": 0.9975167225867116,
        "recall": 0.9914695486677542,
        "f1-score": 0.9944839429261735,
        "support": 470784.0
      },
      "1": {
        "precision": 0.9705206597617282,
        "recall": 0.9912878532280678,
        "f1-score": 0.9807943384469303,
        "support": 133377.0
      }
    },
    "fpr": 0.008530451332245786,
    "attack_recall": 0.9912878532280678,
    "attack_precision": 0.9705206597617282,
    "auc_pr": 0.9911172933092804,
    "confusion_matrix": [
      [
        466768,
        4016
      ],
      [
        1162,
        132215
      ]
    ],
    "class_order": [
      "0",
      "1"
    ]
  },
  "feature_importances": null,
  "wall_seconds": 30.1
}