{
  "config": {
    "tool": "tranalyzer",
    "regime": "common",
    "model": "mlp",
    "task": "binary",
    "split": "stratified",
    "seed": 4,
    "include_port": false,
    "dataset": "cicids2017",
    "n_features": 9,
    "subsample_benign": null,
    "max_train": 400000
  },
  "config_hash": "0c99dc81de402ef7",
  "git_commit": null,
  "n_train": 400000,
  "n_test": 604161,
  "n_test_unseen_class": 0,
  "features": [
    "duration",
    "pkts_fwd",
    "pkts_bwd",
    "bytes_fwd",
    "bytes_bwd",
    "tot_pkts",
    "tot_bytes",
    "is_tcp",
    "is_udp"
  ],
  "metrics": {
    "macro_f1": 0.9870629005514564,
    "weighted_f1": 0.9910598840853548,
    "balanced_accuracy": 0.9912195297702421,
    "per_class": {
      "0": {
        "precision": 0.9975962772236574,
        "recall": 0.9908662996193583,
        "f1-score": 0.9942198995728864,
        "support": 470784.0
      },
      "1": {
        "precision": 0.9685103952311557,
        "recall": 0.9915727599211258,
        "f1-score": 0.9799059015300263,
        "support": 133377.0
      }
    },
    "fpr": 0.009133700380641653,
    "attack_recall": 0.9915727599211258,
    "attack_precision": 0.9685103952311557,
    "auc_pr": 0.9908937101338705,
    "confusion_matrix": [
      [
        466484,
        4300
      ],
      [
        1124,
        132253
      ]
    ],
    "class_order": [
      "0",
      "1"
    ]
  },
  "feature_importances": null,
  "wall_seconds": 26.4
}