{
  "config": {
    "tool": "tranalyzer",
    "regime": "common",
    "model": "rf",
    "task": "multiclass",
    "split": "stratified",
    "seed": 1,
    "include_port": false,
    "dataset": "cicids2017",
    "n_features": 9,
    "subsample_benign": null,
    "max_train": 400000
  },
  "config_hash": "b240adcef6228117",
  "git_commit": null,
  "n_train": 400000,
  "n_test": 604161,
  "n_test_unseen_class": 0,
  "features": [
    "duration",
    "pkts_fwd",
    "pkts_bwd",
    "bytes_fwd",
    "bytes_bwd",
    "tot_pkts",
    "tot_bytes",
    "is_tcp",
    "is_udp"
  ],
  "metrics": {
    "macro_f1": 0.637899481356332,
    "weighted_f1": 0.9900441119779659,
    "balanced_accuracy": 0.6774046658963654,
    "per_class": {
      "BENIGN": {
        "precision": 0.9985500520740885,
        "recall": 0.991803034937466,
        "f1-score": 0.9951651077860201,
        "support": 470784.0
      },
      "Bot": {
        "precision": 0.8397212543554007,
        "recall": 0.16724496877168632,
        "f1-score": 0.2789351851851852,
        "support": 1441.0
      },
      "DDoS": {
        "precision": 0.999860670869762,
        "recall": 1.0,
        "f1-score": 0.9999303305813912,
        "support": 28705.0
      },
      "DoS GoldenEye": {
        "precision": 0.998661311914324,
        "recall": 0.9951089373054691,
        "f1-score": 0.9968819599109131,
        "support": 2249.0
      },
      "DoS Hulk": {
        "precision": 0.9997907730934198,
        "recall": 0.9997489382178798,
        "f1-score": 0.9997698552180099,
        "support": 47797.0
      },
      "DoS Slowhttptest": {
        "precision": 0.9106012658227848,
        "recall": 0.9098814229249012,
        "f1-score": 0.9102412020561487,
        "support": 1265.0
      },
      "DoS slowloris": {
        "precision": 0.81657223796034,
        "recall": 0.9871575342465754,
        "f1-score": 0.8937984496124031,
        "support": 1168.0
      },
      "FTP-Patator": {
        "precision": 1.0,
        "recall": 0.9991652754590985,
        "f1-score": 0.9995824634655532,
        "support": 1198.0
      },
      "Heartbleed": {
        "precision": 0.0,
        "recall": 0.0,
        "f1-score": 0.0,
        "support": 0.0
      },
      "Infiltration": {
        "precision": 0.6,
        "recall": 0.23076923076923078,
        "f1-score": 0.3333333333333333,
        "support": 13.0
      },
      "PortScan": {
        "precision": 0.9250506024096385,
        "recall": 0.9991047262127837,
        "f1-score": 0.9606526199889895,
        "support": 48030.0
      },
      "SSH-Patator": {
        "precision": 1.0,
        "recall": 0.9910514541387024,
        "f1-score": 0.9955056179775281,
        "support": 894.0
      },
      "Web Attack - Brute Force": {
        "precision": 0.16930022573363432,
        "recall": 0.18292682926829268,
        "f1-score": 0.17584994138335286,
        "support": 410.0
      },
      "Web Attack - Sql Injection": {
        "precision": 0.0,
        "recall": 0.0,
        "f1-score": 0.0,
        "support": 5.0
      },
      "Web Attack - XSS": {
        "precision": 0.028037383177570093,
        "recall": 0.0297029702970297,
        "f1-score": 0.028846153846153848,
        "support": 202.0
      }
    },
    "confusion_matrix": [
      [
        466925,
        46,
        4,
        0,
        8,
        97,
        206,
        0,
        230,
        2,
        2714,
        0,
        362,
        0,
        190
      ],
      [
        34,
        241,
        0,
        0,
        0,
        0,
        0,
        0,
        0,
        0,
        1166,
        0,
        0,
        0,
        0
      ],
      [
        0,
        0,
        28705,
        0,
        0,
        0,
        0,
        0,
        0,
        0,
        0,
        0,
        0,
        0,
        0
      ],
      [
        7,
        0,
        0,
        2238,
        0,
        4,
        0,
        0,
        0,
        0,
        0,
        0,
        0,
        0,
        0
      ],
      [
        4,
        0,
        0,
        0,
        47785,
        1,
        7,
        0,
        0,
        0,
        0,
        0,
        0,
        0,
        0
      ],
      [
        106,
        0,
        0,
        3,
        0,
        1151,
        5,
        0,
        0,
        0,
        0,
        0,
        0,
        0,
        0
      ],
      [
        4,
        0,
        0,
        0,
        0,
        11,
        1153,
        0,
        0,
        0,
        0,
        0,
        0,
        0,
        0
      ],
      [
        1,
        0,
        0,
        0,
        0,
        0,
        0,
        1197,
        0,
        0,
        0,
        0,
        0,
        0,
        0
      ],
      [
        0,
        0,
        0,
        0,
        0,
        0,
        0,
        0,
        0,
        0,
        0,
        0,
        0,
        0,
        0
      ],
      [
        2,
        0,
        0,
        0,
        0,
        0,
        0,
        0,
        0,
        3,
        8,
        0,
        0,
        0,
        0
      ],
      [
        2,
        0,
        0,
        0,
        0,
        0,
        41,
        0,
        0,
        0,
        47987,
        0,
        0,
        0,
        0
      ],
      [
        8,
        0,
        0,
        0,
        0,
        0,
        0,
        0,
        0,
        0,
        0,
        886,
        0,
        0,
        0
      ],
      [
        316,
        0,
        0,
        0,
        1,
        0,
        0,
        0,
        0,
        0,
        0,
        0,
        75,
        0,
        18
      ],
      [
        4,
        0,
        0,
        0,
        0,
        0,
        0,
        0,
        0,
        0,
        0,
        0,
        1,
        0,
        0
      ],
      [
        190,
        0,
        0,
        0,
        1,
        0,
        0,
        0,
        0,
        0,
        0,
        0,
        5,
        0,
        6
      ]
    ],
    "class_order": [
      "BENIGN",
      "Bot",
      "DDoS",
      "DoS GoldenEye",
      "DoS Hulk",
      "DoS Slowhttptest",
      "DoS slowloris",
      "FTP-Patator",
      "Heartbleed",
      "Infiltration",
      "PortScan",
      "SSH-Patator",
      "Web Attack - Brute Force",
      "Web Attack - Sql Injection",
      "Web Attack - XSS"
    ]
  },
  "feature_importances": {
    "duration": 0.25789048452910335,
    "bytes_bwd": 0.15811001064593716,
    "tot_bytes": 0.12758295704844072,
    "bytes_fwd": 0.11592511148615932,
    "pkts_bwd": 0.115306901762704,
    "tot_pkts": 0.10732561537081879,
    "pkts_fwd": 0.09120211160100225,
    "is_tcp": 0.019028096813621265,
    "is_udp": 0.007628710742213167
  },
  "wall_seconds": 13.3
}