{
  "config": {
    "tool": "tranalyzer",
    "regime": "common",
    "model": "xgb",
    "task": "binary",
    "split": "stratified",
    "seed": 3,
    "include_port": false,
    "dataset": "cicids2017",
    "n_features": 9,
    "subsample_benign": null,
    "max_train": 400000
  },
  "config_hash": "6c93fe1e9a768a4e",
  "git_commit": null,
  "n_train": 400000,
  "n_test": 604161,
  "n_test_unseen_class": 0,
  "features": [
    "duration",
    "pkts_fwd",
    "pkts_bwd",
    "bytes_fwd",
    "bytes_bwd",
    "tot_pkts",
    "tot_bytes",
    "is_tcp",
    "is_udp"
  ],
  "metrics": {
    "macro_f1": 0.9894789442095302,
    "weighted_f1": 0.9927320266645556,
    "balanced_accuracy": 0.9933114720981464,
    "per_class": {
      "0": {
        "precision": 0.9984034026545835,
        "recall": 0.9922236099782491,
        "f1-score": 0.9953039139022473,
        "support": 470784.0
      },
      "1": {
        "precision": 0.9731383583655561,
        "recall": 0.9943993342180436,
        "f1-score": 0.9836539745168132,
        "support": 133377.0
      }
    },
    "fpr": 0.007776390021750952,
    "attack_recall": 0.9943993342180436,
    "attack_precision": 0.9731383583655561,
    "auc_pr": 0.9899835048388708,
    "confusion_matrix": [
      [
        467123,
        3661
      ],
      [
        747,
        132630
      ]
    ],
    "class_order": [
      "0",
      "1"
    ]
  },
  "feature_importances": {
    "is_tcp": 0.48943111300468445,
    "is_udp": 0.3335249722003937,
    "pkts_fwd": 0.035871535539627075,
    "tot_pkts": 0.03466757759451866,
    "tot_bytes": 0.030283460393548012,
    "bytes_fwd": 0.028349487110972404,
    "bytes_bwd": 0.0260839331895113,
    "pkts_bwd": 0.018519902601838112,
    "duration": 0.0032680209260433912
  },
  "wall_seconds": 4.4
}