{
  "config": {
    "tool": "tranalyzer",
    "regime": "common",
    "model": "mlp",
    "task": "binary",
    "split": "temporal",
    "seed": 0,
    "include_port": false,
    "dataset": "cicids2017",
    "n_features": 9,
    "subsample_benign": null,
    "max_train": 400000
  },
  "config_hash": "d3e2195c4cb325a3",
  "git_commit": null,
  "n_train": 400000,
  "n_test": 875542,
  "n_test_unseen_class": 0,
  "features": [
    "duration",
    "pkts_fwd",
    "pkts_bwd",
    "bytes_fwd",
    "bytes_bwd",
    "tot_pkts",
    "tot_bytes",
    "is_tcp",
    "is_udp"
  ],
  "metrics": {
    "macro_f1": 0.7063257170241207,
    "weighted_f1": 0.775614372753862,
    "balanced_accuracy": 0.6816192404799282,
    "per_class": {
      "0": {
        "precision": 0.7856877931711574,
        "recall": 0.9989393885003606,
        "f1-score": 0.879572486313341,
        "support": 612854.0
      },
      "1": {
        "precision": 0.9932535522642116,
        "recall": 0.36429909245949565,
        "f1-score": 0.5330789477349005,
        "support": 262688.0
      }
    },
    "fpr": 0.001060611499639392,
    "attack_recall": 0.36429909245949565,
    "attack_precision": 0.9932535522642116,
    "auc_pr": 0.9041694216706722,
    "confusion_matrix": [
      [
        612204,
        650
      ],
      [
        166991,
        95697
      ]
    ],
    "class_order": [
      "0",
      "1"
    ]
  },
  "feature_importances": null,
  "wall_seconds": 19.8
}