{
  "config": {
    "tool": "tranalyzer",
    "regime": "common",
    "model": "xgb",
    "task": "multiclass",
    "split": "stratified",
    "seed": 4,
    "include_port": false,
    "dataset": "cicids2017",
    "n_features": 9,
    "subsample_benign": null,
    "max_train": 400000
  },
  "config_hash": "9eafdbabff125840",
  "git_commit": null,
  "n_train": 400000,
  "n_test": 604161,
  "n_test_unseen_class": 0,
  "features": [
    "duration",
    "pkts_fwd",
    "pkts_bwd",
    "bytes_fwd",
    "bytes_bwd",
    "tot_pkts",
    "tot_bytes",
    "is_tcp",
    "is_udp"
  ],
  "metrics": {
    "macro_f1": 0.6695233281805137,
    "weighted_f1": 0.9895332370214021,
    "balanced_accuracy": 0.6897856950400216,
    "per_class": {
      "BENIGN": {
        "precision": 0.9983968090086508,
        "recall": 0.9921046594616639,
        "f1-score": 0.9952407892171434,
        "support": 470784.0
      },
      "Bot": {
        "precision": 1.0,
        "recall": 0.15475364330326163,
        "f1-score": 0.26802884615384615,
        "support": 1441.0
      },
      "DDoS": {
        "precision": 1.0,
        "recall": 0.9999651628636126,
        "f1-score": 0.9999825811283946,
        "support": 28705.0
      },
      "DoS GoldenEye": {
        "precision": 0.9946666666666667,
        "recall": 0.9951089373054691,
        "f1-score": 0.9948877528339631,
        "support": 2249.0
      },
      "DoS Hulk": {
        "precision": 0.9997275432787023,
        "recall": 0.9979915057430383,
        "f1-score": 0.998858770194009,
        "support": 47797.0
      },
      "DoS Slowhttptest": {
        "precision": 0.9251134644478064,
        "recall": 0.966798418972332,
        "f1-score": 0.9454967143409354,
        "support": 1265.0
      },
      "DoS slowloris": {
        "precision": 0.9956634865568084,
        "recall": 0.9828767123287672,
        "f1-score": 0.989228780697975,
        "support": 1168.0
      },
      "FTP-Patator": {
        "precision": 1.0,
        "recall": 0.994991652754591,
        "f1-score": 0.9974895397489539,
        "support": 1198.0
      },
      "Heartbleed": {
        "precision": 0.0,
        "recall": 0.0,
        "f1-score": 0.0,
        "support": 0.0
      },
      "Infiltration": {
        "precision": 1.0,
        "recall": 0.07692307692307693,
        "f1-score": 0.14285714285714285,
        "support": 13.0
      },
      "PortScan": {
        "precision": 0.9081431868921936,
        "recall": 0.999354570060379,
        "f1-score": 0.9515681376630586,
        "support": 48030.0
      },
      "SSH-Patator": {
        "precision": 1.0,
        "recall": 0.9888143176733781,
        "f1-score": 0.9943757030371203,
        "support": 894.0
      },
      "Web Attack - Brute Force": {
        "precision": 0.9777777777777777,
        "recall": 0.1073170731707317,
        "f1-score": 0.1934065934065934,
        "support": 410.0
      },
      "Web Attack - Sql Injection": {
        "precision": 1.0,
        "recall": 0.4,
        "f1-score": 0.5714285714285714,
        "support": 5.0
      },
      "Web Attack - XSS": {
        "precision": 0.0,
        "recall": 0.0,
        "f1-score": 0.0,
        "support": 202.0
      }
    },
    "confusion_matrix": [
      [
        467067,
        0,
        0,
        11,
        12,
        98,
        3,
        0,
        0,
        3592,
        0,
        1,
        0,
        0
      ],
      [
        52,
        223,
        0,
        0,
        0,
        0,
        0,
        0,
        0,
        1166,
        0,
        0,
        0,
        0
      ],
      [
        1,
        0,
        28704,
        0,
        0,
        0,
        0,
        0,
        0,
        0,
        0,
        0,
        0,
        0
      ],
      [
        11,
        0,
        0,
        2238,
        0,
        0,
        0,
        0,
        0,
        0,
        0,
        0,
        0,
        0
      ],
      [
        8,
        0,
        0,
        0,
        47701,
        0,
        0,
        0,
        0,
        88,
        0,
        0,
        0,
        0
      ],
      [
        39,
        0,
        0,
        1,
        0,
        1223,
        2,
        0,
        0,
        0,
        0,
        0,
        0,
        0
      ],
      [
        18,
        0,
        0,
        0,
        1,
        1,
        1148,
        0,
        0,
        0,
        0,
        0,
        0,
        0
      ],
      [
        6,
        0,
        0,
        0,
        0,
        0,
        0,
        1192,
        0,
        0,
        0,
        0,
        0,
        0
      ],
      [
        3,
        0,
        0,
        0,
        0,
        0,
        0,
        0,
        1,
        9,
        0,
        0,
        0,
        0
      ],
      [
        31,
        0,
        0,
        0,
        0,
        0,
        0,
        0,
        0,
        47999,
        0,
        0,
        0,
        0
      ],
      [
        10,
        0,
        0,
        0,
        0,
        0,
        0,
        0,
        0,
        0,
        884,
        0,
        0,
        0
      ],
      [
        366,
        0,
        0,
        0,
        0,
        0,
        0,
        0,
        0,
        0,
        0,
        44,
        0,
        0
      ],
      [
        3,
        0,
        0,
        0,
        0,
        0,
        0,
        0,
        0,
        0,
        0,
        0,
        2,
        0
      ],
      [
        202,
        0,
        0,
        0,
        0,
        0,
        0,
        0,
        0,
        0,
        0,
        0,
        0,
        0
      ]
    ],
    "class_order": [
      "BENIGN",
      "Bot",
      "DDoS",
      "DoS GoldenEye",
      "DoS Hulk",
      "DoS Slowhttptest",
      "DoS slowloris",
      "FTP-Patator",
      "Heartbleed",
      "Infiltration",
      "PortScan",
      "SSH-Patator",
      "Web Attack - Brute Force",
      "Web Attack - Sql Injection",
      "Web Attack - XSS"
    ]
  },
  "feature_importances": {
    "tot_bytes": 0.30223724246025085,
    "bytes_fwd": 0.2907972037792206,
    "bytes_bwd": 0.12371254712343216,
    "pkts_fwd": 0.11332207173109055,
    "pkts_bwd": 0.10583411902189255,
    "tot_pkts": 0.04112861305475235,
    "duration": 0.00898465234786272,
    "is_tcp": 0.008670678362250328,
    "is_udp": 0.005312965717166662
  },
  "wall_seconds": 28.4
}