{
  "config": {
    "tool": "tranalyzer",
    "regime": "common",
    "model": "logreg",
    "task": "multiclass",
    "split": "stratified",
    "seed": 0,
    "include_port": false,
    "dataset": "cicids2017",
    "n_features": 9,
    "subsample_benign": null,
    "max_train": 400000
  },
  "config_hash": "39566aea6517c1ba",
  "git_commit": null,
  "n_train": 400000,
  "n_test": 604161,
  "n_test_unseen_class": 0,
  "features": [
    "duration",
    "pkts_fwd",
    "pkts_bwd",
    "bytes_fwd",
    "bytes_bwd",
    "tot_pkts",
    "tot_bytes",
    "is_tcp",
    "is_udp"
  ],
  "metrics": {
    "macro_f1": 0.45836695662389954,
    "weighted_f1": 0.8840834002925853,
    "balanced_accuracy": 0.7328218495624522,
    "per_class": {
      "BENIGN": {
        "precision": 0.9999808129813886,
        "recall": 0.7749265055736814,
        "f1-score": 0.8731854660166057,
        "support": 470784.0
      },
      "Bot": {
        "precision": 0.016356542617046818,
        "recall": 0.15128383067314366,
        "f1-score": 0.029521294603561513,
        "support": 1441.0
      },
      "DDoS": {
        "precision": 0.96956992155802,
        "recall": 0.9989897230447657,
        "f1-score": 0.9840599852439045,
        "support": 28705.0
      },
      "DoS GoldenEye": {
        "precision": 0.24333948826167237,
        "recall": 0.8203646064917741,
        "f1-score": 0.37534330180042724,
        "support": 2249.0
      },
      "DoS Hulk": {
        "precision": 0.938373751783167,
        "recall": 0.9633659016256251,
        "f1-score": 0.9507056066565497,
        "support": 47797.0
      },
      "DoS Slowhttptest": {
        "precision": 0.6439820022497188,
        "recall": 0.9051383399209486,
        "f1-score": 0.7525468287873809,
        "support": 1265.0
      },
      "DoS slowloris": {
        "precision": 0.38804422944022116,
        "recall": 0.961472602739726,
        "f1-score": 0.5529295913343181,
        "support": 1168.0
      },
      "FTP-Patator": {
        "precision": 0.6171753750646664,
        "recall": 0.9958263772954925,
        "f1-score": 0.762056850846375,
        "support": 1198.0
      },
      "Heartbleed": {
        "precision": 0.0,
        "recall": 0.0,
        "f1-score": 0.0,
        "support": 0.0
      },
      "Infiltration": {
        "precision": 0.0001562744178777934,
        "recall": 0.15384615384615385,
        "f1-score": 0.00031223167590352044,
        "support": 13.0
      },
      "PortScan": {
        "precision": 0.9029140929932926,
        "recall": 0.9921715594420154,
        "f1-score": 0.9454408380287279,
        "support": 48030.0
      },
      "SSH-Patator": {
        "precision": 0.42158273381294964,
        "recall": 0.9832214765100671,
        "f1-score": 0.5901309164149043,
        "support": 894.0
      },
      "Web Attack - Brute Force": {
        "precision": 0.030226501460026832,
        "recall": 0.9341463414634147,
        "f1-score": 0.058558214203807045,
        "support": 410.0
      },
      "Web Attack - Sql Injection": {
        "precision": 8.974512384827091e-05,
        "recall": 0.6,
        "f1-score": 0.00017946340442078187,
        "support": 5.0
      },
      "Web Attack - XSS": {
        "precision": 0.00026978902498246373,
        "recall": 0.024752475247524754,
        "f1-score": 0.0005337603416066186,
        "support": 202.0
      }
    },
    "confusion_matrix": [
      [
        364823,
        12742,
        877,
        4466,
        2921,
        500,
        1629,
        740,
        877,
        12771,
        3829,
        1206,
        12061,
        33369,
        17973
      ],
      [
        0,
        218,
        0,
        0,
        0,
        0,
        43,
        0,
        0,
        0,
        1177,
        0,
        0,
        3,
        0
      ],
      [
        0,
        6,
        28676,
        21,
        0,
        0,
        0,
        0,
        0,
        0,
        0,
        0,
        1,
        0,
        1
      ],
      [
        0,
        0,
        0,
        1845,
        103,
        28,
        0,
        0,
        0,
        0,
        0,
        0,
        0,
        29,
        244
      ],
      [
        0,
        0,
        0,
        1217,
        46046,
        104,
        12,
        0,
        0,
        7,
        102,
        0,
        1,
        1,
        307
      ],
      [
        0,
        0,
        0,
        33,
        0,
        1145,
        85,
        0,
        0,
        0,
        0,
        0,
        0,
        1,
        1
      ],
      [
        0,
        34,
        0,
        0,
        0,
        1,
        1123,
        0,
        0,
        0,
        8,
        0,
        0,
        1,
        1
      ],
      [
        0,
        0,
        0,
        0,
        0,
        0,
        0,
        1193,
        0,
        5,
        0,
        0,
        0,
        0,
        0
      ],
      [
        0,
        0,
        0,
        0,
        0,
        0,
        0,
        0,
        0,
        0,
        0,
        0,
        0,
        0,
        0
      ],
      [
        2,
        0,
        0,
        0,
        0,
        0,
        0,
        0,
        0,
        2,
        8,
        0,
        1,
        0,
        0
      ],
      [
        0,
        319,
        23,
        0,
        0,
        0,
        0,
        0,
        0,
        0,
        47654,
        0,
        33,
        1,
        0
      ],
      [
        4,
        9,
        0,
        0,
        0,
        0,
        2,
        0,
        0,
        0,
        0,
        879,
        0,
        0,
        0
      ],
      [
        1,
        0,
        0,
        0,
        0,
        0,
        0,
        0,
        0,
        8,
        0,
        0,
        383,
        18,
        0
      ],
      [
        0,
        0,
        0,
        0,
        0,
        0,
        0,
        0,
        0,
        0,
        0,
        0,
        1,
        3,
        1
      ],
      [
        0,
        0,
        0,
        0,
        0,
        0,
        0,
        0,
        0,
        5,
        0,
        0,
        190,
        2,
        5
      ]
    ],
    "class_order": [
      "BENIGN",
      "Bot",
      "DDoS",
      "DoS GoldenEye",
      "DoS Hulk",
      "DoS Slowhttptest",
      "DoS slowloris",
      "FTP-Patator",
      "Heartbleed",
      "Infiltration",
      "PortScan",
      "SSH-Patator",
      "Web Attack - Brute Force",
      "Web Attack - Sql Injection",
      "Web Attack - XSS"
    ]
  },
  "feature_importances": null,
  "wall_seconds": 40.4
}