{
  "config": {
    "tool": "yaf",
    "regime": "common",
    "model": "logreg",
    "task": "multiclass",
    "split": "stratified",
    "seed": 2,
    "include_port": false,
    "dataset": "cicids2017",
    "n_features": 9,
    "subsample_benign": null,
    "max_train": 400000
  },
  "config_hash": "759cab454b75c777",
  "git_commit": null,
  "n_train": 400000,
  "n_test": 694754,
  "n_test_unseen_class": 0,
  "features": [
    "duration",
    "pkts_fwd",
    "pkts_bwd",
    "bytes_fwd",
    "bytes_bwd",
    "tot_pkts",
    "tot_bytes",
    "is_tcp",
    "is_udp"
  ],
  "metrics": {
    "macro_f1": 0.33649382758458146,
    "weighted_f1": 0.7445347433324271,
    "balanced_accuracy": 0.6144637428792231,
    "per_class": {
      "BENIGN": {
        "precision": 0.9998844672266965,
        "recall": 0.6326390852622811,
        "f1-score": 0.7749548161186869,
        "support": 519843.0
      },
      "Bot": {
        "precision": 0.010052423931254391,
        "recall": 0.12907702984038863,
        "f1-score": 0.01865222623345367,
        "support": 1441.0
      },
      "DDoS": {
        "precision": 0.7327167980594299,
        "recall": 0.8457580848383033,
        "f1-score": 0.7851897582531843,
        "support": 28572.0
      },
      "DoS GoldenEye": {
        "precision": 0.1706878306878307,
        "recall": 0.7099471830985915,
        "f1-score": 0.27520900870158677,
        "support": 2272.0
      },
      "DoS Hulk": {
        "precision": 0.5410363185915344,
        "recall": 0.7006621612396751,
        "f1-score": 0.6105889351576442,
        "support": 87894.0
      },
      "DoS Slowhttptest": {
        "precision": 0.334485738980121,
        "recall": 0.8612759643916914,
        "f1-score": 0.4818427059555924,
        "support": 1348.0
      },
      "DoS slowloris": {
        "precision": 0.27498769079271296,
        "recall": 0.9555175363558597,
        "f1-score": 0.42706939399732363,
        "support": 1169.0
      },
      "FTP-Patator": {
        "precision": 0.3403019744483159,
        "recall": 0.4861053504769805,
        "f1-score": 0.4003415883859949,
        "support": 2411.0
      },
      "Heartbleed": {
        "precision": 0.0,
        "recall": 0.0,
        "f1-score": 0.0,
        "support": 0.0
      },
      "Infiltration": {
        "precision": 0.0,
        "recall": 0.0,
        "f1-score": 0.0,
        "support": 15.0
      },
      "PortScan": {
        "precision": 0.577529847372087,
        "recall": 0.9791576025027452,
        "f1-score": 0.7265334358186011,
        "support": 48267.0
      },
      "SSH-Patator": {
        "precision": 0.35691318327974275,
        "recall": 0.9823008849557522,
        "f1-score": 0.5235849056603774,
        "support": 904.0
      },
      "Web Attack - Brute Force": {
        "precision": 0.0008315316813570597,
        "recall": 0.06097560975609756,
        "f1-score": 0.0016406890894175555,
        "support": 410.0
      },
      "Web Attack - Sql Injection": {
        "precision": 5.5632823365785815e-05,
        "recall": 0.3333333333333333,
        "f1-score": 0.00011124707976415619,
        "support": 6.0
      },
      "Web Attack - XSS": {
        "precision": 0.010972890505809177,
        "recall": 0.9257425742574258,
        "f1-score": 0.0216887033170958,
        "support": 202.0
      }
    },
    "confusion_matrix": [
      [
        328873,
        18107,
        1205,
        4755,
        48828,
        1655,
        2750,
        2265,
        217,
        12352,
        15475,
        1600,
        29870,
        35655,
        16236
      ],
      [
        0,
        186,
        0,
        0,
        1,
        0,
        56,
        0,
        0,
        0,
        1195,
        0,
        1,
        2,
        0
      ],
      [
        8,
        0,
        24165,
        1776,
        2183,
        53,
        0,
        0,
        0,
        67,
        0,
        0,
        64,
        43,
        213
      ],
      [
        28,
        0,
        393,
        1613,
        2,
        45,
        0,
        0,
        0,
        15,
        22,
        0,
        88,
        42,
        24
      ],
      [
        0,
        17,
        7201,
        1277,
        61584,
        551,
        40,
        0,
        0,
        37,
        17138,
        0,
        0,
        49,
        0
      ],
      [
        0,
        0,
        0,
        27,
        49,
        1161,
        99,
        0,
        0,
        10,
        0,
        0,
        0,
        2,
        0
      ],
      [
        0,
        41,
        0,
        0,
        9,
        0,
        1117,
        0,
        0,
        0,
        0,
        0,
        0,
        2,
        0
      ],
      [
        0,
        2,
        0,
        0,
        489,
        4,
        0,
        1172,
        0,
        0,
        731,
        0,
        0,
        7,
        6
      ],
      [
        0,
        0,
        0,
        0,
        0,
        0,
        0,
        0,
        0,
        0,
        0,
        0,
        0,
        0,
        0
      ],
      [
        0,
        0,
        0,
        0,
        0,
        0,
        0,
        0,
        2,
        0,
        11,
        0,
        1,
        0,
        1
      ],
      [
        0,
        146,
        9,
        0,
        676,
        2,
        0,
        7,
        0,
        0,
        47261,
        0,
        7,
        143,
        16
      ],
      [
        2,
        4,
        0,
        0,
        4,
        0,
        0,
        0,
        0,
        1,
        0,
        888,
        3,
        1,
        1
      ],
      [
        0,
        0,
        0,
        1,
        1,
        0,
        0,
        0,
        0,
        23,
        0,
        0,
        25,
        2,
        358
      ],
      [
        0,
        0,
        0,
        0,
        0,
        0,
        0,
        0,
        0,
        4,
        0,
        0,
        0,
        2,
        0
      ],
      [
        0,
        0,
        7,
        1,
        0,
        0,
        0,
        0,
        0,
        1,
        0,
        0,
        6,
        0,
        187
      ]
    ],
    "class_order": [
      "BENIGN",
      "Bot",
      "DDoS",
      "DoS GoldenEye",
      "DoS Hulk",
      "DoS Slowhttptest",
      "DoS slowloris",
      "FTP-Patator",
      "Heartbleed",
      "Infiltration",
      "PortScan",
      "SSH-Patator",
      "Web Attack - Brute Force",
      "Web Attack - Sql Injection",
      "Web Attack - XSS"
    ]
  },
  "feature_importances": null,
  "wall_seconds": 87.1
}