{
  "config": {
    "tool": "yaf",
    "regime": "native",
    "model": "rf",
    "task": "multiclass",
    "split": "stratified",
    "seed": 2,
    "include_port": false,
    "dataset": "cicids2017",
    "n_features": 14,
    "subsample_benign": null,
    "max_train": 400000
  },
  "config_hash": "a0bdae61e997ba82",
  "git_commit": null,
  "n_train": 400000,
  "n_test": 694754,
  "n_test_unseen_class": 0,
  "features": [
    "tool_flowDurationMicroseconds",
    "tool_flowDurationMilliseconds",
    "tool_reverseFlowDeltaMicroseconds",
    "tool_reverseFlowDeltaMilliseconds",
    "tool_protocolIdentifier",
    "tool_sourceTransportPort",
    "tool_packetTotalCount",
    "tool_octetTotalCount",
    "tool_flowAttributes",
    "tool_destinationTransportPort",
    "tool_reversePacketTotalCount",
    "tool_reverseOctetTotalCount",
    "tool_reverseFlowAttributes",
    "tool_silkAppLabel"
  ],
  "metrics": {
    "macro_f1": 0.8205202622022298,
    "weighted_f1": 0.991751548530571,
    "balanced_accuracy": 0.8756646931412293,
    "per_class": {
      "BENIGN": {
        "precision": 0.9987119601483574,
        "recall": 0.9903913296899256,
        "f1-score": 0.9945342418783896,
        "support": 519843.0
      },
      "Bot": {
        "precision": 1.0,
        "recall": 0.9986120749479528,
        "f1-score": 0.9993055555555556,
        "support": 1441.0
      },
      "DDoS": {
        "precision": 0.9996850283474488,
        "recall": 0.999755004899902,
        "f1-score": 0.999720015399153,
        "support": 28572.0
      },
      "DoS GoldenEye": {
        "precision": 0.9973404255319149,
        "recall": 0.9903169014084507,
        "f1-score": 0.9938162544169611,
        "support": 2272.0
      },
      "DoS Hulk": {
        "precision": 0.9988169853601938,
        "recall": 0.9990101713427537,
        "f1-score": 0.9989135690111203,
        "support": 87894.0
      },
      "DoS Slowhttptest": {
        "precision": 0.9888888888888889,
        "recall": 0.9903560830860534,
        "f1-score": 0.9896219421793921,
        "support": 1348.0
      },
      "DoS slowloris": {
        "precision": 0.997411561691113,
        "recall": 0.9888793840889649,
        "f1-score": 0.993127147766323,
        "support": 1169.0
      },
      "FTP-Patator": {
        "precision": 0.9005775577557755,
        "recall": 0.9054334301119867,
        "f1-score": 0.9029989658738367,
        "support": 2411.0
      },
      "Heartbleed": {
        "precision": 0.0,
        "recall": 0.0,
        "f1-score": 0.0,
        "support": 0.0
      },
      "Infiltration": {
        "precision": 1.0,
        "recall": 0.8666666666666667,
        "f1-score": 0.9285714285714286,
        "support": 15.0
      },
      "PortScan": {
        "precision": 0.9113527075057495,
        "recall": 0.9934116477096153,
        "f1-score": 0.950614591593973,
        "support": 48267.0
      },
      "SSH-Patator": {
        "precision": 0.9933554817275747,
        "recall": 0.9922566371681416,
        "f1-score": 0.9928057553956835,
        "support": 904.0
      },
      "Web Attack - Brute Force": {
        "precision": 0.8602941176470589,
        "recall": 0.8560975609756097,
        "f1-score": 0.8581907090464548,
        "support": 410.0
      },
      "Web Attack - Sql Injection": {
        "precision": 0.0,
        "recall": 0.0,
        "f1-score": 0.0,
        "support": 6.0
      },
      "Web Attack - XSS": {
        "precision": 0.7239583333333334,
        "recall": 0.6881188118811881,
        "f1-score": 0.7055837563451777,
        "support": 202.0
      }
    },
    "confusion_matrix": [
      [
        514848,
        0,
        2,
        1,
        81,
        8,
        0,
        238,
        0,
        4660,
        4,
        1,
        0,
        0
      ],
      [
        2,
        1439,
        0,
        0,
        0,
        0,
        0,
        0,
        0,
        0,
        0,
        0,
        0,
        0
      ],
      [
        1,
        0,
        28565,
        0,
        6,
        0,
        0,
        0,
        0,
        0,
        0,
        0,
        0,
        0
      ],
      [
        2,
        0,
        3,
        2250,
        13,
        4,
        0,
        0,
        0,
        0,
        0,
        0,
        0,
        0
      ],
      [
        82,
        0,
        3,
        1,
        87807,
        0,
        0,
        0,
        0,
        1,
        0,
        0,
        0,
        0
      ],
      [
        6,
        0,
        0,
        3,
        2,
        1335,
        2,
        0,
        0,
        0,
        0,
        0,
        0,
        0
      ],
      [
        10,
        0,
        0,
        0,
        0,
        3,
        1156,
        0,
        0,
        0,
        0,
        0,
        0,
        0
      ],
      [
        224,
        0,
        0,
        0,
        0,
        0,
        0,
        2183,
        0,
        2,
        2,
        0,
        0,
        0
      ],
      [
        2,
        0,
        0,
        0,
        0,
        0,
        0,
        0,
        13,
        0,
        0,
        0,
        0,
        0
      ],
      [
        311,
        0,
        1,
        0,
        2,
        0,
        1,
        3,
        0,
        47949,
        0,
        0,
        0,
        0
      ],
      [
        6,
        0,
        0,
        0,
        0,
        0,
        0,
        0,
        0,
        1,
        897,
        0,
        0,
        0
      ],
      [
        6,
        0,
        0,
        0,
        0,
        0,
        0,
        0,
        0,
        0,
        0,
        351,
        0,
        53
      ],
      [
        5,
        0,
        0,
        1,
        0,
        0,
        0,
        0,
        0,
        0,
        0,
        0,
        0,
        0
      ],
      [
        7,
        0,
        0,
        0,
        0,
        0,
        0,
        0,
        0,
        0,
        0,
        56,
        0,
        139
      ]
    ],
    "class_order": [
      "BENIGN",
      "Bot",
      "DDoS",
      "DoS GoldenEye",
      "DoS Hulk",
      "DoS Slowhttptest",
      "DoS slowloris",
      "FTP-Patator",
      "Heartbleed",
      "Infiltration",
      "PortScan",
      "SSH-Patator",
      "Web Attack - Brute Force",
      "Web Attack - Sql Injection",
      "Web Attack - XSS"
    ]
  },
  "feature_importances": {
    "tool_destinationTransportPort": 0.13546805792659852,
    "tool_octetTotalCount": 0.1253288603653938,
    "tool_reverseOctetTotalCount": 0.1197490033446548,
    "tool_sourceTransportPort": 0.10990962320340086,
    "tool_flowDurationMicroseconds": 0.10894647473093345,
    "tool_flowDurationMilliseconds": 0.09244119597194173,
    "tool_reverseFlowDeltaMicroseconds": 0.08817965520280571,
    "tool_reversePacketTotalCount": 0.07509778085594936,
    "tool_packetTotalCount": 0.0678051597371145,
    "tool_silkAppLabel": 0.04607607908359466,
    "tool_protocolIdentifier": 0.012967402865084113,
    "tool_reverseFlowDeltaMilliseconds": 0.011187693368354443,
    "tool_flowAttributes": 0.004772861798850592,
    "tool_reverseFlowAttributes": 0.002070151545323485
  },
  "wall_seconds": 35.7
}