{
  "config": {
    "tool": "yaf",
    "regime": "common",
    "model": "mlp",
    "task": "binary",
    "split": "stratified",
    "seed": 4,
    "include_port": false,
    "dataset": "cicids2017",
    "n_features": 9,
    "subsample_benign": null,
    "max_train": 400000
  },
  "config_hash": "060d256a05c9c4f7",
  "git_commit": null,
  "n_train": 400000,
  "n_test": 694754,
  "n_test_unseen_class": 0,
  "features": [
    "duration",
    "pkts_fwd",
    "pkts_bwd",
    "bytes_fwd",
    "bytes_bwd",
    "tot_pkts",
    "tot_bytes",
    "is_tcp",
    "is_udp"
  ],
  "metrics": {
    "macro_f1": 0.918108979686582,
    "weighted_f1": 0.9388441796114625,
    "balanced_accuracy": 0.9106804621268799,
    "per_class": {
      "0": {
        "precision": 0.951356202821053,
        "recall": 0.9685443489668997,
        "f1-score": 0.9598733363963404,
        "support": 519843.0
      },
      "1": {
        "precision": 0.9012077163346807,
        "recall": 0.8528165752868602,
        "f1-score": 0.8763446229768235,
        "support": 174911.0
      }
    },
    "fpr": 0.03145565103310038,
    "attack_recall": 0.8528165752868602,
    "attack_precision": 0.9012077163346807,
    "auc_pr": 0.93987180482485,
    "confusion_matrix": [
      [
        503491,
        16352
      ],
      [
        25744,
        149167
      ]
    ],
    "class_order": [
      "0",
      "1"
    ]
  },
  "feature_importances": null,
  "wall_seconds": 27.6
}