{
  "config": {
    "tool": "yaf",
    "regime": "common",
    "model": "xgb",
    "task": "binary",
    "split": "temporal",
    "seed": 1,
    "include_port": false,
    "dataset": "cicids2017",
    "n_features": 9,
    "subsample_benign": null,
    "max_train": 400000
  },
  "config_hash": "496211b84e0ae754",
  "git_commit": null,
  "n_train": 400000,
  "n_test": 951348,
  "n_test_unseen_class": 0,
  "features": [
    "duration",
    "pkts_fwd",
    "pkts_bwd",
    "bytes_fwd",
    "bytes_bwd",
    "tot_pkts",
    "tot_bytes",
    "is_tcp",
    "is_udp"
  ],
  "metrics": {
    "macro_f1": 0.666924024422836,
    "weighted_f1": 0.7495722525318032,
    "balanced_accuracy": 0.6516279961511636,
    "per_class": {
      "0": {
        "precision": 0.7964537339693759,
        "recall": 0.9154501499337502,
        "f1-score": 0.8518161528031439,
        "support": 688304.0
      },
      "1": {
        "precision": 0.636742693781756,
        "recall": 0.3878058423685771,
        "f1-score": 0.48203189604252805,
        "support": 263044.0
      }
    },
    "fpr": 0.0845498500662498,
    "attack_recall": 0.3878058423685771,
    "attack_precision": 0.636742693781756,
    "auc_pr": 0.8350263200795975,
    "confusion_matrix": [
      [
        630108,
        58196
      ],
      [
        161034,
        102010
      ]
    ],
    "class_order": [
      "0",
      "1"
    ]
  },
  "feature_importances": {
    "is_tcp": 0.5529381632804871,
    "is_udp": 0.3123749792575836,
    "tot_pkts": 0.06380648165941238,
    "tot_bytes": 0.03464025259017944,
    "bytes_bwd": 0.01563347317278385,
    "pkts_bwd": 0.009611068293452263,
    "duration": 0.0053452253341674805,
    "bytes_fwd": 0.004136179108172655,
    "pkts_fwd": 0.0015141615876927972
  },
  "wall_seconds": 4.9
}