{
  "config": {
    "tool": "yaf",
    "regime": "native",
    "model": "xgb",
    "task": "multiclass",
    "split": "stratified",
    "seed": 1,
    "include_port": false,
    "dataset": "cicids2017",
    "n_features": 14,
    "subsample_benign": null,
    "max_train": 400000
  },
  "config_hash": "ccf2b9cf1fde18d7",
  "git_commit": null,
  "n_train": 400000,
  "n_test": 694754,
  "n_test_unseen_class": 0,
  "features": [
    "tool_flowDurationMicroseconds",
    "tool_flowDurationMilliseconds",
    "tool_reverseFlowDeltaMicroseconds",
    "tool_reverseFlowDeltaMilliseconds",
    "tool_protocolIdentifier",
    "tool_sourceTransportPort",
    "tool_packetTotalCount",
    "tool_octetTotalCount",
    "tool_flowAttributes",
    "tool_destinationTransportPort",
    "tool_reversePacketTotalCount",
    "tool_reverseOctetTotalCount",
    "tool_reverseFlowAttributes",
    "tool_silkAppLabel"
  ],
  "metrics": {
    "macro_f1": 0.8281007484447123,
    "weighted_f1": 0.9974039302419191,
    "balanced_accuracy": 0.8832095832545931,
    "per_class": {
      "BENIGN": {
        "precision": 0.99799160896146,
        "recall": 0.9989015914420315,
        "f1-score": 0.9984463928626365,
        "support": 519843.0
      },
      "Bot": {
        "precision": 1.0,
        "recall": 0.9972241498959056,
        "f1-score": 0.9986101459346769,
        "support": 1441.0
      },
      "DDoS": {
        "precision": 0.99982500349993,
        "recall": 0.99982500349993,
        "f1-score": 0.99982500349993,
        "support": 28572.0
      },
      "DoS GoldenEye": {
        "precision": 0.9933657673595754,
        "recall": 0.988556338028169,
        "f1-score": 0.9909552172953894,
        "support": 2272.0
      },
      "DoS Hulk": {
        "precision": 0.9982728646584931,
        "recall": 0.9995562837053724,
        "f1-score": 0.9989141619433659,
        "support": 87894.0
      },
      "DoS Slowhttptest": {
        "precision": 0.9910647803425168,
        "recall": 0.9873887240356083,
        "f1-score": 0.989223337049424,
        "support": 1348.0
      },
      "DoS slowloris": {
        "precision": 0.9931565440547476,
        "recall": 0.9931565440547476,
        "f1-score": 0.9931565440547476,
        "support": 1169.0
      },
      "FTP-Patator": {
        "precision": 0.9370471014492754,
        "recall": 0.85815014516798,
        "f1-score": 0.8958649058237714,
        "support": 2411.0
      },
      "Heartbleed": {
        "precision": 0.0,
        "recall": 0.0,
        "f1-score": 0.0,
        "support": 0.0
      },
      "Infiltration": {
        "precision": 1.0,
        "recall": 1.0,
        "f1-score": 1.0,
        "support": 15.0
      },
      "PortScan": {
        "precision": 0.9938240694374896,
        "recall": 0.986844013508194,
        "f1-score": 0.990321742294298,
        "support": 48267.0
      },
      "SSH-Patator": {
        "precision": 0.996629213483146,
        "recall": 0.9811946902654868,
        "f1-score": 0.9888517279821628,
        "support": 904.0
      },
      "Web Attack - Brute Force": {
        "precision": 0.8625,
        "recall": 0.8414634146341463,
        "f1-score": 0.8518518518518519,
        "support": 410.0
      },
      "Web Attack - Sql Injection": {
        "precision": 0.0,
        "recall": 0.0,
        "f1-score": 0.0,
        "support": 6.0
      },
      "Web Attack - XSS": {
        "precision": 0.7184466019417476,
        "recall": 0.7326732673267327,
        "f1-score": 0.7254901960784313,
        "support": 202.0
      }
    },
    "confusion_matrix": [
      [
        519272,
        0,
        2,
        3,
        121,
        9,
        2,
        136,
        0,
        294,
        0,
        3,
        0,
        1
      ],
      [
        4,
        1437,
        0,
        0,
        0,
        0,
        0,
        0,
        0,
        0,
        0,
        0,
        0,
        0
      ],
      [
        0,
        0,
        28567,
        0,
        5,
        0,
        0,
        0,
        0,
        0,
        0,
        0,
        0,
        0
      ],
      [
        8,
        0,
        0,
        2246,
        15,
        2,
        0,
        0,
        0,
        1,
        0,
        0,
        0,
        0
      ],
      [
        28,
        0,
        3,
        8,
        87855,
        0,
        0,
        0,
        0,
        0,
        0,
        0,
        0,
        0
      ],
      [
        4,
        0,
        0,
        2,
        4,
        1331,
        6,
        0,
        0,
        0,
        0,
        1,
        0,
        0
      ],
      [
        6,
        0,
        0,
        0,
        0,
        1,
        1161,
        0,
        0,
        0,
        0,
        0,
        1,
        0
      ],
      [
        342,
        0,
        0,
        0,
        0,
        0,
        0,
        2069,
        0,
        0,
        0,
        0,
        0,
        0
      ],
      [
        0,
        0,
        0,
        0,
        0,
        0,
        0,
        0,
        15,
        0,
        0,
        0,
        0,
        0
      ],
      [
        625,
        0,
        0,
        0,
        5,
        0,
        0,
        2,
        0,
        47632,
        3,
        0,
        0,
        0
      ],
      [
        15,
        0,
        0,
        0,
        1,
        0,
        0,
        1,
        0,
        0,
        887,
        0,
        0,
        0
      ],
      [
        7,
        0,
        0,
        1,
        0,
        0,
        0,
        0,
        0,
        0,
        0,
        345,
        0,
        57
      ],
      [
        3,
        0,
        0,
        1,
        1,
        0,
        0,
        0,
        0,
        0,
        0,
        1,
        0,
        0
      ],
      [
        3,
        0,
        0,
        0,
        0,
        0,
        0,
        0,
        0,
        1,
        0,
        50,
        0,
        148
      ]
    ],
    "class_order": [
      "BENIGN",
      "Bot",
      "DDoS",
      "DoS GoldenEye",
      "DoS Hulk",
      "DoS Slowhttptest",
      "DoS slowloris",
      "FTP-Patator",
      "Heartbleed",
      "Infiltration",
      "PortScan",
      "SSH-Patator",
      "Web Attack - Brute Force",
      "Web Attack - Sql Injection",
      "Web Attack - XSS"
    ]
  },
  "feature_importances": {
    "tool_reverseOctetTotalCount": 0.22482264041900635,
    "tool_reversePacketTotalCount": 0.18663251399993896,
    "tool_octetTotalCount": 0.16816779971122742,
    "tool_protocolIdentifier": 0.09787075221538544,
    "tool_reverseFlowDeltaMilliseconds": 0.059065792709589005,
    "tool_destinationTransportPort": 0.058798350393772125,
    "tool_reverseFlowDeltaMicroseconds": 0.05158102884888649,
    "tool_sourceTransportPort": 0.03029889427125454,
    "tool_flowDurationMicroseconds": 0.02802993357181549,
    "tool_flowAttributes": 0.024670494720339775,
    "tool_silkAppLabel": 0.023194026201963425,
    "tool_flowDurationMilliseconds": 0.022806264460086823,
    "tool_packetTotalCount": 0.019127994775772095,
    "tool_reverseFlowAttributes": 0.004933523945510387
  },
  "wall_seconds": 58.9
}