{
  "config": {
    "tool": "yaf",
    "regime": "common",
    "model": "logreg",
    "task": "binary",
    "split": "stratified",
    "seed": 4,
    "include_port": false,
    "dataset": "cicids2017",
    "n_features": 9,
    "subsample_benign": null,
    "max_train": 400000
  },
  "config_hash": "00368cf0119705ce",
  "git_commit": null,
  "n_train": 400000,
  "n_test": 694754,
  "n_test_unseen_class": 0,
  "features": [
    "duration",
    "pkts_fwd",
    "pkts_bwd",
    "bytes_fwd",
    "bytes_bwd",
    "tot_pkts",
    "tot_bytes",
    "is_tcp",
    "is_udp"
  ],
  "metrics": {
    "macro_f1": 0.8199692516532053,
    "weighted_f1": 0.8510235087170244,
    "balanced_accuracy": 0.8881228121183267,
    "per_class": {
      "0": {
        "precision": 0.9922794576883534,
        "recall": 0.7946206835525341,
        "f1-score": 0.8825180128934396,
        "support": 519843.0
      },
      "1": {
        "precision": 0.6165904144910257,
        "recall": 0.9816249406841193,
        "f1-score": 0.7574204904129712,
        "support": 174911.0
      }
    },
    "fpr": 0.20537931644746588,
    "attack_recall": 0.9816249406841193,
    "attack_precision": 0.6165904144910257,
    "auc_pr": 0.7485230187619272,
    "confusion_matrix": [
      [
        413078,
        106765
      ],
      [
        3214,
        171697
      ]
    ],
    "class_order": [
      "0",
      "1"
    ]
  },
  "feature_importances": null,
  "wall_seconds": 3.5
}