{
  "config": {
    "tool": "yaf",
    "regime": "native",
    "model": "xgb",
    "task": "binary",
    "split": "stratified",
    "seed": 0,
    "include_port": false,
    "dataset": "cicids2017",
    "n_features": 14,
    "subsample_benign": null,
    "max_train": 400000
  },
  "config_hash": "13c163d9b4a3f79d",
  "git_commit": null,
  "n_train": 400000,
  "n_test": 694754,
  "n_test_unseen_class": 0,
  "features": [
    "tool_flowDurationMicroseconds",
    "tool_flowDurationMilliseconds",
    "tool_reverseFlowDeltaMicroseconds",
    "tool_reverseFlowDeltaMilliseconds",
    "tool_protocolIdentifier",
    "tool_sourceTransportPort",
    "tool_packetTotalCount",
    "tool_octetTotalCount",
    "tool_flowAttributes",
    "tool_destinationTransportPort",
    "tool_reversePacketTotalCount",
    "tool_reverseOctetTotalCount",
    "tool_reverseFlowAttributes",
    "tool_silkAppLabel"
  ],
  "metrics": {
    "macro_f1": 0.9964628203870356,
    "weighted_f1": 0.997335229127145,
    "balanced_accuracy": 0.996269777484184,
    "per_class": {
      "0": {
        "precision": 0.9980232593914408,
        "recall": 0.9984168296966585,
        "f1-score": 0.9982200057506027,
        "support": 519843.0
      },
      "1": {
        "precision": 0.9952892287614621,
        "recall": 0.9941227252717096,
        "f1-score": 0.9947056350234685,
        "support": 174911.0
      }
    },
    "fpr": 0.0015831703033415859,
    "attack_recall": 0.9941227252717096,
    "attack_precision": 0.9952892287614621,
    "auc_pr": 0.9998064754146552,
    "confusion_matrix": [
      [
        519020,
        823
      ],
      [
        1028,
        173883
      ]
    ],
    "class_order": [
      "0",
      "1"
    ]
  },
  "feature_importances": {
    "tool_protocolIdentifier": 0.34195253252983093,
    "tool_reverseFlowAttributes": 0.26202303171157837,
    "tool_reverseFlowDeltaMilliseconds": 0.18624085187911987,
    "tool_reversePacketTotalCount": 0.07138264924287796,
    "tool_reverseFlowDeltaMicroseconds": 0.04122386500239372,
    "tool_reverseOctetTotalCount": 0.024208521470427513,
    "tool_flowAttributes": 0.0195716954767704,
    "tool_sourceTransportPort": 0.012528953142464161,
    "tool_octetTotalCount": 0.010427651926875114,
    "tool_destinationTransportPort": 0.010134819895029068,
    "tool_silkAppLabel": 0.009467369876801968,
    "tool_flowDurationMilliseconds": 0.004422533791512251,
    "tool_packetTotalCount": 0.0038403712678700686,
    "tool_flowDurationMicroseconds": 0.002575149992480874
  },
  "wall_seconds": 25.0
}