{
  "config": {
    "tool": "yaf",
    "regime": "common",
    "model": "rf",
    "task": "multiclass",
    "split": "stratified",
    "seed": 4,
    "include_port": false,
    "dataset": "cicids2017",
    "n_features": 9,
    "subsample_benign": null,
    "max_train": 400000
  },
  "config_hash": "bf102da4b1e43b1a",
  "git_commit": null,
  "n_train": 400000,
  "n_test": 694754,
  "n_test_unseen_class": 0,
  "features": [
    "duration",
    "pkts_fwd",
    "pkts_bwd",
    "bytes_fwd",
    "bytes_bwd",
    "tot_pkts",
    "tot_bytes",
    "is_tcp",
    "is_udp"
  ],
  "metrics": {
    "macro_f1": 0.5717464416798435,
    "weighted_f1": 0.928911715865027,
    "balanced_accuracy": 0.7450237504682252,
    "per_class": {
      "BENIGN": {
        "precision": 0.9989147414986318,
        "recall": 0.906552555290732,
        "f1-score": 0.9504951493515661,
        "support": 519843.0
      },
      "Bot": {
        "precision": 0.2152395915161037,
        "recall": 0.7605829285218598,
        "f1-score": 0.335527322822593,
        "support": 1441.0
      },
      "DDoS": {
        "precision": 0.9993699905498582,
        "recall": 0.999335013299734,
        "f1-score": 0.999352501618746,
        "support": 28572.0
      },
      "DoS GoldenEye": {
        "precision": 0.9014141414141414,
        "recall": 0.9819542253521126,
        "f1-score": 0.9399620813145144,
        "support": 2272.0
      },
      "DoS Hulk": {
        "precision": 0.6882771016787045,
        "recall": 0.9497462852982002,
        "f1-score": 0.7981432081767681,
        "support": 87894.0
      },
      "DoS Slowhttptest": {
        "precision": 0.9106529209621993,
        "recall": 0.9829376854599406,
        "f1-score": 0.945415626114877,
        "support": 1348.0
      },
      "DoS slowloris": {
        "precision": 0.842375366568915,
        "recall": 0.9828913601368692,
        "f1-score": 0.9072246348203711,
        "support": 1169.0
      },
      "FTP-Patator": {
        "precision": 0.26698350573105956,
        "recall": 0.7922024056408129,
        "f1-score": 0.3993727130162049,
        "support": 2411.0
      },
      "Heartbleed": {
        "precision": 0.0,
        "recall": 0.0,
        "f1-score": 0.0,
        "support": 0.0
      },
      "Infiltration": {
        "precision": 0.014749262536873156,
        "recall": 0.6666666666666666,
        "f1-score": 0.02886002886002886,
        "support": 15.0
      },
      "PortScan": {
        "precision": 0.9041808550889141,
        "recall": 0.9902210620092403,
        "f1-score": 0.9452470655710147,
        "support": 48267.0
      },
      "SSH-Patator": {
        "precision": 0.9988623435722411,
        "recall": 0.9712389380530974,
        "f1-score": 0.9848569826135727,
        "support": 904.0
      },
      "Web Attack - Brute Force": {
        "precision": 0.20228384991843393,
        "recall": 0.3024390243902439,
        "f1-score": 0.24242424242424243,
        "support": 410.0
      },
      "Web Attack - Sql Injection": {
        "precision": 0.0,
        "recall": 0.0,
        "f1-score": 0.0,
        "support": 6.0
      },
      "Web Attack - XSS": {
        "precision": 0.07591623036649214,
        "recall": 0.14356435643564355,
        "f1-score": 0.09931506849315068,
        "support": 202.0
      }
    },
    "confusion_matrix": [
      [
        471265,
        442,
        0,
        219,
        37036,
        125,
        18,
        4098,
        170,
        668,
        5064,
        1,
        435,
        0,
        302
      ],
      [
        20,
        1096,
        0,
        0,
        8,
        0,
        0,
        317,
        0,
        0,
        0,
        0,
        0,
        0,
        0
      ],
      [
        5,
        0,
        28553,
        0,
        14,
        0,
        0,
        0,
        0,
        0,
        0,
        0,
        0,
        0,
        0
      ],
      [
        18,
        0,
        1,
        2231,
        19,
        3,
        0,
        0,
        0,
        0,
        0,
        0,
        0,
        0,
        0
      ],
      [
        37,
        3514,
        15,
        25,
        83477,
        0,
        0,
        823,
        0,
        0,
        1,
        0,
        2,
        0,
        0
      ],
      [
        18,
        0,
        0,
        0,
        0,
        1325,
        5,
        0,
        0,
        0,
        0,
        0,
        0,
        0,
        0
      ],
      [
        19,
        0,
        0,
        0,
        0,
        1,
        1149,
        0,
        0,
        0,
        0,
        0,
        0,
        0,
        0
      ],
      [
        11,
        38,
        0,
        0,
        452,
        0,
        0,
        1910,
        0,
        0,
        0,
        0,
        0,
        0,
        0
      ],
      [
        0,
        0,
        0,
        0,
        0,
        0,
        0,
        0,
        0,
        0,
        0,
        0,
        0,
        0,
        0
      ],
      [
        1,
        2,
        1,
        0,
        0,
        0,
        0,
        1,
        0,
        10,
        0,
        0,
        0,
        0,
        0
      ],
      [
        4,
        0,
        1,
        0,
        275,
        0,
        192,
        0,
        0,
        0,
        47795,
        0,
        0,
        0,
        0
      ],
      [
        18,
        0,
        0,
        0,
        3,
        0,
        0,
        5,
        0,
        0,
        0,
        878,
        0,
        0,
        0
      ],
      [
        235,
        0,
        0,
        0,
        0,
        0,
        0,
        0,
        0,
        0,
        0,
        0,
        124,
        0,
        51
      ],
      [
        5,
        0,
        0,
        0,
        0,
        1,
        0,
        0,
        0,
        0,
        0,
        0,
        0,
        0,
        0
      ],
      [
        121,
        0,
        0,
        0,
        0,
        0,
        0,
        0,
        0,
        0,
        0,
        0,
        52,
        0,
        29
      ]
    ],
    "class_order": [
      "BENIGN",
      "Bot",
      "DDoS",
      "DoS GoldenEye",
      "DoS Hulk",
      "DoS Slowhttptest",
      "DoS slowloris",
      "FTP-Patator",
      "Heartbleed",
      "Infiltration",
      "PortScan",
      "SSH-Patator",
      "Web Attack - Brute Force",
      "Web Attack - Sql Injection",
      "Web Attack - XSS"
    ]
  },
  "feature_importances": {
    "duration": 0.22720198333225639,
    "tot_bytes": 0.18394869471098604,
    "bytes_fwd": 0.17575191072105162,
    "bytes_bwd": 0.15805180642075792,
    "tot_pkts": 0.08397841131995046,
    "pkts_bwd": 0.07891186050226599,
    "pkts_fwd": 0.06936372714589045,
    "is_tcp": 0.013860044927030721,
    "is_udp": 0.008931560919810561
  },
  "wall_seconds": 14.4
}