{
  "config": {
    "tool": "yaf",
    "regime": "native",
    "model": "rf",
    "task": "multiclass",
    "split": "stratified",
    "seed": 3,
    "include_port": false,
    "dataset": "cicids2017",
    "n_features": 14,
    "subsample_benign": null,
    "max_train": 400000
  },
  "config_hash": "45e863cb91f85afb",
  "git_commit": null,
  "n_train": 400000,
  "n_test": 694754,
  "n_test_unseen_class": 0,
  "features": [
    "tool_flowDurationMicroseconds",
    "tool_flowDurationMilliseconds",
    "tool_reverseFlowDeltaMicroseconds",
    "tool_reverseFlowDeltaMilliseconds",
    "tool_protocolIdentifier",
    "tool_sourceTransportPort",
    "tool_packetTotalCount",
    "tool_octetTotalCount",
    "tool_flowAttributes",
    "tool_destinationTransportPort",
    "tool_reversePacketTotalCount",
    "tool_reverseOctetTotalCount",
    "tool_reverseFlowAttributes",
    "tool_silkAppLabel"
  ],
  "metrics": {
    "macro_f1": 0.8620606011764728,
    "weighted_f1": 0.9917967178805023,
    "balanced_accuracy": 0.9039949115656213,
    "per_class": {
      "BENIGN": {
        "precision": 0.9985283282274015,
        "recall": 0.9906471761666503,
        "f1-score": 0.994572139558104,
        "support": 519843.0
      },
      "Bot": {
        "precision": 1.0,
        "recall": 0.9993060374739764,
        "f1-score": 0.9996528982992017,
        "support": 1441.0
      },
      "DDoS": {
        "precision": 0.9996147784976361,
        "recall": 0.999020019599608,
        "f1-score": 0.9993173105536787,
        "support": 28572.0
      },
      "DoS GoldenEye": {
        "precision": 0.9973427812223207,
        "recall": 0.9911971830985915,
        "f1-score": 0.9942604856512142,
        "support": 2272.0
      },
      "DoS Hulk": {
        "precision": 0.9984754363210231,
        "recall": 0.9984754363210231,
        "f1-score": 0.9984754363210231,
        "support": 87894.0
      },
      "DoS Slowhttptest": {
        "precision": 0.9932985852568875,
        "recall": 0.9896142433234422,
        "f1-score": 0.9914529914529915,
        "support": 1348.0
      },
      "DoS slowloris": {
        "precision": 0.9982817869415808,
        "recall": 0.9940119760479041,
        "f1-score": 0.9961423060437206,
        "support": 1169.0
      },
      "FTP-Patator": {
        "precision": 0.9257215619694398,
        "recall": 0.9046038987971796,
        "f1-score": 0.9150409062303335,
        "support": 2411.0
      },
      "Heartbleed": {
        "precision": 0.0,
        "recall": 0.0,
        "f1-score": 0.0,
        "support": 0.0
      },
      "Infiltration": {
        "precision": 1.0,
        "recall": 0.7333333333333333,
        "f1-score": 0.8461538461538461,
        "support": 15.0
      },
      "PortScan": {
        "precision": 0.9127477134146341,
        "recall": 0.9924171794393685,
        "f1-score": 0.9509166526050403,
        "support": 48267.0
      },
      "SSH-Patator": {
        "precision": 0.9966666666666667,
        "recall": 0.9922566371681416,
        "f1-score": 0.9944567627494457,
        "support": 904.0
      },
      "Web Attack - Brute Force": {
        "precision": 0.8557919621749409,
        "recall": 0.8829268292682927,
        "f1-score": 0.8691476590636255,
        "support": 410.0
      },
      "Web Attack - Sql Injection": {
        "precision": 1.0,
        "recall": 0.5,
        "f1-score": 0.6666666666666666,
        "support": 6.0
      },
      "Web Attack - XSS": {
        "precision": 0.7433155080213903,
        "recall": 0.6881188118811881,
        "f1-score": 0.7146529562982005,
        "support": 202.0
      }
    },
    "confusion_matrix": [
      [
        514981,
        0,
        0,
        3,
        97,
        8,
        0,
        174,
        0,
        4577,
        2,
        1,
        0,
        0
      ],
      [
        1,
        1440,
        0,
        0,
        0,
        0,
        0,
        0,
        0,
        0,
        0,
        0,
        0,
        0
      ],
      [
        6,
        0,
        28544,
        1,
        21,
        0,
        0,
        0,
        0,
        0,
        0,
        0,
        0,
        0
      ],
      [
        2,
        0,
        4,
        2252,
        13,
        1,
        0,
        0,
        0,
        0,
        0,
        0,
        0,
        0
      ],
      [
        127,
        0,
        6,
        1,
        87760,
        0,
        0,
        0,
        0,
        0,
        0,
        0,
        0,
        0
      ],
      [
        9,
        0,
        0,
        1,
        1,
        1334,
        2,
        0,
        0,
        0,
        0,
        1,
        0,
        0
      ],
      [
        6,
        0,
        0,
        0,
        1,
        0,
        1162,
        0,
        0,
        0,
        0,
        0,
        0,
        0
      ],
      [
        228,
        0,
        0,
        0,
        0,
        0,
        0,
        2181,
        0,
        1,
        1,
        0,
        0,
        0
      ],
      [
        4,
        0,
        0,
        0,
        0,
        0,
        0,
        0,
        11,
        0,
        0,
        0,
        0,
        0
      ],
      [
        362,
        0,
        1,
        0,
        1,
        0,
        0,
        1,
        0,
        47901,
        0,
        0,
        0,
        1
      ],
      [
        6,
        0,
        0,
        0,
        0,
        0,
        0,
        0,
        0,
        1,
        897,
        0,
        0,
        0
      ],
      [
        1,
        0,
        0,
        0,
        0,
        0,
        0,
        0,
        0,
        0,
        0,
        362,
        0,
        47
      ],
      [
        2,
        0,
        0,
        0,
        0,
        0,
        0,
        0,
        0,
        0,
        0,
        1,
        3,
        0
      ],
      [
        5,
        0,
        0,
        0,
        0,
        0,
        0,
        0,
        0,
        0,
        0,
        58,
        0,
        139
      ]
    ],
    "class_order": [
      "BENIGN",
      "Bot",
      "DDoS",
      "DoS GoldenEye",
      "DoS Hulk",
      "DoS Slowhttptest",
      "DoS slowloris",
      "FTP-Patator",
      "Heartbleed",
      "Infiltration",
      "PortScan",
      "SSH-Patator",
      "Web Attack - Brute Force",
      "Web Attack - Sql Injection",
      "Web Attack - XSS"
    ]
  },
  "feature_importances": {
    "tool_octetTotalCount": 0.13182515187048535,
    "tool_destinationTransportPort": 0.12949763251304872,
    "tool_flowDurationMicroseconds": 0.12414079404421226,
    "tool_reverseOctetTotalCount": 0.11371581155917118,
    "tool_flowDurationMilliseconds": 0.09855419675228409,
    "tool_sourceTransportPort": 0.09477043383694683,
    "tool_reverseFlowDeltaMicroseconds": 0.08065408411848236,
    "tool_packetTotalCount": 0.07568275423685894,
    "tool_reversePacketTotalCount": 0.07460602176435768,
    "tool_silkAppLabel": 0.046089578559029884,
    "tool_reverseFlowDeltaMilliseconds": 0.012321386131127486,
    "tool_protocolIdentifier": 0.011664509911310445,
    "tool_flowAttributes": 0.004911006856328223,
    "tool_reverseFlowAttributes": 0.0015666378463566498
  },
  "wall_seconds": 35.5
}