{
  "config": {
    "tool": "yaf",
    "regime": "common",
    "model": "mlp",
    "task": "binary",
    "split": "temporal",
    "seed": 1,
    "include_port": false,
    "dataset": "cicids2017",
    "n_features": 9,
    "subsample_benign": null,
    "max_train": 400000
  },
  "config_hash": "7ad5f36362900f85",
  "git_commit": null,
  "n_train": 400000,
  "n_test": 951348,
  "n_test_unseen_class": 0,
  "features": [
    "duration",
    "pkts_fwd",
    "pkts_bwd",
    "bytes_fwd",
    "bytes_bwd",
    "tot_pkts",
    "tot_bytes",
    "is_tcp",
    "is_udp"
  ],
  "metrics": {
    "macro_f1": 0.8956085356314094,
    "weighted_f1": 0.912707432322395,
    "balanced_accuracy": 0.9320720582724662,
    "per_class": {
      "0": {
        "precision": 0.9923828239956576,
        "recall": 0.8818559822404054,
        "f1-score": 0.9338604313403306,
        "support": 688304.0
      },
      "1": {
        "precision": 0.7606180674940537,
        "recall": 0.982288134304527,
        "f1-score": 0.8573566399224883,
        "support": 263044.0
      }
    },
    "fpr": 0.1181440177595946,
    "attack_recall": 0.982288134304527,
    "attack_precision": 0.7606180674940537,
    "auc_pr": 0.9406348599692373,
    "confusion_matrix": [
      [
        606985,
        81319
      ],
      [
        4659,
        258385
      ]
    ],
    "class_order": [
      "0",
      "1"
    ]
  },
  "feature_importances": null,
  "wall_seconds": 33.8
}