{
  "config": {
    "tool": "yaf",
    "regime": "native",
    "model": "logreg",
    "task": "multiclass",
    "split": "stratified",
    "seed": 1,
    "include_port": false,
    "dataset": "cicids2017",
    "n_features": 14,
    "subsample_benign": null,
    "max_train": 400000
  },
  "config_hash": "2e6279504e6d0d3d",
  "git_commit": null,
  "n_train": 400000,
  "n_test": 694754,
  "n_test_unseen_class": 0,
  "features": [
    "tool_flowDurationMicroseconds",
    "tool_flowDurationMilliseconds",
    "tool_reverseFlowDeltaMicroseconds",
    "tool_reverseFlowDeltaMilliseconds",
    "tool_protocolIdentifier",
    "tool_sourceTransportPort",
    "tool_packetTotalCount",
    "tool_octetTotalCount",
    "tool_flowAttributes",
    "tool_destinationTransportPort",
    "tool_reversePacketTotalCount",
    "tool_reverseOctetTotalCount",
    "tool_reverseFlowAttributes",
    "tool_silkAppLabel"
  ],
  "metrics": {
    "macro_f1": 0.32648830211572355,
    "weighted_f1": 0.8151202844322134,
    "balanced_accuracy": 0.7603597597307133,
    "per_class": {
      "BENIGN": {
        "precision": 0.994262861189166,
        "recall": 0.7670969888985713,
        "f1-score": 0.8660309214541205,
        "support": 519843.0
      },
      "Bot": {
        "precision": 0.024708137306150898,
        "recall": 0.49201943095072864,
        "f1-score": 0.04705335810990178,
        "support": 1441.0
      },
      "DDoS": {
        "precision": 0.7311613667215435,
        "recall": 0.8860072798544029,
        "f1-score": 0.8011709787166706,
        "support": 28572.0
      },
      "DoS GoldenEye": {
        "precision": 0.1774054054054054,
        "recall": 0.7222711267605634,
        "f1-score": 0.2848463808366603,
        "support": 2272.0
      },
      "DoS Hulk": {
        "precision": 0.5237948828744983,
        "recall": 0.7171593055271122,
        "f1-score": 0.6054121545369414,
        "support": 87894.0
      },
      "DoS Slowhttptest": {
        "precision": 0.2891800097040272,
        "recall": 0.884272997032641,
        "f1-score": 0.43583180987202924,
        "support": 1348.0
      },
      "DoS slowloris": {
        "precision": 0.06973528249703674,
        "recall": 0.9059024807527801,
        "f1-score": 0.1295016814429838,
        "support": 1169.0
      },
      "FTP-Patator": {
        "precision": 0.049636603898249095,
        "recall": 0.4985483201990875,
        "f1-score": 0.09028429789311601,
        "support": 2411.0
      },
      "Heartbleed": {
        "precision": 0.0,
        "recall": 0.0,
        "f1-score": 0.0,
        "support": 0.0
      },
      "Infiltration": {
        "precision": 0.0023375409069658717,
        "recall": 1.0,
        "f1-score": 0.0046641791044776115,
        "support": 15.0
      },
      "PortScan": {
        "precision": 0.8654463390170511,
        "recall": 0.7150641224853419,
        "f1-score": 0.7831009563569946,
        "support": 48267.0
      },
      "SSH-Patator": {
        "precision": 0.28515625,
        "recall": 0.9690265486725663,
        "f1-score": 0.44064386317907445,
        "support": 904.0
      },
      "Web Attack - Brute Force": {
        "precision": 0.17398119122257052,
        "recall": 0.5414634146341464,
        "f1-score": 0.26334519572953735,
        "support": 410.0
      },
      "Web Attack - Sql Injection": {
        "precision": 0.0010789814415192059,
        "recall": 0.8333333333333334,
        "f1-score": 0.0021551724137931034,
        "support": 6.0
      },
      "Web Attack - XSS": {
        "precision": 0.07964601769911504,
        "recall": 0.7128712871287128,
        "f1-score": 0.14328358208955225,
        "support": 202.0
      }
    },
    "confusion_matrix": [
      [
        398770,
        13270,
        2269,
        4940,
        55061,
        2467,
        13952,
        14006,
        163,
        1600,
        4695,
        2191,
        803,
        4258,
        1398
      ],
      [
        0,
        709,
        0,
        0,
        1,
        49,
        0,
        0,
        0,
        0,
        671,
        5,
        0,
        6,
        0
      ],
      [
        19,
        15,
        25315,
        1821,
        1091,
        30,
        23,
        0,
        0,
        0,
        0,
        0,
        1,
        248,
        9
      ],
      [
        90,
        0,
        397,
        1641,
        31,
        50,
        0,
        21,
        0,
        0,
        0,
        0,
        0,
        42,
        0
      ],
      [
        2185,
        8026,
        6623,
        806,
        63034,
        269,
        87,
        6829,
        0,
        13,
        0,
        0,
        0,
        20,
        2
      ],
      [
        0,
        0,
        0,
        40,
        58,
        1192,
        51,
        1,
        0,
        1,
        0,
        0,
        2,
        1,
        2
      ],
      [
        0,
        0,
        0,
        2,
        5,
        64,
        1059,
        0,
        0,
        0,
        0,
        0,
        3,
        36,
        0
      ],
      [
        4,
        0,
        0,
        0,
        458,
        0,
        6,
        1202,
        0,
        739,
        0,
        0,
        2,
        0,
        0
      ],
      [
        0,
        0,
        0,
        0,
        0,
        0,
        0,
        0,
        0,
        0,
        0,
        0,
        0,
        0,
        0
      ],
      [
        0,
        0,
        0,
        0,
        0,
        0,
        0,
        0,
        0,
        15,
        0,
        0,
        0,
        0,
        0
      ],
      [
        0,
        6657,
        19,
        0,
        594,
        1,
        7,
        2155,
        0,
        4040,
        34514,
        0,
        180,
        9,
        91
      ],
      [
        0,
        4,
        0,
        0,
        7,
        0,
        1,
        1,
        0,
        9,
        0,
        876,
        6,
        0,
        0
      ],
      [
        3,
        14,
        0,
        0,
        0,
        0,
        0,
        1,
        0,
        0,
        0,
        0,
        222,
        8,
        162
      ],
      [
        0,
        0,
        0,
        0,
        1,
        0,
        0,
        0,
        0,
        0,
        0,
        0,
        0,
        5,
        0
      ],
      [
        0,
        0,
        0,
        0,
        0,
        0,
        0,
        0,
        0,
        0,
        0,
        0,
        57,
        1,
        144
      ]
    ],
    "class_order": [
      "BENIGN",
      "Bot",
      "DDoS",
      "DoS GoldenEye",
      "DoS Hulk",
      "DoS Slowhttptest",
      "DoS slowloris",
      "FTP-Patator",
      "Heartbleed",
      "Infiltration",
      "PortScan",
      "SSH-Patator",
      "Web Attack - Brute Force",
      "Web Attack - Sql Injection",
      "Web Attack - XSS"
    ]
  },
  "feature_importances": null,
  "wall_seconds": 61.6
}