{
  "config": {
    "tool": "yaf",
    "regime": "common",
    "model": "mlp",
    "task": "multiclass",
    "split": "stratified",
    "seed": 3,
    "include_port": false,
    "dataset": "cicids2017",
    "n_features": 9,
    "subsample_benign": null,
    "max_train": 400000
  },
  "config_hash": "becde67ede794c72",
  "git_commit": null,
  "n_train": 400000,
  "n_test": 694754,
  "n_test_unseen_class": 0,
  "features": [
    "duration",
    "pkts_fwd",
    "pkts_bwd",
    "bytes_fwd",
    "bytes_bwd",
    "tot_pkts",
    "tot_bytes",
    "is_tcp",
    "is_udp"
  ],
  "metrics": {
    "macro_f1": 0.5628261694496683,
    "weighted_f1": 0.9350079421184597,
    "balanced_accuracy": 0.5835163989357756,
    "per_class": {
      "BENIGN": {
        "precision": 0.9525979067144937,
        "recall": 0.9701236719548018,
        "f1-score": 0.9612809149392423,
        "support": 519843.0
      },
      "Bot": {
        "precision": 0.9285714285714286,
        "recall": 0.12630117973629423,
        "f1-score": 0.22235797189981674,
        "support": 1441.0
      },
      "DDoS": {
        "precision": 0.9991594284113197,
        "recall": 0.9984600307993841,
        "f1-score": 0.9988096071703663,
        "support": 28572.0
      },
      "DoS GoldenEye": {
        "precision": 0.9401473296500921,
        "recall": 0.8987676056338029,
        "f1-score": 0.918991899189919,
        "support": 2272.0
      },
      "DoS Hulk": {
        "precision": 0.8721254261133056,
        "recall": 0.7335085443830068,
        "f1-score": 0.7968334795881793,
        "support": 87894.0
      },
      "DoS Slowhttptest": {
        "precision": 0.8651465798045602,
        "recall": 0.9851632047477745,
        "f1-score": 0.9212625737079431,
        "support": 1348.0
      },
      "DoS slowloris": {
        "precision": 0.9751552795031055,
        "recall": 0.9401197604790419,
        "f1-score": 0.9573170731707317,
        "support": 1169.0
      },
      "FTP-Patator": {
        "precision": 1.0,
        "recall": 0.4997926171712982,
        "f1-score": 0.6664823008849557,
        "support": 2411.0
      },
      "Heartbleed": {
        "precision": 0.0,
        "recall": 0.0,
        "f1-score": 0.0,
        "support": 0.0
      },
      "Infiltration": {
        "precision": 0.0,
        "recall": 0.0,
        "f1-score": 0.0,
        "support": 15.0
      },
      "PortScan": {
        "precision": 0.8507727933652862,
        "recall": 0.9819131083348872,
        "f1-score": 0.9116509896704945,
        "support": 48267.0
      },
      "SSH-Patator": {
        "precision": 0.9877232142857143,
        "recall": 0.9789823008849557,
        "f1-score": 0.9833333333333333,
        "support": 904.0
      },
      "Web Attack - Brute Force": {
        "precision": 0.71875,
        "recall": 0.05609756097560976,
        "f1-score": 0.10407239819004525,
        "support": 410.0
      },
      "Web Attack - Sql Injection": {
        "precision": 0.0,
        "recall": 0.0,
        "f1-score": 0.0,
        "support": 6.0
      },
      "Web Attack - XSS": {
        "precision": 0.0,
        "recall": 0.0,
        "f1-score": 0.0,
        "support": 202.0
      }
    },
    "confusion_matrix": [
      [
        504312,
        14,
        10,
        80,
        7738,
        194,
        24,
        0,
        0,
        7450,
        11,
        9,
        0,
        1
      ],
      [
        101,
        182,
        0,
        0,
        753,
        0,
        0,
        0,
        0,
        405,
        0,
        0,
        0,
        0
      ],
      [
        18,
        0,
        28528,
        0,
        26,
        0,
        0,
        0,
        0,
        0,
        0,
        0,
        0,
        0
      ],
      [
        11,
        0,
        8,
        2042,
        207,
        4,
        0,
        0,
        0,
        0,
        0,
        0,
        0,
        0
      ],
      [
        22927,
        0,
        5,
        45,
        64471,
        0,
        0,
        0,
        0,
        446,
        0,
        0,
        0,
        0
      ],
      [
        13,
        0,
        0,
        2,
        1,
        1328,
        4,
        0,
        0,
        0,
        0,
        0,
        0,
        0
      ],
      [
        61,
        0,
        0,
        0,
        0,
        9,
        1099,
        0,
        0,
        0,
        0,
        0,
        0,
        0
      ],
      [
        496,
        0,
        0,
        0,
        706,
        0,
        0,
        1205,
        0,
        4,
        0,
        0,
        0,
        0
      ],
      [
        4,
        0,
        0,
        0,
        3,
        0,
        0,
        0,
        0,
        8,
        0,
        0,
        0,
        0
      ],
      [
        853,
        0,
        1,
        3,
        16,
        0,
        0,
        0,
        0,
        47394,
        0,
        0,
        0,
        0
      ],
      [
        16,
        0,
        0,
        0,
        3,
        0,
        0,
        0,
        0,
        0,
        885,
        0,
        0,
        0
      ],
      [
        387,
        0,
        0,
        0,
        0,
        0,
        0,
        0,
        0,
        0,
        0,
        23,
        0,
        0
      ],
      [
        6,
        0,
        0,
        0,
        0,
        0,
        0,
        0,
        0,
        0,
        0,
        0,
        0,
        0
      ],
      [
        202,
        0,
        0,
        0,
        0,
        0,
        0,
        0,
        0,
        0,
        0,
        0,
        0,
        0
      ]
    ],
    "class_order": [
      "BENIGN",
      "Bot",
      "DDoS",
      "DoS GoldenEye",
      "DoS Hulk",
      "DoS Slowhttptest",
      "DoS slowloris",
      "FTP-Patator",
      "Heartbleed",
      "Infiltration",
      "PortScan",
      "SSH-Patator",
      "Web Attack - Brute Force",
      "Web Attack - Sql Injection",
      "Web Attack - XSS"
    ]
  },
  "feature_importances": null,
  "wall_seconds": 71.8
}