{
  "config": {
    "tool": "yaf",
    "regime": "native",
    "model": "xgb",
    "task": "binary",
    "split": "stratified",
    "seed": 4,
    "include_port": false,
    "dataset": "cicids2017",
    "n_features": 14,
    "subsample_benign": null,
    "max_train": 400000
  },
  "config_hash": "48037ef30752cab6",
  "git_commit": null,
  "n_train": 400000,
  "n_test": 694754,
  "n_test_unseen_class": 0,
  "features": [
    "tool_flowDurationMicroseconds",
    "tool_flowDurationMilliseconds",
    "tool_reverseFlowDeltaMicroseconds",
    "tool_reverseFlowDeltaMilliseconds",
    "tool_protocolIdentifier",
    "tool_sourceTransportPort",
    "tool_packetTotalCount",
    "tool_octetTotalCount",
    "tool_flowAttributes",
    "tool_destinationTransportPort",
    "tool_reversePacketTotalCount",
    "tool_reverseOctetTotalCount",
    "tool_reverseFlowAttributes",
    "tool_silkAppLabel"
  ],
  "metrics": {
    "macro_f1": 0.9963756182059402,
    "weighted_f1": 0.9972692702780577,
    "balanced_accuracy": 0.9962786428549701,
    "per_class": {
      "0": {
        "precision": 0.9980767233520405,
        "recall": 0.998274479025398,
        "f1-score": 0.9981755913940232,
        "support": 519843.0
      },
      "1": {
        "precision": 0.9948686558967553,
        "recall": 0.9942828066845424,
        "f1-score": 0.9945756450178572,
        "support": 174911.0
      }
    },
    "fpr": 0.001725520974601947,
    "attack_recall": 0.9942828066845424,
    "attack_precision": 0.9948686558967553,
    "auc_pr": 0.9998090978372568,
    "confusion_matrix": [
      [
        518946,
        897
      ],
      [
        1000,
        173911
      ]
    ],
    "class_order": [
      "0",
      "1"
    ]
  },
  "feature_importances": {
    "tool_protocolIdentifier": 0.34152254462242126,
    "tool_reverseFlowAttributes": 0.3028109073638916,
    "tool_reverseFlowDeltaMilliseconds": 0.15826423466205597,
    "tool_reversePacketTotalCount": 0.0636640414595604,
    "tool_reverseFlowDeltaMicroseconds": 0.04013807699084282,
    "tool_reverseOctetTotalCount": 0.025987161323428154,
    "tool_flowAttributes": 0.017314733937382698,
    "tool_sourceTransportPort": 0.012383375316858292,
    "tool_octetTotalCount": 0.010126608423888683,
    "tool_destinationTransportPort": 0.009565767832100391,
    "tool_silkAppLabel": 0.007256198208779097,
    "tool_flowDurationMilliseconds": 0.004956188146024942,
    "tool_packetTotalCount": 0.003473874880000949,
    "tool_flowDurationMicroseconds": 0.002536264481022954
  },
  "wall_seconds": 25.1
}