{
  "config": {
    "tool": "yaf",
    "regime": "native",
    "model": "mlp",
    "task": "multiclass",
    "split": "stratified",
    "seed": 2,
    "include_port": false,
    "dataset": "cicids2017",
    "n_features": 14,
    "subsample_benign": null,
    "max_train": 400000
  },
  "config_hash": "84cec3b04e81bf1e",
  "git_commit": null,
  "n_train": 400000,
  "n_test": 694754,
  "n_test_unseen_class": 0,
  "features": [
    "tool_flowDurationMicroseconds",
    "tool_flowDurationMilliseconds",
    "tool_reverseFlowDeltaMicroseconds",
    "tool_reverseFlowDeltaMilliseconds",
    "tool_protocolIdentifier",
    "tool_sourceTransportPort",
    "tool_packetTotalCount",
    "tool_octetTotalCount",
    "tool_flowAttributes",
    "tool_destinationTransportPort",
    "tool_reversePacketTotalCount",
    "tool_reverseOctetTotalCount",
    "tool_reverseFlowAttributes",
    "tool_silkAppLabel"
  ],
  "metrics": {
    "macro_f1": 0.734892501085918,
    "weighted_f1": 0.9858346054640612,
    "balanced_accuracy": 0.7734265930314808,
    "per_class": {
      "BENIGN": {
        "precision": 0.9971465669390516,
        "recall": 0.986836410223856,
        "f1-score": 0.9919646992055581,
        "support": 519843.0
      },
      "Bot": {
        "precision": 0.7465548232474536,
        "recall": 0.864677307425399,
        "f1-score": 0.8012861736334406,
        "support": 1441.0
      },
      "DDoS": {
        "precision": 0.9965089893524175,
        "recall": 0.999055018899622,
        "f1-score": 0.9977803799570057,
        "support": 28572.0
      },
      "DoS GoldenEye": {
        "precision": 0.9722863741339491,
        "recall": 0.9264964788732394,
        "f1-score": 0.9488393058372775,
        "support": 2272.0
      },
      "DoS Hulk": {
        "precision": 0.9789519523878647,
        "recall": 0.997474230322889,
        "f1-score": 0.9881262996545526,
        "support": 87894.0
      },
      "DoS Slowhttptest": {
        "precision": 0.9757207890743551,
        "recall": 0.9540059347181009,
        "f1-score": 0.9647411852963241,
        "support": 1348.0
      },
      "DoS slowloris": {
        "precision": 0.9750430292598967,
        "recall": 0.9692044482463644,
        "f1-score": 0.9721149721149721,
        "support": 1169.0
      },
      "FTP-Patator": {
        "precision": 0.9453517587939698,
        "recall": 0.6242223143923683,
        "f1-score": 0.751936047964027,
        "support": 2411.0
      },
      "Heartbleed": {
        "precision": 0.0,
        "recall": 0.0,
        "f1-score": 0.0,
        "support": 0.0
      },
      "Infiltration": {
        "precision": 0.0,
        "recall": 0.0,
        "f1-score": 0.0,
        "support": 15.0
      },
      "PortScan": {
        "precision": 0.8929161366268583,
        "recall": 0.9743510058632192,
        "f1-score": 0.9318578108900689,
        "support": 48267.0
      },
      "SSH-Patator": {
        "precision": 0.9944382647385984,
        "recall": 0.9889380530973452,
        "f1-score": 0.9916805324459235,
        "support": 904.0
      },
      "Web Attack - Brute Force": {
        "precision": 0.7815315315315315,
        "recall": 0.8463414634146341,
        "f1-score": 0.8126463700234192,
        "support": 410.0
      },
      "Web Attack - Sql Injection": {
        "precision": 1.0,
        "recall": 0.16666666666666666,
        "f1-score": 0.2857142857142857,
        "support": 6.0
      },
      "Web Attack - XSS": {
        "precision": 0.6524390243902439,
        "recall": 0.5297029702970297,
        "f1-score": 0.5846994535519126,
        "support": 202.0
      }
    },
    "confusion_matrix": [
      [
        513000,
        61,
        9,
        18,
        1664,
        15,
        14,
        6,
        1,
        0,
        5046,
        3,
        6,
        0,
        0
      ],
      [
        21,
        1246,
        0,
        0,
        0,
        0,
        0,
        0,
        0,
        0,
        174,
        0,
        0,
        0,
        0
      ],
      [
        9,
        0,
        28545,
        1,
        17,
        0,
        0,
        0,
        0,
        0,
        0,
        0,
        0,
        0,
        0
      ],
      [
        2,
        0,
        6,
        2105,
        157,
        1,
        1,
        0,
        0,
        0,
        0,
        0,
        0,
        0,
        0
      ],
      [
        128,
        0,
        75,
        15,
        87672,
        0,
        0,
        0,
        0,
        0,
        4,
        0,
        0,
        0,
        0
      ],
      [
        26,
        0,
        0,
        21,
        1,
        1286,
        14,
        0,
        0,
        0,
        0,
        0,
        0,
        0,
        0
      ],
      [
        17,
        0,
        0,
        2,
        1,
        16,
        1133,
        0,
        0,
        0,
        0,
        0,
        0,
        0,
        0
      ],
      [
        490,
        0,
        0,
        0,
        12,
        0,
        0,
        1505,
        0,
        0,
        404,
        0,
        0,
        0,
        0
      ],
      [
        0,
        0,
        0,
        0,
        0,
        0,
        0,
        0,
        0,
        0,
        0,
        0,
        0,
        0,
        0
      ],
      [
        4,
        0,
        0,
        0,
        0,
        0,
        0,
        0,
        0,
        0,
        11,
        0,
        0,
        0,
        0
      ],
      [
        755,
        362,
        10,
        1,
        28,
        0,
        0,
        81,
        0,
        0,
        47029,
        0,
        1,
        0,
        0
      ],
      [
        5,
        0,
        0,
        0,
        4,
        0,
        0,
        0,
        0,
        0,
        1,
        894,
        0,
        0,
        0
      ],
      [
        3,
        0,
        0,
        0,
        1,
        0,
        0,
        0,
        0,
        0,
        0,
        2,
        347,
        0,
        57
      ],
      [
        0,
        0,
        0,
        2,
        0,
        0,
        0,
        0,
        0,
        0,
        0,
        0,
        3,
        1,
        0
      ],
      [
        8,
        0,
        0,
        0,
        0,
        0,
        0,
        0,
        0,
        0,
        0,
        0,
        87,
        0,
        107
      ]
    ],
    "class_order": [
      "BENIGN",
      "Bot",
      "DDoS",
      "DoS GoldenEye",
      "DoS Hulk",
      "DoS Slowhttptest",
      "DoS slowloris",
      "FTP-Patator",
      "Heartbleed",
      "Infiltration",
      "PortScan",
      "SSH-Patator",
      "Web Attack - Brute Force",
      "Web Attack - Sql Injection",
      "Web Attack - XSS"
    ]
  },
  "feature_importances": null,
  "wall_seconds": 90.2
}