{
  "config": {
    "tool": "yaf",
    "regime": "native",
    "model": "logreg",
    "task": "multiclass",
    "split": "stratified",
    "seed": 2,
    "include_port": false,
    "dataset": "cicids2017",
    "n_features": 14,
    "subsample_benign": null,
    "max_train": 400000
  },
  "config_hash": "6effc6e850fb551d",
  "git_commit": null,
  "n_train": 400000,
  "n_test": 694754,
  "n_test_unseen_class": 0,
  "features": [
    "tool_flowDurationMicroseconds",
    "tool_flowDurationMilliseconds",
    "tool_reverseFlowDeltaMicroseconds",
    "tool_reverseFlowDeltaMilliseconds",
    "tool_protocolIdentifier",
    "tool_sourceTransportPort",
    "tool_packetTotalCount",
    "tool_octetTotalCount",
    "tool_flowAttributes",
    "tool_destinationTransportPort",
    "tool_reversePacketTotalCount",
    "tool_reverseOctetTotalCount",
    "tool_reverseFlowAttributes",
    "tool_silkAppLabel"
  ],
  "metrics": {
    "macro_f1": 0.34245363388857086,
    "weighted_f1": 0.8217341869974878,
    "balanced_accuracy": 0.7660711473214848,
    "per_class": {
      "BENIGN": {
        "precision": 0.9933050394480476,
        "recall": 0.77573228840246,
        "f1-score": 0.871139098312847,
        "support": 519843.0
      },
      "Bot": {
        "precision": 0.060425606445398024,
        "recall": 0.47883414295628035,
        "f1-score": 0.10730948678071539,
        "support": 1441.0
      },
      "DDoS": {
        "precision": 0.7635095187418707,
        "recall": 0.9039619207615848,
        "f1-score": 0.8278205128205128,
        "support": 28572.0
      },
      "DoS GoldenEye": {
        "precision": 0.17290463866215408,
        "recall": 0.764524647887324,
        "f1-score": 0.2820263029712616,
        "support": 2272.0
      },
      "DoS Hulk": {
        "precision": 0.562105581714123,
        "recall": 0.718501831751883,
        "f1-score": 0.6307536343342839,
        "support": 87894.0
      },
      "DoS Slowhttptest": {
        "precision": 0.19996700214486057,
        "recall": 0.8991097922848664,
        "f1-score": 0.32716965852341745,
        "support": 1348.0
      },
      "DoS slowloris": {
        "precision": 0.07375316990701607,
        "recall": 0.8956372968349017,
        "f1-score": 0.13628376179629026,
        "support": 1169.0
      },
      "FTP-Patator": {
        "precision": 0.04085153668450449,
        "recall": 0.5794276233927831,
        "f1-score": 0.07632211538461539,
        "support": 2411.0
      },
      "Heartbleed": {
        "precision": 0.0,
        "recall": 0.0,
        "f1-score": 0.0,
        "support": 0.0
      },
      "Infiltration": {
        "precision": 0.0014369290772862568,
        "recall": 0.9333333333333333,
        "f1-score": 0.0028694404591104736,
        "support": 15.0
      },
      "PortScan": {
        "precision": 0.8772820302906262,
        "recall": 0.6660451239977625,
        "f1-score": 0.757207461842849,
        "support": 48267.0
      },
      "SSH-Patator": {
        "precision": 0.6789272030651341,
        "recall": 0.9800884955752213,
        "f1-score": 0.8021729289271163,
        "support": 904.0
      },
      "Web Attack - Brute Force": {
        "precision": 0.11969904240766074,
        "recall": 0.4268292682926829,
        "f1-score": 0.18696581196581197,
        "support": 410.0
      },
      "Web Attack - Sql Injection": {
        "precision": 0.00038950921838483513,
        "recall": 1.0,
        "f1-score": 0.0007787151200519143,
        "support": 6.0
      },
      "Web Attack - XSS": {
        "precision": 0.07040158651462568,
        "recall": 0.7029702970297029,
        "f1-score": 0.12798557908968003,
        "support": 202.0
      }
    },
    "confusion_matrix": [
      [
        403259,
        2165,
        2095,
        5662,
        47349,
        4436,
        12995,
        26000,
        105,
        2195,
        3813,
        419,
        1110,
        6615,
        1625
      ],
      [
        0,
        690,
        0,
        0,
        6,
        56,
        0,
        0,
        0,
        1,
        683,
        0,
        0,
        5,
        0
      ],
      [
        28,
        2,
        25828,
        1524,
        963,
        39,
        6,
        0,
        0,
        8,
        0,
        0,
        7,
        167,
        0
      ],
      [
        95,
        0,
        348,
        1737,
        6,
        37,
        0,
        22,
        0,
        0,
        0,
        0,
        0,
        27,
        0
      ],
      [
        2573,
        2635,
        5540,
        1072,
        63152,
        248,
        103,
        4922,
        0,
        22,
        0,
        0,
        0,
        7627,
        0
      ],
      [
        0,
        0,
        0,
        50,
        49,
        1212,
        33,
        0,
        0,
        0,
        0,
        0,
        0,
        4,
        0
      ],
      [
        1,
        41,
        0,
        0,
        9,
        27,
        1047,
        0,
        0,
        0,
        0,
        0,
        0,
        44,
        0
      ],
      [
        2,
        0,
        0,
        0,
        268,
        4,
        7,
        1397,
        0,
        732,
        0,
        0,
        1,
        0,
        0
      ],
      [
        0,
        0,
        0,
        0,
        0,
        0,
        0,
        0,
        0,
        0,
        0,
        0,
        0,
        0,
        0
      ],
      [
        0,
        0,
        0,
        0,
        0,
        0,
        0,
        0,
        0,
        14,
        0,
        0,
        0,
        0,
        1
      ],
      [
        6,
        5881,
        17,
        0,
        543,
        2,
        5,
        1856,
        0,
        6770,
        32148,
        0,
        100,
        903,
        36
      ],
      [
        1,
        0,
        0,
        0,
        4,
        0,
        0,
        0,
        0,
        1,
        0,
        886,
        11,
        0,
        1
      ],
      [
        11,
        5,
        0,
        0,
        0,
        0,
        0,
        0,
        0,
        0,
        1,
        0,
        175,
        6,
        212
      ],
      [
        0,
        0,
        0,
        0,
        0,
        0,
        0,
        0,
        0,
        0,
        0,
        0,
        0,
        6,
        0
      ],
      [
        1,
        0,
        0,
        1,
        0,
        0,
        0,
        0,
        0,
        0,
        0,
        0,
        58,
        0,
        142
      ]
    ],
    "class_order": [
      "BENIGN",
      "Bot",
      "DDoS",
      "DoS GoldenEye",
      "DoS Hulk",
      "DoS Slowhttptest",
      "DoS slowloris",
      "FTP-Patator",
      "Heartbleed",
      "Infiltration",
      "PortScan",
      "SSH-Patator",
      "Web Attack - Brute Force",
      "Web Attack - Sql Injection",
      "Web Attack - XSS"
    ]
  },
  "feature_importances": null,
  "wall_seconds": 63.5
}