{
  "config": {
    "tool": "yaf",
    "regime": "native",
    "model": "mlp",
    "task": "multiclass",
    "split": "stratified",
    "seed": 4,
    "include_port": false,
    "dataset": "cicids2017",
    "n_features": 14,
    "subsample_benign": null,
    "max_train": 400000
  },
  "config_hash": "ebfbd9fd750a1d44",
  "git_commit": null,
  "n_train": 400000,
  "n_test": 694754,
  "n_test_unseen_class": 0,
  "features": [
    "tool_flowDurationMicroseconds",
    "tool_flowDurationMilliseconds",
    "tool_reverseFlowDeltaMicroseconds",
    "tool_reverseFlowDeltaMilliseconds",
    "tool_protocolIdentifier",
    "tool_sourceTransportPort",
    "tool_packetTotalCount",
    "tool_octetTotalCount",
    "tool_flowAttributes",
    "tool_destinationTransportPort",
    "tool_reversePacketTotalCount",
    "tool_reverseOctetTotalCount",
    "tool_reverseFlowAttributes",
    "tool_silkAppLabel"
  ],
  "metrics": {
    "macro_f1": 0.7336314972310581,
    "weighted_f1": 0.9864039879375186,
    "balanced_accuracy": 0.7824801524715982,
    "per_class": {
      "BENIGN": {
        "precision": 0.9976193902994045,
        "recall": 0.9867017541834746,
        "f1-score": 0.9921305380963388,
        "support": 519843.0
      },
      "Bot": {
        "precision": 0.7828191167574108,
        "recall": 0.8979875086745316,
        "f1-score": 0.8364576599870718,
        "support": 1441.0
      },
      "DDoS": {
        "precision": 0.9978323194182225,
        "recall": 0.998880022399552,
        "f1-score": 0.99835589603666,
        "support": 28572.0
      },
      "DoS GoldenEye": {
        "precision": 0.9933774834437086,
        "recall": 0.9242957746478874,
        "f1-score": 0.957592339261286,
        "support": 2272.0
      },
      "DoS Hulk": {
        "precision": 0.9781565023670287,
        "recall": 0.999089812728969,
        "f1-score": 0.9885123459917037,
        "support": 87894.0
      },
      "DoS Slowhttptest": {
        "precision": 0.9593023255813954,
        "recall": 0.9792284866468842,
        "f1-score": 0.9691629955947136,
        "support": 1348.0
      },
      "DoS slowloris": {
        "precision": 0.9481054365733114,
        "recall": 0.9846022241231822,
        "f1-score": 0.966009232060428,
        "support": 1169.0
      },
      "FTP-Patator": {
        "precision": 0.8413186813186814,
        "recall": 0.7938614682704273,
        "f1-score": 0.8169014084507042,
        "support": 2411.0
      },
      "Heartbleed": {
        "precision": 0.0,
        "recall": 0.0,
        "f1-score": 0.0,
        "support": 0.0
      },
      "Infiltration": {
        "precision": 0.0,
        "recall": 0.0,
        "f1-score": 0.0,
        "support": 15.0
      },
      "PortScan": {
        "precision": 0.899951992318771,
        "recall": 0.9709532392732094,
        "f1-score": 0.9341053596699288,
        "support": 48267.0
      },
      "SSH-Patator": {
        "precision": 0.9922048997772829,
        "recall": 0.9856194690265486,
        "f1-score": 0.9889012208657048,
        "support": 904.0
      },
      "Web Attack - Brute Force": {
        "precision": 0.6860254083484574,
        "recall": 0.9219512195121952,
        "f1-score": 0.7866805411030177,
        "support": 410.0
      },
      "Web Attack - Sql Injection": {
        "precision": 1.0,
        "recall": 0.3333333333333333,
        "f1-score": 0.5,
        "support": 6.0
      },
      "Web Attack - XSS": {
        "precision": 0.5538461538461539,
        "recall": 0.1782178217821782,
        "f1-score": 0.2696629213483146,
        "support": 202.0
      }
    },
    "confusion_matrix": [
      [
        512930,
        29,
        6,
        3,
        1754,
        47,
        33,
        33,
        0,
        4997,
        5,
        6,
        0,
        0
      ],
      [
        4,
        1294,
        0,
        0,
        0,
        0,
        0,
        0,
        0,
        143,
        0,
        0,
        0,
        0
      ],
      [
        9,
        0,
        28540,
        0,
        23,
        0,
        0,
        0,
        0,
        0,
        0,
        0,
        0,
        0
      ],
      [
        7,
        0,
        10,
        2100,
        143,
        8,
        4,
        0,
        0,
        0,
        0,
        0,
        0,
        0
      ],
      [
        14,
        0,
        36,
        8,
        87814,
        0,
        1,
        0,
        0,
        19,
        0,
        2,
        0,
        0
      ],
      [
        5,
        0,
        0,
        2,
        0,
        1320,
        20,
        0,
        0,
        1,
        0,
        0,
        0,
        0
      ],
      [
        8,
        0,
        0,
        1,
        7,
        1,
        1151,
        0,
        0,
        0,
        1,
        0,
        0,
        0
      ],
      [
        458,
        0,
        0,
        0,
        11,
        0,
        0,
        1914,
        0,
        28,
        0,
        0,
        0,
        0
      ],
      [
        1,
        0,
        0,
        0,
        0,
        0,
        0,
        0,
        0,
        13,
        0,
        1,
        0,
        0
      ],
      [
        712,
        330,
        10,
        0,
        21,
        0,
        1,
        328,
        0,
        46865,
        0,
        0,
        0,
        0
      ],
      [
        4,
        0,
        0,
        0,
        1,
        0,
        0,
        0,
        0,
        8,
        891,
        0,
        0,
        0
      ],
      [
        0,
        0,
        0,
        0,
        1,
        0,
        2,
        0,
        0,
        0,
        0,
        378,
        0,
        29
      ],
      [
        0,
        0,
        0,
        0,
        0,
        0,
        1,
        0,
        0,
        1,
        1,
        1,
        2,
        0
      ],
      [
        2,
        0,
        0,
        0,
        0,
        0,
        1,
        0,
        0,
        0,
        0,
        163,
        0,
        36
      ]
    ],
    "class_order": [
      "BENIGN",
      "Bot",
      "DDoS",
      "DoS GoldenEye",
      "DoS Hulk",
      "DoS Slowhttptest",
      "DoS slowloris",
      "FTP-Patator",
      "Heartbleed",
      "Infiltration",
      "PortScan",
      "SSH-Patator",
      "Web Attack - Brute Force",
      "Web Attack - Sql Injection",
      "Web Attack - XSS"
    ]
  },
  "feature_importances": null,
  "wall_seconds": 86.4
}