{
  "config": {
    "tool": "yaf",
    "regime": "common",
    "model": "rf",
    "task": "binary",
    "split": "temporal",
    "seed": 2,
    "include_port": false,
    "dataset": "cicids2017",
    "n_features": 9,
    "subsample_benign": null,
    "max_train": 400000
  },
  "config_hash": "5d7798dd4a052fb6",
  "git_commit": null,
  "n_train": 400000,
  "n_test": 951348,
  "n_test_unseen_class": 0,
  "features": [
    "duration",
    "pkts_fwd",
    "pkts_bwd",
    "bytes_fwd",
    "bytes_bwd",
    "tot_pkts",
    "tot_bytes",
    "is_tcp",
    "is_udp"
  ],
  "metrics": {
    "macro_f1": 0.6500601320360342,
    "weighted_f1": 0.7375841481448688,
    "balanced_accuracy": 0.6367325354368181,
    "per_class": {
      "0": {
        "precision": 0.7889396564514061,
        "recall": 0.9116320695506637,
        "f1-score": 0.845859872611465,
        "support": 688304.0
      },
      "1": {
        "precision": 0.6101075627235548,
        "recall": 0.3618330013229726,
        "f1-score": 0.4542603914606034,
        "support": 263044.0
      }
    },
    "fpr": 0.08836793044933634,
    "attack_recall": 0.3618330013229726,
    "attack_precision": 0.6101075627235548,
    "auc_pr": 0.6793270288702588,
    "confusion_matrix": [
      [
        627480,
        60824
      ],
      [
        167866,
        95178
      ]
    ],
    "class_order": [
      "0",
      "1"
    ]
  },
  "feature_importances": {
    "bytes_bwd": 0.1799916737089889,
    "tot_bytes": 0.164921038192863,
    "is_tcp": 0.14858303806389547,
    "is_udp": 0.1362141017592187,
    "bytes_fwd": 0.09699771864315046,
    "tot_pkts": 0.08085654961467009,
    "pkts_bwd": 0.08006971302397825,
    "duration": 0.06017803377925033,
    "pkts_fwd": 0.05218813321398477
  },
  "wall_seconds": 9.9
}