{
  "config": {
    "tool": "yaf",
    "regime": "common",
    "model": "rf",
    "task": "multiclass",
    "split": "stratified",
    "seed": 1,
    "include_port": false,
    "dataset": "cicids2017",
    "n_features": 9,
    "subsample_benign": null,
    "max_train": 400000
  },
  "config_hash": "0befd67d633ca7c6",
  "git_commit": null,
  "n_train": 400000,
  "n_test": 694754,
  "n_test_unseen_class": 0,
  "features": [
    "duration",
    "pkts_fwd",
    "pkts_bwd",
    "bytes_fwd",
    "bytes_bwd",
    "tot_pkts",
    "tot_bytes",
    "is_tcp",
    "is_udp"
  ],
  "metrics": {
    "macro_f1": 0.5717085361662646,
    "weighted_f1": 0.9287097772147592,
    "balanced_accuracy": 0.7362862184176294,
    "per_class": {
      "BENIGN": {
        "precision": 0.9988442836573227,
        "recall": 0.906088953780276,
        "f1-score": 0.950208389650317,
        "support": 519843.0
      },
      "Bot": {
        "precision": 0.21570556976973038,
        "recall": 0.7605829285218598,
        "f1-score": 0.3360932229377492,
        "support": 1441.0
      },
      "DDoS": {
        "precision": 0.9996848518803838,
        "recall": 0.999195016099678,
        "f1-score": 0.9994398739716436,
        "support": 28572.0
      },
      "DoS GoldenEye": {
        "precision": 0.9029518803073191,
        "recall": 0.9828345070422535,
        "f1-score": 0.9412012644889357,
        "support": 2272.0
      },
      "DoS Hulk": {
        "precision": 0.6883352283026019,
        "recall": 0.9505313218194643,
        "f1-score": 0.7984593917846972,
        "support": 87894.0
      },
      "DoS Slowhttptest": {
        "precision": 0.9234012649332396,
        "recall": 0.9747774480712166,
        "f1-score": 0.948394081559004,
        "support": 1348.0
      },
      "DoS slowloris": {
        "precision": 0.8450184501845018,
        "recall": 0.979469632164243,
        "f1-score": 0.9072900158478605,
        "support": 1169.0
      },
      "FTP-Patator": {
        "precision": 0.26123060168799345,
        "recall": 0.795935296557445,
        "f1-score": 0.39335861432817465,
        "support": 2411.0
      },
      "Heartbleed": {
        "precision": 0.0,
        "recall": 0.0,
        "f1-score": 0.0,
        "support": 0.0
      },
      "Infiltration": {
        "precision": 0.009445100354191263,
        "recall": 0.5333333333333333,
        "f1-score": 0.018561484918793503,
        "support": 15.0
      },
      "PortScan": {
        "precision": 0.9039996972792977,
        "recall": 0.9899102906747882,
        "f1-score": 0.9450064773884752,
        "support": 48267.0
      },
      "SSH-Patator": {
        "precision": 1.0,
        "recall": 0.9668141592920354,
        "f1-score": 0.983127109111361,
        "support": 904.0
      },
      "Web Attack - Brute Force": {
        "precision": 0.1833855799373041,
        "recall": 0.28536585365853656,
        "f1-score": 0.22328244274809161,
        "support": 410.0
      },
      "Web Attack - Sql Injection": {
        "precision": 0.0,
        "recall": 0.0,
        "f1-score": 0.0,
        "support": 6.0
      },
      "Web Attack - XSS": {
        "precision": 0.10220994475138122,
        "recall": 0.18316831683168316,
        "f1-score": 0.13120567375886524,
        "support": 202.0
      }
    },
    "confusion_matrix": [
      [
        471024,
        485,
        3,
        231,
        37039,
        99,
        29,
        4265,
        839,
        5073,
        0,
        482,
        0,
        274
      ],
      [
        28,
        1096,
        0,
        0,
        5,
        0,
        0,
        312,
        0,
        0,
        0,
        0,
        0,
        0
      ],
      [
        7,
        0,
        28549,
        0,
        16,
        0,
        0,
        0,
        0,
        0,
        0,
        0,
        0,
        0
      ],
      [
        21,
        0,
        0,
        2233,
        16,
        2,
        0,
        0,
        0,
        0,
        0,
        0,
        0,
        0
      ],
      [
        32,
        3461,
        6,
        9,
        83546,
        0,
        0,
        840,
        0,
        0,
        0,
        0,
        0,
        0
      ],
      [
        23,
        1,
        0,
        0,
        0,
        1314,
        9,
        0,
        0,
        1,
        0,
        0,
        0,
        0
      ],
      [
        16,
        0,
        0,
        0,
        0,
        8,
        1145,
        0,
        0,
        0,
        0,
        0,
        0,
        0
      ],
      [
        14,
        33,
        0,
        0,
        445,
        0,
        0,
        1919,
        0,
        0,
        0,
        0,
        0,
        0
      ],
      [
        0,
        4,
        0,
        0,
        0,
        0,
        0,
        3,
        8,
        0,
        0,
        0,
        0,
        0
      ],
      [
        7,
        1,
        0,
        0,
        305,
        0,
        172,
        0,
        0,
        47780,
        0,
        1,
        0,
        1
      ],
      [
        22,
        0,
        0,
        0,
        1,
        0,
        0,
        7,
        0,
        0,
        874,
        0,
        0,
        0
      ],
      [
        242,
        0,
        0,
        0,
        1,
        0,
        0,
        0,
        0,
        0,
        0,
        117,
        0,
        50
      ],
      [
        6,
        0,
        0,
        0,
        0,
        0,
        0,
        0,
        0,
        0,
        0,
        0,
        0,
        0
      ],
      [
        127,
        0,
        0,
        0,
        0,
        0,
        0,
        0,
        0,
        0,
        0,
        38,
        0,
        37
      ]
    ],
    "class_order": [
      "BENIGN",
      "Bot",
      "DDoS",
      "DoS GoldenEye",
      "DoS Hulk",
      "DoS Slowhttptest",
      "DoS slowloris",
      "FTP-Patator",
      "Heartbleed",
      "Infiltration",
      "PortScan",
      "SSH-Patator",
      "Web Attack - Brute Force",
      "Web Attack - Sql Injection",
      "Web Attack - XSS"
    ]
  },
  "feature_importances": {
    "duration": 0.2281885821033681,
    "tot_bytes": 0.1905125623760324,
    "bytes_fwd": 0.18171439435969178,
    "bytes_bwd": 0.13333693224220589,
    "tot_pkts": 0.08696489634771534,
    "pkts_bwd": 0.08403359244872556,
    "pkts_fwd": 0.07130382277397777,
    "is_tcp": 0.014461517513659754,
    "is_udp": 0.009483699834623488
  },
  "wall_seconds": 14.6
}