{
  "config": {
    "tool": "yaf",
    "regime": "common",
    "model": "xgb",
    "task": "multiclass",
    "split": "stratified",
    "seed": 1,
    "include_port": false,
    "dataset": "cicids2017",
    "n_features": 9,
    "subsample_benign": null,
    "max_train": 400000
  },
  "config_hash": "bffd1ee954969f8e",
  "git_commit": null,
  "n_train": 400000,
  "n_test": 694754,
  "n_test_unseen_class": 0,
  "features": [
    "duration",
    "pkts_fwd",
    "pkts_bwd",
    "bytes_fwd",
    "bytes_bwd",
    "tot_pkts",
    "tot_bytes",
    "is_tcp",
    "is_udp"
  ],
  "metrics": {
    "macro_f1": 0.6243793073025685,
    "weighted_f1": 0.9495973827297982,
    "balanced_accuracy": 0.6289899809948168,
    "per_class": {
      "BENIGN": {
        "precision": 0.9507207428669652,
        "recall": 0.9894852869039306,
        "f1-score": 0.969715764807019,
        "support": 519843.0
      },
      "Bot": {
        "precision": 0.9888888888888889,
        "recall": 0.4323386537126995,
        "f1-score": 0.6016417189763399,
        "support": 1441.0
      },
      "DDoS": {
        "precision": 0.9995448498004341,
        "recall": 0.999195016099678,
        "f1-score": 0.9993699023348619,
        "support": 28572.0
      },
      "DoS GoldenEye": {
        "precision": 0.9906458797327394,
        "recall": 0.9788732394366197,
        "f1-score": 0.9847243745849015,
        "support": 2272.0
      },
      "DoS Hulk": {
        "precision": 0.9860655230073698,
        "recall": 0.7246000864677907,
        "f1-score": 0.8353510578297766,
        "support": 87894.0
      },
      "DoS Slowhttptest": {
        "precision": 0.9012261580381471,
        "recall": 0.9814540059347181,
        "f1-score": 0.9396306818181818,
        "support": 1348.0
      },
      "DoS slowloris": {
        "precision": 0.9845094664371773,
        "recall": 0.9786142001710864,
        "f1-score": 0.9815529815529815,
        "support": 1169.0
      },
      "FTP-Patator": {
        "precision": 0.9967051070840197,
        "recall": 0.501866445458316,
        "f1-score": 0.6675862068965517,
        "support": 2411.0
      },
      "Heartbleed": {
        "precision": 0.0,
        "recall": 0.0,
        "f1-score": 0.0,
        "support": 0.0
      },
      "Infiltration": {
        "precision": 0.0,
        "recall": 0.0,
        "f1-score": 0.0,
        "support": 15.0
      },
      "PortScan": {
        "precision": 0.9025657496977025,
        "recall": 0.989723827874117,
        "f1-score": 0.9441375562033697,
        "support": 48267.0
      },
      "SSH-Patator": {
        "precision": 1.0,
        "recall": 0.9679203539823009,
        "f1-score": 0.983698707138842,
        "support": 904.0
      },
      "Web Attack - Brute Force": {
        "precision": 0.9285714285714286,
        "recall": 0.0951219512195122,
        "f1-score": 0.17256637168141592,
        "support": 410.0
      },
      "Web Attack - Sql Injection": {
        "precision": 1.0,
        "recall": 0.16666666666666666,
        "f1-score": 0.2857142857142857,
        "support": 6.0
      },
      "Web Attack - XSS": {
        "precision": 0.0,
        "recall": 0.0,
        "f1-score": 0.0,
        "support": 202.0
      }
    },
    "confusion_matrix": [
      [
        514377,
        4,
        3,
        8,
        387,
        137,
        9,
        4,
        0,
        4911,
        0,
        3,
        0,
        0
      ],
      [
        376,
        623,
        0,
        0,
        442,
        0,
        0,
        0,
        0,
        0,
        0,
        0,
        0,
        0
      ],
      [
        20,
        0,
        28549,
        0,
        3,
        0,
        0,
        0,
        0,
        0,
        0,
        0,
        0,
        0
      ],
      [
        20,
        0,
        0,
        2224,
        26,
        2,
        0,
        0,
        0,
        0,
        0,
        0,
        0,
        0
      ],
      [
        23943,
        0,
        10,
        13,
        63688,
        0,
        0,
        0,
        0,
        240,
        0,
        0,
        0,
        0
      ],
      [
        15,
        0,
        0,
        0,
        1,
        1323,
        9,
        0,
        0,
        0,
        0,
        0,
        0,
        0
      ],
      [
        14,
        0,
        0,
        0,
        0,
        6,
        1144,
        0,
        0,
        5,
        0,
        0,
        0,
        0
      ],
      [
        1168,
        0,
        0,
        0,
        33,
        0,
        0,
        1210,
        0,
        0,
        0,
        0,
        0,
        0
      ],
      [
        11,
        2,
        0,
        0,
        2,
        0,
        0,
        0,
        0,
        0,
        0,
        0,
        0,
        0
      ],
      [
        489,
        1,
        0,
        0,
        6,
        0,
        0,
        0,
        0,
        47771,
        0,
        0,
        0,
        0
      ],
      [
        29,
        0,
        0,
        0,
        0,
        0,
        0,
        0,
        0,
        0,
        875,
        0,
        0,
        0
      ],
      [
        370,
        0,
        0,
        0,
        0,
        0,
        0,
        0,
        0,
        1,
        0,
        39,
        0,
        0
      ],
      [
        5,
        0,
        0,
        0,
        0,
        0,
        0,
        0,
        0,
        0,
        0,
        0,
        1,
        0
      ],
      [
        202,
        0,
        0,
        0,
        0,
        0,
        0,
        0,
        0,
        0,
        0,
        0,
        0,
        0
      ]
    ],
    "class_order": [
      "BENIGN",
      "Bot",
      "DDoS",
      "DoS GoldenEye",
      "DoS Hulk",
      "DoS Slowhttptest",
      "DoS slowloris",
      "FTP-Patator",
      "Heartbleed",
      "Infiltration",
      "PortScan",
      "SSH-Patator",
      "Web Attack - Brute Force",
      "Web Attack - Sql Injection",
      "Web Attack - XSS"
    ]
  },
  "feature_importances": {
    "is_tcp": 0.4579290747642517,
    "is_udp": 0.187181293964386,
    "bytes_fwd": 0.08612799644470215,
    "tot_pkts": 0.07259287685155869,
    "pkts_bwd": 0.06949874013662338,
    "tot_bytes": 0.06900808215141296,
    "bytes_bwd": 0.04259386658668518,
    "duration": 0.010168167762458324,
    "pkts_fwd": 0.004899826366454363
  },
  "wall_seconds": 35.3
}