{
  "config": {
    "tool": "yaf",
    "regime": "common",
    "model": "logreg",
    "task": "multiclass",
    "split": "stratified",
    "seed": 4,
    "include_port": false,
    "dataset": "cicids2017",
    "n_features": 9,
    "subsample_benign": null,
    "max_train": 400000
  },
  "config_hash": "3b184aebc8d4cee7",
  "git_commit": null,
  "n_train": 400000,
  "n_test": 694754,
  "n_test_unseen_class": 0,
  "features": [
    "duration",
    "pkts_fwd",
    "pkts_bwd",
    "bytes_fwd",
    "bytes_bwd",
    "tot_pkts",
    "tot_bytes",
    "is_tcp",
    "is_udp"
  ],
  "metrics": {
    "macro_f1": 0.32668743000533706,
    "weighted_f1": 0.742561654035068,
    "balanced_accuracy": 0.6477707088585012,
    "per_class": {
      "BENIGN": {
        "precision": 0.9999879038964573,
        "recall": 0.6361170584195613,
        "f1-score": 0.7775899206140185,
        "support": 519843.0
      },
      "Bot": {
        "precision": 0.012023809523809523,
        "recall": 0.14018043025676613,
        "f1-score": 0.022147908557644865,
        "support": 1441.0
      },
      "DDoS": {
        "precision": 0.7390508067826581,
        "recall": 0.8191586168276634,
        "f1-score": 0.7770455337726797,
        "support": 28572.0
      },
      "DoS GoldenEye": {
        "precision": 0.13775604355047055,
        "recall": 0.6571302816901409,
        "f1-score": 0.22776506483600306,
        "support": 2272.0
      },
      "DoS Hulk": {
        "precision": 0.49353511490926966,
        "recall": 0.7083077343163355,
        "f1-score": 0.5817311960081668,
        "support": 87894.0
      },
      "DoS Slowhttptest": {
        "precision": 0.3496821071752952,
        "recall": 0.8568249258160238,
        "f1-score": 0.49666738335841754,
        "support": 1348.0
      },
      "DoS slowloris": {
        "precision": 0.3240174672489083,
        "recall": 0.9520958083832335,
        "f1-score": 0.4834926151172893,
        "support": 1169.0
      },
      "FTP-Patator": {
        "precision": 0.3559322033898305,
        "recall": 0.49647449191206966,
        "f1-score": 0.41461724974021474,
        "support": 2411.0
      },
      "Heartbleed": {
        "precision": 0.0,
        "recall": 0.0,
        "f1-score": 0.0,
        "support": 0.0
      },
      "Infiltration": {
        "precision": 0.0,
        "recall": 0.0,
        "f1-score": 0.0,
        "support": 15.0
      },
      "PortScan": {
        "precision": 0.5809971523959152,
        "recall": 0.9806907410860423,
        "f1-score": 0.7296957738228289,
        "support": 48267.0
      },
      "SSH-Patator": {
        "precision": 0.22596401028277635,
        "recall": 0.9723451327433629,
        "f1-score": 0.3667083854818523,
        "support": 904.0
      },
      "Web Attack - Brute Force": {
        "precision": 0.0012957945576628578,
        "recall": 0.08048780487804878,
        "f1-score": 0.002550527495459288,
        "support": 410.0
      },
      "Web Attack - Sql Injection": {
        "precision": 0.00013035090463527817,
        "recall": 0.8333333333333334,
        "f1-score": 0.00026066103638828066,
        "support": 6.0
      },
      "Web Attack - XSS": {
        "precision": 0.010128074594073201,
        "recall": 0.9356435643564357,
        "f1-score": 0.020039230239092404,
        "support": 202.0
      }
    },
    "confusion_matrix": [
      [
        330681,
        16252,
        2249,
        4851,
        60722,
        1346,
        2181,
        2142,
        463,
        196,
        14994,
        3010,
        25399,
        38178,
        17179
      ],
      [
        0,
        202,
        0,
        0,
        0,
        0,
        46,
        0,
        0,
        0,
        1184,
        0,
        0,
        9,
        0
      ],
      [
        0,
        4,
        23405,
        2368,
        1974,
        79,
        0,
        0,
        0,
        2,
        0,
        0,
        2,
        78,
        660
      ],
      [
        0,
        0,
        399,
        1493,
        1,
        61,
        1,
        0,
        0,
        0,
        23,
        0,
        0,
        25,
        269
      ],
      [
        0,
        10,
        5605,
        2085,
        62256,
        657,
        25,
        22,
        8,
        1,
        17182,
        0,
        0,
        36,
        7
      ],
      [
        0,
        0,
        0,
        37,
        85,
        1155,
        69,
        0,
        0,
        0,
        0,
        0,
        0,
        2,
        0
      ],
      [
        0,
        43,
        0,
        0,
        8,
        1,
        1113,
        0,
        0,
        0,
        0,
        0,
        0,
        3,
        1
      ],
      [
        0,
        0,
        0,
        0,
        467,
        3,
        0,
        1197,
        0,
        0,
        736,
        0,
        8,
        0,
        0
      ],
      [
        0,
        0,
        0,
        0,
        0,
        0,
        0,
        0,
        0,
        0,
        0,
        0,
        0,
        0,
        0
      ],
      [
        0,
        0,
        0,
        0,
        0,
        0,
        0,
        1,
        0,
        0,
        13,
        1,
        0,
        0,
        0
      ],
      [
        0,
        279,
        11,
        1,
        626,
        1,
        0,
        0,
        0,
        0,
        47335,
        0,
        13,
        1,
        0
      ],
      [
        4,
        10,
        0,
        0,
        4,
        0,
        0,
        0,
        0,
        0,
        5,
        879,
        0,
        2,
        0
      ],
      [
        0,
        0,
        0,
        2,
        0,
        0,
        0,
        1,
        0,
        0,
        0,
        0,
        33,
        19,
        355
      ],
      [
        0,
        0,
        0,
        0,
        0,
        0,
        0,
        0,
        0,
        0,
        0,
        0,
        0,
        5,
        1
      ],
      [
        0,
        0,
        0,
        1,
        0,
        0,
        0,
        0,
        0,
        0,
        0,
        0,
        12,
        0,
        189
      ]
    ],
    "class_order": [
      "BENIGN",
      "Bot",
      "DDoS",
      "DoS GoldenEye",
      "DoS Hulk",
      "DoS Slowhttptest",
      "DoS slowloris",
      "FTP-Patator",
      "Heartbleed",
      "Infiltration",
      "PortScan",
      "SSH-Patator",
      "Web Attack - Brute Force",
      "Web Attack - Sql Injection",
      "Web Attack - XSS"
    ]
  },
  "feature_importances": null,
  "wall_seconds": 36.1
}