{
  "config": {
    "tool": "yaf",
    "regime": "native",
    "model": "rf",
    "task": "binary",
    "split": "stratified",
    "seed": 0,
    "include_port": false,
    "dataset": "cicids2017",
    "n_features": 14,
    "subsample_benign": null,
    "max_train": 400000
  },
  "config_hash": "c323e6d28d42fc62",
  "git_commit": null,
  "n_train": 400000,
  "n_test": 694754,
  "n_test_unseen_class": 0,
  "features": [
    "tool_flowDurationMicroseconds",
    "tool_flowDurationMilliseconds",
    "tool_reverseFlowDeltaMicroseconds",
    "tool_reverseFlowDeltaMilliseconds",
    "tool_protocolIdentifier",
    "tool_sourceTransportPort",
    "tool_packetTotalCount",
    "tool_octetTotalCount",
    "tool_flowAttributes",
    "tool_destinationTransportPort",
    "tool_reversePacketTotalCount",
    "tool_reverseOctetTotalCount",
    "tool_reverseFlowAttributes",
    "tool_silkAppLabel"
  ],
  "metrics": {
    "macro_f1": 0.9901297404109186,
    "weighted_f1": 0.9925352610617696,
    "balanced_accuracy": 0.9937456075733979,
    "per_class": {
      "0": {
        "precision": 0.9987246925113479,
        "recall": 0.9912531283483668,
        "f1-score": 0.9949748840747753,
        "support": 519843.0
      },
      "1": {
        "precision": 0.9745693512304251,
        "recall": 0.996238086798429,
        "f1-score": 0.9852845967470618,
        "support": 174911.0
      }
    },
    "fpr": 0.008746871651633282,
    "attack_recall": 0.996238086798429,
    "attack_precision": 0.9745693512304251,
    "auc_pr": 0.9994327130622176,
    "confusion_matrix": [
      [
        515296,
        4547
      ],
      [
        658,
        174253
      ]
    ],
    "class_order": [
      "0",
      "1"
    ]
  },
  "feature_importances": {
    "tool_reverseFlowDeltaMicroseconds": 0.17886182293670125,
    "tool_destinationTransportPort": 0.1397321375982463,
    "tool_reverseFlowDeltaMilliseconds": 0.12537592416549867,
    "tool_protocolIdentifier": 0.09894761505242843,
    "tool_octetTotalCount": 0.08298578143289978,
    "tool_reverseOctetTotalCount": 0.08273595451154465,
    "tool_packetTotalCount": 0.04723322092872556,
    "tool_sourceTransportPort": 0.0470145772215231,
    "tool_reverseFlowAttributes": 0.045719428912120906,
    "tool_reversePacketTotalCount": 0.04368522636434246,
    "tool_silkAppLabel": 0.04189722353234845,
    "tool_flowAttributes": 0.028144891699112336,
    "tool_flowDurationMicroseconds": 0.02014133741453804,
    "tool_flowDurationMilliseconds": 0.017524858229970033
  },
  "wall_seconds": 31.0
}