{
  "config": {
    "tool": "zeek",
    "regime": "native",
    "model": "xgb",
    "task": "binary",
    "split": "temporal",
    "seed": 0,
    "include_port": false,
    "dataset": "cicids2017",
    "n_features": 20,
    "subsample_benign": null,
    "max_train": 400000
  },
  "config_hash": "e1f203e609510a66",
  "git_commit": null,
  "n_train": 400000,
  "n_test": 911094,
  "n_test_unseen_class": 0,
  "features": [
    "tool_ts",
    "tool_id.orig_p",
    "tool_id.resp_p",
    "tool_duration",
    "tool_orig_bytes",
    "tool_resp_bytes",
    "tool_missed_bytes",
    "tool_orig_pkts",
    "tool_resp_pkts",
    "tool_s_syn",
    "tool_s_fin",
    "tool_s_rst",
    "tool_s_psh",
    "tool_s_ack",
    "tool_s_urg",
    "tool_r_syn",
    "tool_r_fin",
    "tool_r_rst",
    "tool_r_psh",
    "tool_r_ack"
  ],
  "metrics": {
    "macro_f1": 0.7088262519211707,
    "weighted_f1": 0.7830884947297735,
    "balanced_accuracy": 0.6814321533452962,
    "per_class": {
      "0": {
        "precision": 0.7939681360014619,
        "recall": 0.9999891877030201,
        "f1-score": 0.8851487612232314,
        "support": 647411.0
      },
      "1": {
        "precision": 0.9999268478749308,
        "recall": 0.3628751189875722,
        "f1-score": 0.5325037426191099,
        "support": 263683.0
      }
    },
    "fpr": 1.0812296979816531e-05,
    "attack_recall": 0.3628751189875722,
    "attack_precision": 0.9999268478749308,
    "auc_pr": 0.8880258909309593,
    "confusion_matrix": [
      [
        647404,
        7
      ],
      [
        167999,
        95684
      ]
    ],
    "class_order": [
      "0",
      "1"
    ]
  },
  "feature_importances": {
    "tool_resp_bytes": 0.39054569602012634,
    "tool_resp_pkts": 0.23396173119544983,
    "tool_s_fin": 0.10320892930030823,
    "tool_s_ack": 0.07952672243118286,
    "tool_s_rst": 0.06236761063337326,
    "tool_id.resp_p": 0.05412052571773529,
    "tool_s_psh": 0.025975944474339485,
    "tool_r_ack": 0.02117885649204254,
    "tool_r_psh": 0.00687840860337019,
    "tool_duration": 0.005856251809746027,
    "tool_ts": 0.004483418073505163,
    "tool_s_syn": 0.0038665065076202154,
    "tool_orig_bytes": 0.0034338096156716347,
    "tool_r_rst": 0.0016543573001399636,
    "tool_missed_bytes": 0.0009577853488735855,
    "tool_r_syn": 0.0007698830449953675,
    "tool_orig_pkts": 0.00046256001223810017,
    "tool_r_fin": 0.0004017348983325064,
    "tool_id.orig_p": 0.0003492751275189221,
    "tool_s_urg": 0.0
  },
  "wall_seconds": 24.5
}