{
  "config": {
    "tool": "zeek",
    "regime": "native",
    "model": "logreg",
    "task": "multiclass",
    "split": "stratified",
    "seed": 3,
    "include_port": false,
    "dataset": "cicids2017",
    "n_features": 20,
    "subsample_benign": null,
    "max_train": 400000
  },
  "config_hash": "175bed5ddb60f71f",
  "git_commit": null,
  "n_train": 400000,
  "n_test": 635754,
  "n_test_unseen_class": 0,
  "features": [
    "tool_ts",
    "tool_id.orig_p",
    "tool_id.resp_p",
    "tool_duration",
    "tool_orig_bytes",
    "tool_resp_bytes",
    "tool_missed_bytes",
    "tool_orig_pkts",
    "tool_resp_pkts",
    "tool_s_syn",
    "tool_s_fin",
    "tool_s_rst",
    "tool_s_psh",
    "tool_s_ack",
    "tool_s_urg",
    "tool_r_syn",
    "tool_r_fin",
    "tool_r_rst",
    "tool_r_psh",
    "tool_r_ack"
  ],
  "metrics": {
    "macro_f1": 0.5481582074085928,
    "weighted_f1": 0.9618641566968685,
    "balanced_accuracy": 0.8802704572844438,
    "per_class": {
      "BENIGN": {
        "precision": 0.9999826738945403,
        "recall": 0.9286258751314834,
        "f1-score": 0.9629842055098223,
        "support": 497211.0
      },
      "Bot": {
        "precision": 0.47856214811606756,
        "recall": 0.7421087978509067,
        "f1-score": 0.5818852027382833,
        "support": 1489.0
      },
      "DDoS": {
        "precision": 0.9956283394629103,
        "recall": 0.9996864657725135,
        "f1-score": 0.9976532758530777,
        "support": 28705.0
      },
      "DoS GoldenEye": {
        "precision": 0.7901662049861495,
        "recall": 0.9827734711455641,
        "f1-score": 0.8760076775431862,
        "support": 2322.0
      },
      "DoS Hulk": {
        "precision": 0.9845742364869068,
        "recall": 0.9684109633738478,
        "f1-score": 0.9764257147850761,
        "support": 49036.0
      },
      "DoS Slowhttptest": {
        "precision": 0.5599850504547154,
        "recall": 0.932766134052708,
        "f1-score": 0.6998287404639576,
        "support": 4819.0
      },
      "DoS slowloris": {
        "precision": 0.2597432905484247,
        "recall": 0.9512820512820512,
        "f1-score": 0.4080659945004583,
        "support": 1170.0
      },
      "FTP-Patator": {
        "precision": 0.9024943310657596,
        "recall": 0.9974937343358395,
        "f1-score": 0.9476190476190476,
        "support": 1197.0
      },
      "Heartbleed": {
        "precision": 0.0,
        "recall": 0.0,
        "f1-score": 0.0,
        "support": 0.0
      },
      "Infiltration": {
        "precision": 0.004262574595055414,
        "recall": 0.6666666666666666,
        "f1-score": 0.00847098686997035,
        "support": 15.0
      },
      "PortScan": {
        "precision": 0.9826202934236176,
        "recall": 0.9919012407050685,
        "f1-score": 0.987238955202342,
        "support": 48279.0
      },
      "SSH-Patator": {
        "precision": 0.5120551090700345,
        "recall": 0.9977628635346756,
        "f1-score": 0.6767830045523521,
        "support": 894.0
      },
      "Web Attack - Brute Force": {
        "precision": 0.030927835051546393,
        "recall": 0.6365853658536585,
        "f1-score": 0.058989716352130184,
        "support": 410.0
      },
      "Web Attack - Sql Injection": {
        "precision": 0.00041519618019514223,
        "recall": 0.8,
        "f1-score": 0.0008299616142753397,
        "support": 5.0
      },
      "Web Attack - XSS": {
        "precision": 0.020348837209302327,
        "recall": 0.7277227722772277,
        "f1-score": 0.03959062752491247,
        "support": 202.0
      }
    },
    "confusion_matrix": [
      [
        461723,
        876,
        106,
        425,
        729,
        2116,
        2818,
        129,
        18,
        2336,
        454,
        850,
        8122,
        9612,
        6897
      ],
      [
        0,
        1105,
        0,
        0,
        0,
        0,
        0,
        0,
        0,
        0,
        384,
        0,
        0,
        0,
        0
      ],
      [
        0,
        0,
        28696,
        0,
        0,
        0,
        0,
        0,
        0,
        0,
        9,
        0,
        0,
        0,
        0
      ],
      [
        0,
        0,
        0,
        2282,
        14,
        14,
        12,
        0,
        0,
        0,
        0,
        0,
        0,
        0,
        0
      ],
      [
        0,
        0,
        0,
        177,
        47487,
        1346,
        24,
        0,
        0,
        0,
        0,
        0,
        1,
        1,
        0
      ],
      [
        1,
        0,
        0,
        0,
        1,
        4495,
        318,
        0,
        0,
        0,
        0,
        0,
        1,
        3,
        0
      ],
      [
        2,
        0,
        0,
        0,
        0,
        55,
        1113,
        0,
        0,
        0,
        0,
        0,
        0,
        0,
        0
      ],
      [
        0,
        0,
        0,
        3,
        0,
        0,
        0,
        1194,
        0,
        0,
        0,
        0,
        0,
        0,
        0
      ],
      [
        0,
        0,
        0,
        0,
        0,
        0,
        0,
        0,
        0,
        0,
        0,
        0,
        0,
        0,
        0
      ],
      [
        3,
        0,
        0,
        1,
        0,
        1,
        0,
        0,
        0,
        10,
        0,
        0,
        0,
        0,
        0
      ],
      [
        0,
        328,
        20,
        0,
        0,
        0,
        0,
        0,
        0,
        0,
        47888,
        0,
        0,
        0,
        43
      ],
      [
        2,
        0,
        0,
        0,
        0,
        0,
        0,
        0,
        0,
        0,
        0,
        892,
        0,
        0,
        0
      ],
      [
        0,
        0,
        0,
        0,
        0,
        0,
        0,
        0,
        0,
        0,
        0,
        0,
        261,
        12,
        137
      ],
      [
        0,
        0,
        0,
        0,
        0,
        0,
        0,
        0,
        0,
        0,
        0,
        0,
        1,
        4,
        0
      ],
      [
        0,
        0,
        0,
        0,
        0,
        0,
        0,
        0,
        0,
        0,
        0,
        0,
        53,
        2,
        147
      ]
    ],
    "class_order": [
      "BENIGN",
      "Bot",
      "DDoS",
      "DoS GoldenEye",
      "DoS Hulk",
      "DoS Slowhttptest",
      "DoS slowloris",
      "FTP-Patator",
      "Heartbleed",
      "Infiltration",
      "PortScan",
      "SSH-Patator",
      "Web Attack - Brute Force",
      "Web Attack - Sql Injection",
      "Web Attack - XSS"
    ]
  },
  "feature_importances": null,
  "wall_seconds": 69.5
}