{
  "config": {
    "tool": "zeek",
    "regime": "common",
    "model": "logreg",
    "task": "binary",
    "split": "temporal",
    "seed": 3,
    "include_port": false,
    "dataset": "cicids2017",
    "n_features": 9,
    "subsample_benign": null,
    "max_train": 400000
  },
  "config_hash": "d00ce04da23aaf6f",
  "git_commit": null,
  "n_train": 400000,
  "n_test": 911094,
  "n_test_unseen_class": 0,
  "features": [
    "duration",
    "pkts_fwd",
    "pkts_bwd",
    "bytes_fwd",
    "bytes_bwd",
    "tot_pkts",
    "tot_bytes",
    "is_tcp",
    "is_udp"
  ],
  "metrics": {
    "macro_f1": 0.8188460392080698,
    "weighted_f1": 0.8380592055093065,
    "balanced_accuracy": 0.8804545315515361,
    "per_class": {
      "0": {
        "precision": 0.9997100067935472,
        "recall": 0.7614513809620164,
        "f1-score": 0.864464291037644,
        "support": 647411.0
      },
      "1": {
        "precision": 0.6305101452465315,
        "recall": 0.9994576821410558,
        "f1-score": 0.7732277873784955,
        "support": 263683.0
      }
    },
    "fpr": 0.2385486190379836,
    "attack_recall": 0.9994576821410558,
    "attack_precision": 0.6305101452465315,
    "auc_pr": 0.8629537110490892,
    "confusion_matrix": [
      [
        492972,
        154439
      ],
      [
        143,
        263540
      ]
    ],
    "class_order": [
      "0",
      "1"
    ]
  },
  "feature_importances": null,
  "wall_seconds": 3.4
}