{
  "config": {
    "tool": "zeek",
    "regime": "native",
    "model": "xgb",
    "task": "multiclass",
    "split": "stratified",
    "seed": 2,
    "include_port": false,
    "dataset": "cicids2017",
    "n_features": 20,
    "subsample_benign": null,
    "max_train": 400000
  },
  "config_hash": "02abc98fe9dab2e9",
  "git_commit": null,
  "n_train": 400000,
  "n_test": 635754,
  "n_test_unseen_class": 0,
  "features": [
    "tool_ts",
    "tool_id.orig_p",
    "tool_id.resp_p",
    "tool_duration",
    "tool_orig_bytes",
    "tool_resp_bytes",
    "tool_missed_bytes",
    "tool_orig_pkts",
    "tool_resp_pkts",
    "tool_s_syn",
    "tool_s_fin",
    "tool_s_rst",
    "tool_s_psh",
    "tool_s_ack",
    "tool_s_urg",
    "tool_r_syn",
    "tool_r_fin",
    "tool_r_rst",
    "tool_r_psh",
    "tool_r_ack"
  ],
  "metrics": {
    "macro_f1": 0.8689481134005087,
    "weighted_f1": 0.9997609789059562,
    "balanced_accuracy": 0.9198761080741216,
    "per_class": {
      "BENIGN": {
        "precision": 0.9998511695259549,
        "recall": 0.9998491586067082,
        "f1-score": 0.9998501640653205,
        "support": 497211.0
      },
      "Bot": {
        "precision": 1.0,
        "recall": 1.0,
        "f1-score": 1.0,
        "support": 1489.0
      },
      "DDoS": {
        "precision": 0.9999651640771964,
        "recall": 1.0,
        "f1-score": 0.9999825817352075,
        "support": 28705.0
      },
      "DoS GoldenEye": {
        "precision": 1.0,
        "recall": 0.9987080103359173,
        "f1-score": 0.9993535875888817,
        "support": 2322.0
      },
      "DoS Hulk": {
        "precision": 0.999898044493383,
        "recall": 1.0,
        "f1-score": 0.9999490196478277,
        "support": 49036.0
      },
      "DoS Slowhttptest": {
        "precision": 0.9995848899958489,
        "recall": 0.9993774642041917,
        "f1-score": 0.999481166338072,
        "support": 4819.0
      },
      "DoS slowloris": {
        "precision": 0.9965841161400513,
        "recall": 0.9974358974358974,
        "f1-score": 0.9970098248611704,
        "support": 1170.0
      },
      "FTP-Patator": {
        "precision": 1.0,
        "recall": 0.9991645781119465,
        "f1-score": 0.9995821145006268,
        "support": 1197.0
      },
      "Heartbleed": {
        "precision": 0.0,
        "recall": 0.0,
        "f1-score": 0.0,
        "support": 0.0
      },
      "Infiltration": {
        "precision": 1.0,
        "recall": 0.8666666666666667,
        "f1-score": 0.9285714285714286,
        "support": 15.0
      },
      "PortScan": {
        "precision": 0.9998343102127043,
        "recall": 0.9999171482425071,
        "f1-score": 0.9998757275118577,
        "support": 48279.0
      },
      "SSH-Patator": {
        "precision": 1.0,
        "recall": 0.9966442953020134,
        "f1-score": 0.9983193277310924,
        "support": 894.0
      },
      "Web Attack - Brute Force": {
        "precision": 0.8954869358669834,
        "recall": 0.9195121951219513,
        "f1-score": 0.9073405535499398,
        "support": 410.0
      },
      "Web Attack - Sql Injection": {
        "precision": 0.5,
        "recall": 0.2,
        "f1-score": 0.2857142857142857,
        "support": 5.0
      },
      "Web Attack - XSS": {
        "precision": 0.9381443298969072,
        "recall": 0.900990099009901,
        "f1-score": 0.9191919191919192,
        "support": 202.0
      }
    },
    "confusion_matrix": [
      [
        497136,
        0,
        1,
        0,
        5,
        1,
        4,
        0,
        0,
        8,
        0,
        44,
        0,
        12
      ],
      [
        0,
        1489,
        0,
        0,
        0,
        0,
        0,
        0,
        0,
        0,
        0,
        0,
        0,
        0
      ],
      [
        0,
        0,
        28705,
        0,
        0,
        0,
        0,
        0,
        0,
        0,
        0,
        0,
        0,
        0
      ],
      [
        3,
        0,
        0,
        2319,
        0,
        0,
        0,
        0,
        0,
        0,
        0,
        0,
        0,
        0
      ],
      [
        0,
        0,
        0,
        0,
        49036,
        0,
        0,
        0,
        0,
        0,
        0,
        0,
        0,
        0
      ],
      [
        3,
        0,
        0,
        0,
        0,
        4816,
        0,
        0,
        0,
        0,
        0,
        0,
        0,
        0
      ],
      [
        2,
        0,
        0,
        0,
        0,
        1,
        1167,
        0,
        0,
        0,
        0,
        0,
        0,
        0
      ],
      [
        1,
        0,
        0,
        0,
        0,
        0,
        0,
        1196,
        0,
        0,
        0,
        0,
        0,
        0
      ],
      [
        2,
        0,
        0,
        0,
        0,
        0,
        0,
        0,
        13,
        0,
        0,
        0,
        0,
        0
      ],
      [
        4,
        0,
        0,
        0,
        0,
        0,
        0,
        0,
        0,
        48275,
        0,
        0,
        0,
        0
      ],
      [
        3,
        0,
        0,
        0,
        0,
        0,
        0,
        0,
        0,
        0,
        891,
        0,
        0,
        0
      ],
      [
        33,
        0,
        0,
        0,
        0,
        0,
        0,
        0,
        0,
        0,
        0,
        377,
        0,
        0
      ],
      [
        4,
        0,
        0,
        0,
        0,
        0,
        0,
        0,
        0,
        0,
        0,
        0,
        1,
        0
      ],
      [
        19,
        0,
        0,
        0,
        0,
        0,
        0,
        0,
        0,
        0,
        0,
        0,
        1,
        182
      ]
    ],
    "class_order": [
      "BENIGN",
      "Bot",
      "DDoS",
      "DoS GoldenEye",
      "DoS Hulk",
      "DoS Slowhttptest",
      "DoS slowloris",
      "FTP-Patator",
      "Heartbleed",
      "Infiltration",
      "PortScan",
      "SSH-Patator",
      "Web Attack - Brute Force",
      "Web Attack - Sql Injection",
      "Web Attack - XSS"
    ]
  },
  "feature_importances": {
    "tool_s_fin": 0.3878477215766907,
    "tool_s_syn": 0.1293490082025528,
    "tool_r_ack": 0.11132552474737167,
    "tool_resp_bytes": 0.10670057684183121,
    "tool_s_rst": 0.058892108500003815,
    "tool_resp_pkts": 0.03570213168859482,
    "tool_ts": 0.03383375331759453,
    "tool_orig_pkts": 0.030650516971945763,
    "tool_id.resp_p": 0.030396344140172005,
    "tool_duration": 0.02451987937092781,
    "tool_r_psh": 0.012166048400104046,
    "tool_orig_bytes": 0.011409549973905087,
    "tool_r_rst": 0.01046312041580677,
    "tool_s_psh": 0.004820505157113075,
    "tool_s_ack": 0.004445597995072603,
    "tool_r_fin": 0.0037316717207431793,
    "tool_r_syn": 0.0024733005557209253,
    "tool_missed_bytes": 0.0008394136093556881,
    "tool_id.orig_p": 0.00043325990554876626,
    "tool_s_urg": 0.0
  },
  "wall_seconds": 49.1
}