{
  "config": {
    "tool": "zeek",
    "regime": "common",
    "model": "logreg",
    "task": "binary",
    "split": "temporal",
    "seed": 0,
    "include_port": false,
    "dataset": "cicids2017",
    "n_features": 9,
    "subsample_benign": null,
    "max_train": 400000
  },
  "config_hash": "6355571292eed8cc",
  "git_commit": null,
  "n_train": 400000,
  "n_test": 911094,
  "n_test_unseen_class": 0,
  "features": [
    "duration",
    "pkts_fwd",
    "pkts_bwd",
    "bytes_fwd",
    "bytes_bwd",
    "tot_pkts",
    "tot_bytes",
    "is_tcp",
    "is_udp"
  ],
  "metrics": {
    "macro_f1": 0.8188364544568798,
    "weighted_f1": 0.8380498835949307,
    "balanced_accuracy": 0.8804475807891919,
    "per_class": {
      "0": {
        "precision": 0.9997100015006916,
        "recall": 0.7614374794373281,
        "f1-score": 0.8644553303457994,
        "support": 647411.0
      },
      "1": {
        "precision": 0.6304965692795008,
        "recall": 0.9994576821410558,
        "f1-score": 0.7732175785679603,
        "support": 263683.0
      }
    },
    "fpr": 0.23856252056267194,
    "attack_recall": 0.9994576821410558,
    "attack_precision": 0.6304965692795008,
    "auc_pr": 0.867940555706204,
    "confusion_matrix": [
      [
        492963,
        154448
      ],
      [
        143,
        263540
      ]
    ],
    "class_order": [
      "0",
      "1"
    ]
  },
  "feature_importances": null,
  "wall_seconds": 3.4
}