{
  "config": {
    "tool": "zeek",
    "regime": "common",
    "model": "logreg",
    "task": "multiclass",
    "split": "stratified",
    "seed": 2,
    "include_port": false,
    "dataset": "cicids2017",
    "n_features": 9,
    "subsample_benign": null,
    "max_train": 400000
  },
  "config_hash": "e0d783d424615bff",
  "git_commit": null,
  "n_train": 400000,
  "n_test": 635754,
  "n_test_unseen_class": 0,
  "features": [
    "duration",
    "pkts_fwd",
    "pkts_bwd",
    "bytes_fwd",
    "bytes_bwd",
    "tot_pkts",
    "tot_bytes",
    "is_tcp",
    "is_udp"
  ],
  "metrics": {
    "macro_f1": 0.40918327769378476,
    "weighted_f1": 0.8886883114871209,
    "balanced_accuracy": 0.7435000873462122,
    "per_class": {
      "BENIGN": {
        "precision": 0.9999647250316215,
        "recall": 0.7981882943056369,
        "f1-score": 0.8877555243134663,
        "support": 497211.0
      },
      "Bot": {
        "precision": 0.014210405684162274,
        "recall": 0.12491605104096709,
        "f1-score": 0.025517903690492522,
        "support": 1489.0
      },
      "DDoS": {
        "precision": 0.9758080979925144,
        "recall": 0.9990942344539279,
        "f1-score": 0.9873138824339444,
        "support": 28705.0
      },
      "DoS GoldenEye": {
        "precision": 0.324306363183253,
        "recall": 0.8406546080964685,
        "f1-score": 0.46804939455700756,
        "support": 2322.0
      },
      "DoS Hulk": {
        "precision": 0.9465459531394926,
        "recall": 0.9573170731707317,
        "f1-score": 0.951901044307006,
        "support": 49036.0
      },
      "DoS Slowhttptest": {
        "precision": 0.1759840273816315,
        "recall": 0.7682091720273916,
        "f1-score": 0.2863662734480758,
        "support": 4819.0
      },
      "DoS slowloris": {
        "precision": 0.22603574329813161,
        "recall": 0.9512820512820512,
        "f1-score": 0.3652773219560223,
        "support": 1170.0
      },
      "FTP-Patator": {
        "precision": 0.7703225806451612,
        "recall": 0.9974937343358395,
        "f1-score": 0.8693119767018566,
        "support": 1197.0
      },
      "Heartbleed": {
        "precision": 0.0,
        "recall": 0.0,
        "f1-score": 0.0,
        "support": 0.0
      },
      "Infiltration": {
        "precision": 0.0,
        "recall": 0.0,
        "f1-score": 0.0,
        "support": 15.0
      },
      "PortScan": {
        "precision": 0.8604030501089325,
        "recall": 0.981606909836575,
        "f1-score": 0.9170173860041215,
        "support": 48279.0
      },
      "SSH-Patator": {
        "precision": 0.21440698520494786,
        "recall": 0.9888143176733781,
        "f1-score": 0.35240183376519835,
        "support": 894.0
      },
      "Web Attack - Brute Force": {
        "precision": 0.003162831279310721,
        "recall": 0.07073170731707316,
        "f1-score": 0.006054911786198977,
        "support": 410.0
      },
      "Web Attack - Sql Injection": {
        "precision": 0.0002149890355591865,
        "recall": 1.0,
        "f1-score": 0.00042988565041698906,
        "support": 5.0
      },
      "Web Attack - XSS": {
        "precision": 0.010288403655666831,
        "recall": 0.9306930693069307,
        "f1-score": 0.020351826792963466,
        "support": 202.0
      }
    },
    "confusion_matrix": [
      [
        396868,
        12524,
        699,
        3677,
        2574,
        15305,
        2814,
        356,
        896,
        2211,
        6375,
        3239,
        9118,
        22997,
        17558
      ],
      [
        0,
        186,
        0,
        0,
        0,
        108,
        0,
        0,
        0,
        2,
        1185,
        0,
        0,
        8,
        0
      ],
      [
        0,
        3,
        28679,
        17,
        0,
        0,
        0,
        0,
        0,
        2,
        0,
        0,
        0,
        0,
        4
      ],
      [
        0,
        0,
        0,
        1952,
        71,
        54,
        22,
        0,
        0,
        34,
        26,
        0,
        0,
        116,
        47
      ],
      [
        0,
        8,
        0,
        291,
        46943,
        1334,
        21,
        0,
        0,
        153,
        65,
        0,
        0,
        103,
        118
      ],
      [
        0,
        0,
        0,
        82,
        0,
        3702,
        951,
        0,
        0,
        58,
        25,
        0,
        0,
        1,
        0
      ],
      [
        0,
        42,
        0,
        0,
        0,
        9,
        1113,
        0,
        0,
        2,
        0,
        0,
        1,
        3,
        0
      ],
      [
        0,
        0,
        0,
        0,
        0,
        0,
        2,
        1194,
        0,
        0,
        0,
        0,
        1,
        0,
        0
      ],
      [
        0,
        0,
        0,
        0,
        0,
        0,
        0,
        0,
        0,
        0,
        0,
        0,
        0,
        0,
        0
      ],
      [
        1,
        0,
        0,
        0,
        0,
        0,
        0,
        0,
        0,
        0,
        13,
        0,
        1,
        0,
        0
      ],
      [
        0,
        321,
        12,
        0,
        6,
        524,
        0,
        0,
        0,
        10,
        47391,
        0,
        13,
        0,
        2
      ],
      [
        4,
        5,
        0,
        0,
        0,
        0,
        1,
        0,
        0,
        0,
        0,
        884,
        0,
        0,
        0
      ],
      [
        2,
        0,
        0,
        0,
        0,
        0,
        0,
        0,
        0,
        0,
        0,
        0,
        29,
        23,
        356
      ],
      [
        0,
        0,
        0,
        0,
        0,
        0,
        0,
        0,
        0,
        0,
        0,
        0,
        0,
        5,
        0
      ],
      [
        7,
        0,
        0,
        0,
        0,
        0,
        0,
        0,
        0,
        0,
        0,
        0,
        6,
        1,
        188
      ]
    ],
    "class_order": [
      "BENIGN",
      "Bot",
      "DDoS",
      "DoS GoldenEye",
      "DoS Hulk",
      "DoS Slowhttptest",
      "DoS slowloris",
      "FTP-Patator",
      "Heartbleed",
      "Infiltration",
      "PortScan",
      "SSH-Patator",
      "Web Attack - Brute Force",
      "Web Attack - Sql Injection",
      "Web Attack - XSS"
    ]
  },
  "feature_importances": null,
  "wall_seconds": 67.3
}