{
  "config": {
    "tool": "zeek",
    "regime": "native",
    "model": "rf",
    "task": "multiclass",
    "split": "stratified",
    "seed": 1,
    "include_port": false,
    "dataset": "cicids2017",
    "n_features": 20,
    "subsample_benign": null,
    "max_train": 400000
  },
  "config_hash": "9a45a8e84fe5363c",
  "git_commit": null,
  "n_train": 400000,
  "n_test": 635754,
  "n_test_unseen_class": 0,
  "features": [
    "tool_ts",
    "tool_id.orig_p",
    "tool_id.resp_p",
    "tool_duration",
    "tool_orig_bytes",
    "tool_resp_bytes",
    "tool_missed_bytes",
    "tool_orig_pkts",
    "tool_resp_pkts",
    "tool_s_syn",
    "tool_s_fin",
    "tool_s_rst",
    "tool_s_psh",
    "tool_s_ack",
    "tool_s_urg",
    "tool_r_syn",
    "tool_r_fin",
    "tool_r_rst",
    "tool_r_psh",
    "tool_r_ack"
  ],
  "metrics": {
    "macro_f1": 0.8526514461240058,
    "weighted_f1": 0.9998127264297301,
    "balanced_accuracy": 0.9066562999448801,
    "per_class": {
      "BENIGN": {
        "precision": 0.9998552007079077,
        "recall": 0.9999135176011794,
        "f1-score": 0.9998843583042302,
        "support": 497211.0
      },
      "Bot": {
        "precision": 1.0,
        "recall": 1.0,
        "f1-score": 1.0,
        "support": 1489.0
      },
      "DDoS": {
        "precision": 1.0,
        "recall": 1.0,
        "f1-score": 1.0,
        "support": 28705.0
      },
      "DoS GoldenEye": {
        "precision": 1.0,
        "recall": 0.9995693367786391,
        "f1-score": 0.9997846220116304,
        "support": 2322.0
      },
      "DoS Hulk": {
        "precision": 0.9999388217060587,
        "recall": 0.9999592136389591,
        "f1-score": 0.9999490175685459,
        "support": 49036.0
      },
      "DoS Slowhttptest": {
        "precision": 0.9985474164764474,
        "recall": 0.9985474164764474,
        "f1-score": 0.9985474164764474,
        "support": 4819.0
      },
      "DoS slowloris": {
        "precision": 1.0,
        "recall": 0.9991452991452991,
        "f1-score": 0.9995724668661822,
        "support": 1170.0
      },
      "FTP-Patator": {
        "precision": 1.0,
        "recall": 0.9966583124477861,
        "f1-score": 0.998326359832636,
        "support": 1197.0
      },
      "Heartbleed": {
        "precision": 0.0,
        "recall": 0.0,
        "f1-score": 0.0,
        "support": 0.0
      },
      "Infiltration": {
        "precision": 1.0,
        "recall": 0.8666666666666667,
        "f1-score": 0.9285714285714286,
        "support": 15.0
      },
      "PortScan": {
        "precision": 1.0,
        "recall": 0.9999585741212536,
        "f1-score": 0.9999792866315921,
        "support": 48279.0
      },
      "SSH-Patator": {
        "precision": 1.0,
        "recall": 1.0,
        "f1-score": 1.0,
        "support": 894.0
      },
      "Web Attack - Brute Force": {
        "precision": 0.9313725490196079,
        "recall": 0.926829268292683,
        "f1-score": 0.9290953545232273,
        "support": 410.0
      },
      "Web Attack - Sql Injection": {
        "precision": 0.0,
        "recall": 0.0,
        "f1-score": 0.0,
        "support": 5.0
      },
      "Web Attack - XSS": {
        "precision": 0.9682539682539683,
        "recall": 0.905940594059406,
        "f1-score": 0.9360613810741688,
        "support": 202.0
      }
    },
    "confusion_matrix": [
      [
        497168,
        0,
        0,
        0,
        3,
        6,
        0,
        0,
        0,
        0,
        0,
        28,
        0,
        6
      ],
      [
        0,
        1489,
        0,
        0,
        0,
        0,
        0,
        0,
        0,
        0,
        0,
        0,
        0,
        0
      ],
      [
        0,
        0,
        28705,
        0,
        0,
        0,
        0,
        0,
        0,
        0,
        0,
        0,
        0,
        0
      ],
      [
        0,
        0,
        0,
        2321,
        0,
        1,
        0,
        0,
        0,
        0,
        0,
        0,
        0,
        0
      ],
      [
        2,
        0,
        0,
        0,
        49034,
        0,
        0,
        0,
        0,
        0,
        0,
        0,
        0,
        0
      ],
      [
        7,
        0,
        0,
        0,
        0,
        4812,
        0,
        0,
        0,
        0,
        0,
        0,
        0,
        0
      ],
      [
        1,
        0,
        0,
        0,
        0,
        0,
        1169,
        0,
        0,
        0,
        0,
        0,
        0,
        0
      ],
      [
        4,
        0,
        0,
        0,
        0,
        0,
        0,
        1193,
        0,
        0,
        0,
        0,
        0,
        0
      ],
      [
        2,
        0,
        0,
        0,
        0,
        0,
        0,
        0,
        13,
        0,
        0,
        0,
        0,
        0
      ],
      [
        2,
        0,
        0,
        0,
        0,
        0,
        0,
        0,
        0,
        48277,
        0,
        0,
        0,
        0
      ],
      [
        0,
        0,
        0,
        0,
        0,
        0,
        0,
        0,
        0,
        0,
        894,
        0,
        0,
        0
      ],
      [
        30,
        0,
        0,
        0,
        0,
        0,
        0,
        0,
        0,
        0,
        0,
        380,
        0,
        0
      ],
      [
        5,
        0,
        0,
        0,
        0,
        0,
        0,
        0,
        0,
        0,
        0,
        0,
        0,
        0
      ],
      [
        19,
        0,
        0,
        0,
        0,
        0,
        0,
        0,
        0,
        0,
        0,
        0,
        0,
        183
      ]
    ],
    "class_order": [
      "BENIGN",
      "Bot",
      "DDoS",
      "DoS GoldenEye",
      "DoS Hulk",
      "DoS Slowhttptest",
      "DoS slowloris",
      "FTP-Patator",
      "Heartbleed",
      "Infiltration",
      "PortScan",
      "SSH-Patator",
      "Web Attack - Brute Force",
      "Web Attack - Sql Injection",
      "Web Attack - XSS"
    ]
  },
  "feature_importances": {
    "tool_ts": 0.2396598500640191,
    "tool_duration": 0.10667828701476008,
    "tool_resp_bytes": 0.09410131552101186,
    "tool_id.resp_p": 0.09395214620064572,
    "tool_id.orig_p": 0.05470757936773012,
    "tool_r_psh": 0.0474987953275672,
    "tool_orig_bytes": 0.046632521768757394,
    "tool_r_ack": 0.043761678141645444,
    "tool_r_rst": 0.043717236498571364,
    "tool_orig_pkts": 0.041322289545998224,
    "tool_s_ack": 0.03595416898956734,
    "tool_resp_pkts": 0.0341988649345427,
    "tool_s_psh": 0.0319479894678804,
    "tool_r_fin": 0.028794810688804854,
    "tool_s_fin": 0.023462027143240388,
    "tool_s_rst": 0.02130281992915149,
    "tool_r_syn": 0.00806743124226331,
    "tool_s_syn": 0.003549420443508716,
    "tool_missed_bytes": 0.0006907677103342883,
    "tool_s_urg": 0.0
  },
  "wall_seconds": 34.6
}