{
  "config": {
    "tool": "zeek",
    "regime": "common",
    "model": "rf",
    "task": "multiclass",
    "split": "stratified",
    "seed": 0,
    "include_port": false,
    "dataset": "cicids2017",
    "n_features": 9,
    "subsample_benign": null,
    "max_train": 400000
  },
  "config_hash": "eb4081aa6681ac7a",
  "git_commit": null,
  "n_train": 400000,
  "n_test": 635754,
  "n_test_unseen_class": 0,
  "features": [
    "duration",
    "pkts_fwd",
    "pkts_bwd",
    "bytes_fwd",
    "bytes_bwd",
    "tot_pkts",
    "tot_bytes",
    "is_tcp",
    "is_udp"
  ],
  "metrics": {
    "macro_f1": 0.6579045631765315,
    "weighted_f1": 0.9838101022490153,
    "balanced_accuracy": 0.7434048506471951,
    "per_class": {
      "BENIGN": {
        "precision": 0.9988090836480853,
        "recall": 0.9833973906450179,
        "f1-score": 0.9910433240435774,
        "support": 497211.0
      },
      "Bot": {
        "precision": 0.7861806311207835,
        "recall": 0.9704499664204164,
        "f1-score": 0.8686504358280733,
        "support": 1489.0
      },
      "DDoS": {
        "precision": 1.0,
        "recall": 0.9999303257272252,
        "f1-score": 0.9999651616499443,
        "support": 28705.0
      },
      "DoS GoldenEye": {
        "precision": 0.9781491002570694,
        "recall": 0.9832041343669251,
        "f1-score": 0.9806701030927835,
        "support": 2322.0
      },
      "DoS Hulk": {
        "precision": 0.999329604257013,
        "recall": 0.9727751040052206,
        "f1-score": 0.9858735752152032,
        "support": 49036.0
      },
      "DoS Slowhttptest": {
        "precision": 0.6296616270698344,
        "recall": 0.9074496783565055,
        "f1-score": 0.7434546072764366,
        "support": 4819.0
      },
      "DoS slowloris": {
        "precision": 0.6749090909090909,
        "recall": 0.7931623931623931,
        "f1-score": 0.7292730844793713,
        "support": 1170.0
      },
      "FTP-Patator": {
        "precision": 1.0,
        "recall": 0.9991645781119465,
        "f1-score": 0.9995821145006268,
        "support": 1197.0
      },
      "Heartbleed": {
        "precision": 0.0,
        "recall": 0.0,
        "f1-score": 0.0,
        "support": 0.0
      },
      "Infiltration": {
        "precision": 0.25,
        "recall": 0.5333333333333333,
        "f1-score": 0.3404255319148936,
        "support": 15.0
      },
      "PortScan": {
        "precision": 0.8919835445852791,
        "recall": 0.9970173367302554,
        "f1-score": 0.9415803526891816,
        "support": 48279.0
      },
      "SSH-Patator": {
        "precision": 1.0,
        "recall": 0.9787472035794184,
        "f1-score": 0.9892594686263426,
        "support": 894.0
      },
      "Web Attack - Brute Force": {
        "precision": 0.22764227642276422,
        "recall": 0.2048780487804878,
        "f1-score": 0.21566110397946084,
        "support": 410.0
      },
      "Web Attack - Sql Injection": {
        "precision": 0.0,
        "recall": 0.0,
        "f1-score": 0.0,
        "support": 5.0
      },
      "Web Attack - XSS": {
        "precision": 0.0821256038647343,
        "recall": 0.08415841584158416,
        "f1-score": 0.08312958435207823,
        "support": 202.0
      }
    },
    "confusion_matrix": [
      [
        488956,
        389,
        0,
        8,
        13,
        891,
        61,
        0,
        642,
        5,
        5829,
        0,
        257,
        0,
        160
      ],
      [
        25,
        1445,
        0,
        0,
        0,
        0,
        0,
        0,
        0,
        19,
        0,
        0,
        0,
        0,
        0
      ],
      [
        1,
        0,
        28703,
        0,
        1,
        0,
        0,
        0,
        0,
        0,
        0,
        0,
        0,
        0,
        0
      ],
      [
        5,
        0,
        0,
        2283,
        14,
        14,
        6,
        0,
        0,
        0,
        0,
        0,
        0,
        0,
        0
      ],
      [
        5,
        0,
        0,
        14,
        47701,
        1314,
        0,
        0,
        0,
        0,
        0,
        0,
        2,
        0,
        0
      ],
      [
        43,
        0,
        0,
        22,
        1,
        4373,
        380,
        0,
        0,
        0,
        0,
        0,
        0,
        0,
        0
      ],
      [
        20,
        0,
        0,
        6,
        3,
        213,
        928,
        0,
        0,
        0,
        0,
        0,
        0,
        0,
        0
      ],
      [
        1,
        0,
        0,
        0,
        0,
        0,
        0,
        1196,
        0,
        0,
        0,
        0,
        0,
        0,
        0
      ],
      [
        0,
        0,
        0,
        0,
        0,
        0,
        0,
        0,
        0,
        0,
        0,
        0,
        0,
        0,
        0
      ],
      [
        1,
        4,
        0,
        0,
        0,
        0,
        0,
        0,
        2,
        8,
        0,
        0,
        0,
        0,
        0
      ],
      [
        3,
        0,
        0,
        1,
        0,
        140,
        0,
        0,
        0,
        0,
        48135,
        0,
        0,
        0,
        0
      ],
      [
        19,
        0,
        0,
        0,
        0,
        0,
        0,
        0,
        0,
        0,
        0,
        875,
        0,
        0,
        0
      ],
      [
        296,
        0,
        0,
        0,
        0,
        0,
        0,
        0,
        0,
        0,
        0,
        0,
        84,
        0,
        30
      ],
      [
        5,
        0,
        0,
        0,
        0,
        0,
        0,
        0,
        0,
        0,
        0,
        0,
        0,
        0,
        0
      ],
      [
        159,
        0,
        0,
        0,
        0,
        0,
        0,
        0,
        0,
        0,
        0,
        0,
        26,
        0,
        17
      ]
    ],
    "class_order": [
      "BENIGN",
      "Bot",
      "DDoS",
      "DoS GoldenEye",
      "DoS Hulk",
      "DoS Slowhttptest",
      "DoS slowloris",
      "FTP-Patator",
      "Heartbleed",
      "Infiltration",
      "PortScan",
      "SSH-Patator",
      "Web Attack - Brute Force",
      "Web Attack - Sql Injection",
      "Web Attack - XSS"
    ]
  },
  "feature_importances": {
    "duration": 0.2750038071215792,
    "tot_bytes": 0.1649707108847768,
    "bytes_fwd": 0.14564179652425202,
    "bytes_bwd": 0.1394981293431254,
    "pkts_bwd": 0.09711718100848478,
    "tot_pkts": 0.08538035382601641,
    "pkts_fwd": 0.0611040947302604,
    "is_tcp": 0.019803484305449204,
    "is_udp": 0.011480442256055687
  },
  "wall_seconds": 13.9
}