{
  "config": {
    "tool": "zeek",
    "regime": "common",
    "model": "logreg",
    "task": "binary",
    "split": "stratified",
    "seed": 2,
    "include_port": false,
    "dataset": "cicids2017",
    "n_features": 9,
    "subsample_benign": null,
    "max_train": 400000
  },
  "config_hash": "c16ec8f2cd81b793",
  "git_commit": null,
  "n_train": 400000,
  "n_test": 635754,
  "n_test_unseen_class": 0,
  "features": [
    "duration",
    "pkts_fwd",
    "pkts_bwd",
    "bytes_fwd",
    "bytes_bwd",
    "tot_pkts",
    "tot_bytes",
    "is_tcp",
    "is_udp"
  ],
  "metrics": {
    "macro_f1": 0.8701338065613925,
    "weighted_f1": 0.9047341601737455,
    "balanced_accuracy": 0.9280429037571652,
    "per_class": {
      "0": {
        "precision": 0.9934797075554259,
        "recall": 0.8767364358391105,
        "f1-score": 0.9314643774806489,
        "support": 497211.0
      },
      "1": {
        "precision": 0.6888460171599736,
        "recall": 0.97934937167522,
        "f1-score": 0.8088032356421361,
        "support": 138543.0
      }
    },
    "fpr": 0.12326356416088945,
    "attack_recall": 0.97934937167522,
    "attack_precision": 0.6888460171599736,
    "auc_pr": 0.8451192837102207,
    "confusion_matrix": [
      [
        435923,
        61288
      ],
      [
        2861,
        135682
      ]
    ],
    "class_order": [
      "0",
      "1"
    ]
  },
  "feature_importances": null,
  "wall_seconds": 3.5
}