{
  "config": {
    "tool": "zeek",
    "regime": "native",
    "model": "logreg",
    "task": "multiclass",
    "split": "stratified",
    "seed": 4,
    "include_port": false,
    "dataset": "cicids2017",
    "n_features": 20,
    "subsample_benign": null,
    "max_train": 400000
  },
  "config_hash": "1176b3a5074319c3",
  "git_commit": null,
  "n_train": 400000,
  "n_test": 635754,
  "n_test_unseen_class": 0,
  "features": [
    "tool_ts",
    "tool_id.orig_p",
    "tool_id.resp_p",
    "tool_duration",
    "tool_orig_bytes",
    "tool_resp_bytes",
    "tool_missed_bytes",
    "tool_orig_pkts",
    "tool_resp_pkts",
    "tool_s_syn",
    "tool_s_fin",
    "tool_s_rst",
    "tool_s_psh",
    "tool_s_ack",
    "tool_s_urg",
    "tool_r_syn",
    "tool_r_fin",
    "tool_r_rst",
    "tool_r_psh",
    "tool_r_ack"
  ],
  "metrics": {
    "macro_f1": 0.5567979553631998,
    "weighted_f1": 0.961907374341762,
    "balanced_accuracy": 0.8788738299848423,
    "per_class": {
      "BENIGN": {
        "precision": 0.9999675160849519,
        "recall": 0.9286842004702229,
        "f1-score": 0.9630085361707985,
        "support": 497211.0
      },
      "Bot": {
        "precision": 0.48816827344434705,
        "recall": 0.748153122901276,
        "f1-score": 0.5908247149297269,
        "support": 1489.0
      },
      "DDoS": {
        "precision": 0.9950426402274145,
        "recall": 0.9999303257272252,
        "f1-score": 0.9974804955604594,
        "support": 28705.0
      },
      "DoS GoldenEye": {
        "precision": 0.7714479484571041,
        "recall": 0.9797588285960379,
        "f1-score": 0.8632138114209827,
        "support": 2322.0
      },
      "DoS Hulk": {
        "precision": 0.979328271992078,
        "recall": 0.9680642793050004,
        "f1-score": 0.9736636993887681,
        "support": 49036.0
      },
      "DoS Slowhttptest": {
        "precision": 0.5590161908293165,
        "recall": 0.9385764681469184,
        "f1-score": 0.7006971340046476,
        "support": 4819.0
      },
      "DoS slowloris": {
        "precision": 0.32044355985214673,
        "recall": 0.9632478632478633,
        "f1-score": 0.4809046298271816,
        "support": 1170.0
      },
      "FTP-Patator": {
        "precision": 0.9165390505359877,
        "recall": 1.0,
        "f1-score": 0.9564522572912505,
        "support": 1197.0
      },
      "Heartbleed": {
        "precision": 0.0,
        "recall": 0.0,
        "f1-score": 0.0,
        "support": 0.0
      },
      "Infiltration": {
        "precision": 0.00556745182012848,
        "recall": 0.8666666666666667,
        "f1-score": 0.011063829787234043,
        "support": 15.0
      },
      "PortScan": {
        "precision": 0.9831325795662077,
        "recall": 0.9923776383106526,
        "f1-score": 0.9877334762709767,
        "support": 48279.0
      },
      "SSH-Patator": {
        "precision": 0.5787067276290007,
        "recall": 0.9910514541387024,
        "f1-score": 0.7307216494845361,
        "support": 894.0
      },
      "Web Attack - Brute Force": {
        "precision": 0.03278688524590164,
        "recall": 0.6,
        "f1-score": 0.06217616580310881,
        "support": 410.0
      },
      "Web Attack - Sql Injection": {
        "precision": 0.00030627871362940275,
        "recall": 0.6,
        "f1-score": 0.0006122448979591836,
        "support": 5.0
      },
      "Web Attack - XSS": {
        "precision": 0.01710097719869707,
        "recall": 0.7277227722772277,
        "f1-score": 0.033416685610365995,
        "support": 202.0
      }
    },
    "confusion_matrix": [
      [
        461752,
        868,
        123,
        483,
        980,
        2145,
        2080,
        108,
        31,
        2322,
        445,
        645,
        7200,
        9783,
        8246
      ],
      [
        0,
        1114,
        0,
        0,
        0,
        0,
        0,
        0,
        0,
        0,
        375,
        0,
        0,
        0,
        0
      ],
      [
        0,
        0,
        28703,
        0,
        0,
        0,
        0,
        0,
        0,
        0,
        2,
        0,
        0,
        0,
        0
      ],
      [
        0,
        0,
        0,
        2275,
        15,
        17,
        15,
        0,
        0,
        0,
        0,
        0,
        0,
        0,
        0
      ],
      [
        1,
        0,
        0,
        190,
        47470,
        1366,
        7,
        0,
        0,
        0,
        0,
        0,
        2,
        0,
        0
      ],
      [
        3,
        0,
        0,
        0,
        2,
        4523,
        288,
        0,
        0,
        0,
        0,
        0,
        1,
        2,
        0
      ],
      [
        1,
        0,
        0,
        0,
        3,
        39,
        1127,
        0,
        0,
        0,
        0,
        0,
        0,
        0,
        0
      ],
      [
        0,
        0,
        0,
        0,
        0,
        0,
        0,
        1197,
        0,
        0,
        0,
        0,
        0,
        0,
        0
      ],
      [
        0,
        0,
        0,
        0,
        0,
        0,
        0,
        0,
        0,
        0,
        0,
        0,
        0,
        0,
        0
      ],
      [
        1,
        0,
        0,
        1,
        0,
        0,
        0,
        0,
        0,
        13,
        0,
        0,
        0,
        0,
        0
      ],
      [
        0,
        300,
        20,
        0,
        0,
        0,
        0,
        0,
        0,
        0,
        47911,
        0,
        0,
        0,
        48
      ],
      [
        5,
        0,
        0,
        0,
        2,
        0,
        0,
        1,
        0,
        0,
        0,
        886,
        0,
        0,
        0
      ],
      [
        2,
        0,
        0,
        0,
        0,
        0,
        0,
        0,
        0,
        0,
        0,
        0,
        246,
        7,
        155
      ],
      [
        0,
        0,
        0,
        0,
        0,
        1,
        0,
        0,
        0,
        0,
        0,
        0,
        1,
        3,
        0
      ],
      [
        2,
        0,
        0,
        0,
        0,
        0,
        0,
        0,
        0,
        0,
        0,
        0,
        53,
        0,
        147
      ]
    ],
    "class_order": [
      "BENIGN",
      "Bot",
      "DDoS",
      "DoS GoldenEye",
      "DoS Hulk",
      "DoS Slowhttptest",
      "DoS slowloris",
      "FTP-Patator",
      "Heartbleed",
      "Infiltration",
      "PortScan",
      "SSH-Patator",
      "Web Attack - Brute Force",
      "Web Attack - Sql Injection",
      "Web Attack - XSS"
    ]
  },
  "feature_importances": null,
  "wall_seconds": 72.2
}