{
  "config": {
    "tool": "zeek",
    "regime": "common",
    "model": "mlp",
    "task": "binary",
    "split": "temporal",
    "seed": 1,
    "include_port": false,
    "dataset": "cicids2017",
    "n_features": 9,
    "subsample_benign": null,
    "max_train": 400000
  },
  "config_hash": "94896cf42aea2685",
  "git_commit": null,
  "n_train": 400000,
  "n_test": 911094,
  "n_test_unseen_class": 0,
  "features": [
    "duration",
    "pkts_fwd",
    "pkts_bwd",
    "bytes_fwd",
    "bytes_bwd",
    "tot_pkts",
    "tot_bytes",
    "is_tcp",
    "is_udp"
  ],
  "metrics": {
    "macro_f1": 0.7065981299294137,
    "weighted_f1": 0.7803469830508188,
    "balanced_accuracy": 0.6804446035962628,
    "per_class": {
      "0": {
        "precision": 0.7943333647086799,
        "recall": 0.9906643538648555,
        "f1-score": 0.8817016865783774,
        "support": 647411.0
      },
      "1": {
        "precision": 0.9416973742596415,
        "recall": 0.37022485332766997,
        "f1-score": 0.5314945732804499,
        "support": 263683.0
      }
    },
    "fpr": 0.009335646135144444,
    "attack_recall": 0.37022485332766997,
    "attack_precision": 0.9416973742596415,
    "auc_pr": 0.8740444273864824,
    "confusion_matrix": [
      [
        641367,
        6044
      ],
      [
        166061,
        97622
      ]
    ],
    "class_order": [
      "0",
      "1"
    ]
  },
  "feature_importances": null,
  "wall_seconds": 28.5
}