{
  "config": {
    "tool": "zeek",
    "regime": "native",
    "model": "rf",
    "task": "multiclass",
    "split": "stratified",
    "seed": 4,
    "include_port": false,
    "dataset": "cicids2017",
    "n_features": 20,
    "subsample_benign": null,
    "max_train": 400000
  },
  "config_hash": "1c8d7fbcdee81c15",
  "git_commit": null,
  "n_train": 400000,
  "n_test": 635754,
  "n_test_unseen_class": 0,
  "features": [
    "tool_ts",
    "tool_id.orig_p",
    "tool_id.resp_p",
    "tool_duration",
    "tool_orig_bytes",
    "tool_resp_bytes",
    "tool_missed_bytes",
    "tool_orig_pkts",
    "tool_resp_pkts",
    "tool_s_syn",
    "tool_s_fin",
    "tool_s_rst",
    "tool_s_psh",
    "tool_s_ack",
    "tool_s_urg",
    "tool_r_syn",
    "tool_r_fin",
    "tool_r_rst",
    "tool_r_psh",
    "tool_r_ack"
  ],
  "metrics": {
    "macro_f1": 0.8524288119916629,
    "weighted_f1": 0.9997870481804035,
    "balanced_accuracy": 0.9087561362477,
    "per_class": {
      "BENIGN": {
        "precision": 0.999847153536284,
        "recall": 0.9998873717596755,
        "f1-score": 0.9998672622435496,
        "support": 497211.0
      },
      "Bot": {
        "precision": 1.0,
        "recall": 0.9993284083277367,
        "f1-score": 0.9996640913671482,
        "support": 1489.0
      },
      "DDoS": {
        "precision": 1.0,
        "recall": 1.0,
        "f1-score": 1.0,
        "support": 28705.0
      },
      "DoS GoldenEye": {
        "precision": 1.0,
        "recall": 0.9969853574504737,
        "f1-score": 0.9984904032779814,
        "support": 2322.0
      },
      "DoS Hulk": {
        "precision": 0.9997961056172903,
        "recall": 0.9999796068194796,
        "f1-score": 0.999887847799268,
        "support": 49036.0
      },
      "DoS Slowhttptest": {
        "precision": 0.9997920565606155,
        "recall": 0.9977173687487031,
        "f1-score": 0.9987536352305775,
        "support": 4819.0
      },
      "DoS slowloris": {
        "precision": 0.9974337040205303,
        "recall": 0.9965811965811966,
        "f1-score": 0.9970072680632749,
        "support": 1170.0
      },
      "FTP-Patator": {
        "precision": 1.0,
        "recall": 1.0,
        "f1-score": 1.0,
        "support": 1197.0
      },
      "Heartbleed": {
        "precision": 0.0,
        "recall": 0.0,
        "f1-score": 0.0,
        "support": 0.0
      },
      "Infiltration": {
        "precision": 1.0,
        "recall": 0.8666666666666667,
        "f1-score": 0.9285714285714286,
        "support": 15.0
      },
      "PortScan": {
        "precision": 1.0,
        "recall": 0.9999378611818803,
        "f1-score": 0.999968929625602,
        "support": 48279.0
      },
      "SSH-Patator": {
        "precision": 1.0,
        "recall": 0.9910514541387024,
        "f1-score": 0.9955056179775281,
        "support": 894.0
      },
      "Web Attack - Brute Force": {
        "precision": 0.9287410926365796,
        "recall": 0.9536585365853658,
        "f1-score": 0.941034897713598,
        "support": 410.0
      },
      "Web Attack - Sql Injection": {
        "precision": 0.0,
        "recall": 0.0,
        "f1-score": 0.0,
        "support": 5.0
      },
      "Web Attack - XSS": {
        "precision": 0.9346733668341709,
        "recall": 0.9207920792079208,
        "f1-score": 0.9276807980049875,
        "support": 202.0
      }
    },
    "confusion_matrix": [
      [
        497155,
        0,
        0,
        0,
        10,
        0,
        3,
        0,
        0,
        0,
        0,
        30,
        0,
        13
      ],
      [
        1,
        1488,
        0,
        0,
        0,
        0,
        0,
        0,
        0,
        0,
        0,
        0,
        0,
        0
      ],
      [
        0,
        0,
        28705,
        0,
        0,
        0,
        0,
        0,
        0,
        0,
        0,
        0,
        0,
        0
      ],
      [
        6,
        0,
        0,
        2315,
        0,
        1,
        0,
        0,
        0,
        0,
        0,
        0,
        0,
        0
      ],
      [
        1,
        0,
        0,
        0,
        49035,
        0,
        0,
        0,
        0,
        0,
        0,
        0,
        0,
        0
      ],
      [
        11,
        0,
        0,
        0,
        0,
        4808,
        0,
        0,
        0,
        0,
        0,
        0,
        0,
        0
      ],
      [
        4,
        0,
        0,
        0,
        0,
        0,
        1166,
        0,
        0,
        0,
        0,
        0,
        0,
        0
      ],
      [
        0,
        0,
        0,
        0,
        0,
        0,
        0,
        1197,
        0,
        0,
        0,
        0,
        0,
        0
      ],
      [
        2,
        0,
        0,
        0,
        0,
        0,
        0,
        0,
        13,
        0,
        0,
        0,
        0,
        0
      ],
      [
        3,
        0,
        0,
        0,
        0,
        0,
        0,
        0,
        0,
        48276,
        0,
        0,
        0,
        0
      ],
      [
        8,
        0,
        0,
        0,
        0,
        0,
        0,
        0,
        0,
        0,
        886,
        0,
        0,
        0
      ],
      [
        19,
        0,
        0,
        0,
        0,
        0,
        0,
        0,
        0,
        0,
        0,
        391,
        0,
        0
      ],
      [
        5,
        0,
        0,
        0,
        0,
        0,
        0,
        0,
        0,
        0,
        0,
        0,
        0,
        0
      ],
      [
        16,
        0,
        0,
        0,
        0,
        0,
        0,
        0,
        0,
        0,
        0,
        0,
        0,
        186
      ]
    ],
    "class_order": [
      "BENIGN",
      "Bot",
      "DDoS",
      "DoS GoldenEye",
      "DoS Hulk",
      "DoS Slowhttptest",
      "DoS slowloris",
      "FTP-Patator",
      "Heartbleed",
      "Infiltration",
      "PortScan",
      "SSH-Patator",
      "Web Attack - Brute Force",
      "Web Attack - Sql Injection",
      "Web Attack - XSS"
    ]
  },
  "feature_importances": {
    "tool_ts": 0.21255050654295354,
    "tool_resp_bytes": 0.10389646700181074,
    "tool_duration": 0.10275393850747207,
    "tool_id.resp_p": 0.09804868319909457,
    "tool_orig_bytes": 0.05941663846647976,
    "tool_r_rst": 0.05039231496163087,
    "tool_r_psh": 0.04787729223257773,
    "tool_id.orig_p": 0.045949230983935344,
    "tool_r_ack": 0.042949214364023755,
    "tool_resp_pkts": 0.042608513302441864,
    "tool_orig_pkts": 0.03859028208382613,
    "tool_s_ack": 0.03442165810824283,
    "tool_s_psh": 0.031100117623427747,
    "tool_s_fin": 0.02895488803778436,
    "tool_r_fin": 0.027005681901167162,
    "tool_s_rst": 0.02537200029158216,
    "tool_r_syn": 0.00506179795261234,
    "tool_s_syn": 0.0024712615462080525,
    "tool_missed_bytes": 0.0005795128927289576,
    "tool_s_urg": 0.0
  },
  "wall_seconds": 34.9
}