{
  "config": {
    "tool": "zeek",
    "regime": "common",
    "model": "xgb",
    "task": "binary",
    "split": "temporal",
    "seed": 0,
    "include_port": false,
    "dataset": "cicids2017",
    "n_features": 9,
    "subsample_benign": null,
    "max_train": 400000
  },
  "config_hash": "16e744160434738e",
  "git_commit": null,
  "n_train": 400000,
  "n_test": 911094,
  "n_test_unseen_class": 0,
  "features": [
    "duration",
    "pkts_fwd",
    "pkts_bwd",
    "bytes_fwd",
    "bytes_bwd",
    "tot_pkts",
    "tot_bytes",
    "is_tcp",
    "is_udp"
  ],
  "metrics": {
    "macro_f1": 0.9091421600935424,
    "weighted_f1": 0.9270269375369983,
    "balanced_accuracy": 0.8900232699066695,
    "per_class": {
      "0": {
        "precision": 0.9225613885984212,
        "recall": 0.9825396849914506,
        "f1-score": 0.9516063884533911,
        "support": 647411.0
      },
      "1": {
        "precision": 0.948987558271245,
        "recall": 0.7975068548218884,
        "f1-score": 0.8666779317336938,
        "support": 263683.0
      }
    },
    "fpr": 0.017460315008549436,
    "attack_recall": 0.7975068548218884,
    "attack_precision": 0.948987558271245,
    "auc_pr": 0.9763191663065363,
    "confusion_matrix": [
      [
        636107,
        11304
      ],
      [
        53394,
        210289
      ]
    ],
    "class_order": [
      "0",
      "1"
    ]
  },
  "feature_importances": {
    "bytes_bwd": 0.30688613653182983,
    "tot_bytes": 0.19297964870929718,
    "pkts_bwd": 0.17429322004318237,
    "tot_pkts": 0.16809920966625214,
    "is_tcp": 0.08994609117507935,
    "is_udp": 0.02501712180674076,
    "duration": 0.02112656645476818,
    "bytes_fwd": 0.014514421112835407,
    "pkts_fwd": 0.007137540262192488
  },
  "wall_seconds": 5.0
}