{
  "config": {
    "tool": "zeek",
    "regime": "native",
    "model": "rf",
    "task": "binary",
    "split": "temporal",
    "seed": 1,
    "include_port": false,
    "dataset": "cicids2017",
    "n_features": 20,
    "subsample_benign": null,
    "max_train": 400000
  },
  "config_hash": "4c45ea85a39794eb",
  "git_commit": null,
  "n_train": 400000,
  "n_test": 911094,
  "n_test_unseen_class": 0,
  "features": [
    "tool_ts",
    "tool_id.orig_p",
    "tool_id.resp_p",
    "tool_duration",
    "tool_orig_bytes",
    "tool_resp_bytes",
    "tool_missed_bytes",
    "tool_orig_pkts",
    "tool_resp_pkts",
    "tool_s_syn",
    "tool_s_fin",
    "tool_s_rst",
    "tool_s_psh",
    "tool_s_ack",
    "tool_s_urg",
    "tool_r_syn",
    "tool_r_fin",
    "tool_r_rst",
    "tool_r_psh",
    "tool_r_ack"
  ],
  "metrics": {
    "macro_f1": 0.438151902547293,
    "weighted_f1": 0.6048170100648865,
    "balanced_accuracy": 0.5108387723137252,
    "per_class": {
      "0": {
        "precision": 0.7150725995109225,
        "recall": 1.0,
        "f1-score": 0.8338686067456687,
        "support": 647411.0
      },
      "1": {
        "precision": 1.0,
        "recall": 0.021677544627450387,
        "f1-score": 0.0424351983489174,
        "support": 263683.0
      }
    },
    "fpr": 0.0,
    "attack_recall": 0.021677544627450387,
    "attack_precision": 1.0,
    "auc_pr": 0.9059745481883679,
    "confusion_matrix": [
      [
        647411,
        0
      ],
      [
        257967,
        5716
      ]
    ],
    "class_order": [
      "0",
      "1"
    ]
  },
  "feature_importances": {
    "tool_resp_bytes": 0.16393502849495256,
    "tool_s_psh": 0.14033981176471746,
    "tool_ts": 0.10822658815334825,
    "tool_s_rst": 0.09869174926152259,
    "tool_s_ack": 0.09756411191312668,
    "tool_s_fin": 0.09141499212489904,
    "tool_id.resp_p": 0.07941051735291334,
    "tool_r_ack": 0.04224496039896554,
    "tool_orig_pkts": 0.036258456896058125,
    "tool_resp_pkts": 0.03622977395087148,
    "tool_orig_bytes": 0.029823464636363626,
    "tool_r_psh": 0.027326158013320872,
    "tool_duration": 0.02073730117093749,
    "tool_r_fin": 0.008962599445704388,
    "tool_r_syn": 0.006072773372768517,
    "tool_r_rst": 0.005087179631004044,
    "tool_id.orig_p": 0.0039795111580947454,
    "tool_s_syn": 0.0018878033972958854,
    "tool_missed_bytes": 0.0018072188631354414,
    "tool_s_urg": 0.0
  },
  "wall_seconds": 30.6
}