{
  "config": {
    "tool": "zeek",
    "regime": "native",
    "model": "xgb",
    "task": "binary",
    "split": "stratified",
    "seed": 2,
    "include_port": false,
    "dataset": "cicids2017",
    "n_features": 20,
    "subsample_benign": null,
    "max_train": 400000
  },
  "config_hash": "e0b4fc8069a58f5d",
  "git_commit": null,
  "n_train": 400000,
  "n_test": 635754,
  "n_test_unseen_class": 0,
  "features": [
    "tool_ts",
    "tool_id.orig_p",
    "tool_id.resp_p",
    "tool_duration",
    "tool_orig_bytes",
    "tool_resp_bytes",
    "tool_missed_bytes",
    "tool_orig_pkts",
    "tool_resp_pkts",
    "tool_s_syn",
    "tool_s_fin",
    "tool_s_rst",
    "tool_s_psh",
    "tool_s_ack",
    "tool_s_urg",
    "tool_r_syn",
    "tool_r_fin",
    "tool_r_rst",
    "tool_r_psh",
    "tool_r_ack"
  ],
  "metrics": {
    "macro_f1": 0.9996839173778669,
    "weighted_f1": 0.9997845137341426,
    "balanced_accuracy": 0.9997112355724498,
    "per_class": {
      "0": {
        "precision": 0.9998833443955027,
        "recall": 0.9998411137323994,
        "f1-score": 0.9998622286180323,
        "support": 497211.0
      },
      "1": {
        "precision": 0.9994298663433504,
        "recall": 0.9995813574125001,
        "f1-score": 0.9995056061377013,
        "support": 138543.0
      }
    },
    "fpr": 0.00015888626760067657,
    "attack_recall": 0.9995813574125001,
    "attack_precision": 0.9994298663433504,
    "auc_pr": 0.9999960739193186,
    "confusion_matrix": [
      [
        497132,
        79
      ],
      [
        58,
        138485
      ]
    ],
    "class_order": [
      "0",
      "1"
    ]
  },
  "feature_importances": {
    "tool_s_fin": 0.6870988607406616,
    "tool_s_syn": 0.1353370100259781,
    "tool_s_rst": 0.08818264305591583,
    "tool_r_psh": 0.015378473326563835,
    "tool_id.resp_p": 0.013025953434407711,
    "tool_resp_pkts": 0.012643847614526749,
    "tool_resp_bytes": 0.00929059274494648,
    "tool_r_rst": 0.008377978578209877,
    "tool_s_ack": 0.007017838768661022,
    "tool_r_ack": 0.00628028716892004,
    "tool_ts": 0.00586927542462945,
    "tool_orig_bytes": 0.0036597149446606636,
    "tool_orig_pkts": 0.003282538615167141,
    "tool_s_psh": 0.0026043839752674103,
    "tool_r_fin": 0.0006074968259781599,
    "tool_duration": 0.0004561501264106482,
    "tool_r_syn": 0.0004451202694326639,
    "tool_missed_bytes": 0.00035066812415607274,
    "tool_id.orig_p": 9.118796879192814e-05,
    "tool_s_urg": 0.0
  },
  "wall_seconds": 24.9
}