{
  "config": {
    "tool": "zeek",
    "regime": "common",
    "model": "logreg",
    "task": "multiclass",
    "split": "stratified",
    "seed": 0,
    "include_port": false,
    "dataset": "cicids2017",
    "n_features": 9,
    "subsample_benign": null,
    "max_train": 400000
  },
  "config_hash": "ef40682c127e1057",
  "git_commit": null,
  "n_train": 400000,
  "n_test": 635754,
  "n_test_unseen_class": 0,
  "features": [
    "duration",
    "pkts_fwd",
    "pkts_bwd",
    "bytes_fwd",
    "bytes_bwd",
    "tot_pkts",
    "tot_bytes",
    "is_tcp",
    "is_udp"
  ],
  "metrics": {
    "macro_f1": 0.4256356558796258,
    "weighted_f1": 0.8867540555599955,
    "balanced_accuracy": 0.7693716565916413,
    "per_class": {
      "BENIGN": {
        "precision": 0.9999695354924207,
        "recall": 0.7921968741640872,
        "f1-score": 0.8840392677912541,
        "support": 497211.0
      },
      "Bot": {
        "precision": 0.016392354658879744,
        "recall": 0.16588314304902618,
        "f1-score": 0.029836323005375368,
        "support": 1489.0
      },
      "DDoS": {
        "precision": 0.9758720435596393,
        "recall": 0.9989897230447657,
        "f1-score": 0.9872955758306077,
        "support": 28705.0
      },
      "DoS GoldenEye": {
        "precision": 0.3512635379061372,
        "recall": 0.8380706287683032,
        "f1-score": 0.4950394301704401,
        "support": 2322.0
      },
      "DoS Hulk": {
        "precision": 0.9463026212081405,
        "recall": 0.9548902846888001,
        "f1-score": 0.9505770577666799,
        "support": 49036.0
      },
      "DoS Slowhttptest": {
        "precision": 0.1763275991024682,
        "recall": 0.7827350072629177,
        "f1-score": 0.2878180916409141,
        "support": 4819.0
      },
      "DoS slowloris": {
        "precision": 0.24069264069264068,
        "recall": 0.9504273504273504,
        "f1-score": 0.3841105354058722,
        "support": 1170.0
      },
      "FTP-Patator": {
        "precision": 0.8521428571428571,
        "recall": 0.9966583124477861,
        "f1-score": 0.9187524066230266,
        "support": 1197.0
      },
      "Heartbleed": {
        "precision": 0.0,
        "recall": 0.0,
        "f1-score": 0.0,
        "support": 0.0
      },
      "Infiltration": {
        "precision": 0.004004004004004004,
        "recall": 0.5333333333333333,
        "f1-score": 0.007948335817188276,
        "support": 15.0
      },
      "PortScan": {
        "precision": 0.8752931617144651,
        "recall": 0.9817519004121875,
        "f1-score": 0.9254710534023235,
        "support": 48279.0
      },
      "SSH-Patator": {
        "precision": 0.31203407880724177,
        "recall": 0.9832214765100671,
        "f1-score": 0.4737267582861762,
        "support": 894.0
      },
      "Web Attack - Brute Force": {
        "precision": 0.019833141829444973,
        "recall": 0.9682926829268292,
        "f1-score": 0.03887012287658491,
        "support": 410.0
      },
      "Web Attack - Sql Injection": {
        "precision": 0.00020967657388478272,
        "recall": 0.8,
        "f1-score": 0.0004192432659050414,
        "support": 5.0
      },
      "Web Attack - XSS": {
        "precision": 0.00031938677738741617,
        "recall": 0.024752475247524754,
        "f1-score": 0.0006306363120388472,
        "support": 202.0
      }
    },
    "confusion_matrix": [
      [
        393889,
        14456,
        686,
        3204,
        2544,
        15642,
        2527,
        207,
        1250,
        1843,
        5505,
        1938,
        19396,
        18901,
        15223
      ],
      [
        0,
        247,
        0,
        0,
        0,
        82,
        0,
        0,
        0,
        1,
        1154,
        0,
        2,
        3,
        0
      ],
      [
        0,
        4,
        28676,
        21,
        0,
        0,
        0,
        0,
        0,
        0,
        0,
        0,
        0,
        0,
        4
      ],
      [
        0,
        0,
        0,
        1946,
        104,
        54,
        14,
        0,
        0,
        0,
        24,
        0,
        0,
        25,
        155
      ],
      [
        0,
        0,
        0,
        350,
        46824,
        1314,
        19,
        0,
        0,
        64,
        62,
        0,
        2,
        134,
        267
      ],
      [
        0,
        0,
        0,
        19,
        0,
        3772,
        942,
        0,
        0,
        82,
        1,
        0,
        1,
        2,
        0
      ],
      [
        0,
        45,
        0,
        0,
        0,
        8,
        1112,
        0,
        0,
        0,
        3,
        0,
        0,
        2,
        0
      ],
      [
        0,
        0,
        0,
        0,
        0,
        0,
        3,
        1193,
        0,
        0,
        0,
        0,
        1,
        0,
        0
      ],
      [
        0,
        0,
        0,
        0,
        0,
        0,
        0,
        0,
        0,
        0,
        0,
        0,
        0,
        0,
        0
      ],
      [
        0,
        0,
        0,
        0,
        0,
        0,
        0,
        0,
        2,
        8,
        4,
        0,
        1,
        0,
        0
      ],
      [
        0,
        309,
        23,
        0,
        9,
        520,
        0,
        0,
        0,
        0,
        47398,
        0,
        20,
        0,
        0
      ],
      [
        5,
        7,
        0,
        0,
        0,
        0,
        3,
        0,
        0,
        0,
        0,
        879,
        0,
        0,
        0
      ],
      [
        7,
        0,
        0,
        0,
        0,
        0,
        0,
        0,
        0,
        0,
        0,
        0,
        397,
        5,
        1
      ],
      [
        0,
        0,
        0,
        0,
        0,
        0,
        0,
        0,
        0,
        0,
        0,
        0,
        1,
        4,
        0
      ],
      [
        0,
        0,
        0,
        0,
        0,
        0,
        0,
        0,
        0,
        0,
        0,
        0,
        196,
        1,
        5
      ]
    ],
    "class_order": [
      "BENIGN",
      "Bot",
      "DDoS",
      "DoS GoldenEye",
      "DoS Hulk",
      "DoS Slowhttptest",
      "DoS slowloris",
      "FTP-Patator",
      "Heartbleed",
      "Infiltration",
      "PortScan",
      "SSH-Patator",
      "Web Attack - Brute Force",
      "Web Attack - Sql Injection",
      "Web Attack - XSS"
    ]
  },
  "feature_importances": null,
  "wall_seconds": 42.0
}