{
  "config": {
    "tool": "argus",
    "regime": "common",
    "model": "rf",
    "task": "binary",
    "split": "temporal",
    "seed": 2,
    "include_port": true,
    "dataset": "cicids2017",
    "n_features": 10,
    "subsample_benign": null,
    "max_train": 400000
  },
  "config_hash": "868a1ab7c664aa91",
  "git_commit": null,
  "n_train": 400000,
  "n_test": 655831,
  "n_test_unseen_class": 0,
  "features": [
    "duration",
    "pkts_fwd",
    "pkts_bwd",
    "bytes_fwd",
    "bytes_bwd",
    "tot_pkts",
    "tot_bytes",
    "is_tcp",
    "is_udp",
    "dst_port"
  ],
  "metrics": {
    "macro_f1": 0.4213177844801015,
    "weighted_f1": 0.5625803666602835,
    "balanced_accuracy": 0.5063799252346475,
    "per_class": {
      "0": {
        "precision": 0.6839444538318561,
        "recall": 0.9966869701670618,
        "f1-score": 0.8112171600721866,
        "support": 446721.0
      },
      "1": {
        "precision": 0.6942780417269159,
        "recall": 0.016072880302233274,
        "f1-score": 0.03141840888801641,
        "support": 209110.0
      }
    },
    "fpr": 0.003313029832938232,
    "attack_recall": 0.016072880302233274,
    "attack_precision": 0.6942780417269159,
    "auc_pr": 0.6229604199401675,
    "confusion_matrix": [
      [
        445241,
        1480
      ],
      [
        205749,
        3361
      ]
    ],
    "class_order": [
      "0",
      "1"
    ]
  },
  "feature_importances": {
    "pkts_bwd": 0.2501591563234432,
    "dst_port": 0.18552916194323726,
    "tot_pkts": 0.17240398962254327,
    "duration": 0.11317790074427848,
    "pkts_fwd": 0.09901418878279857,
    "bytes_fwd": 0.06865965113239558,
    "bytes_bwd": 0.05560426051228285,
    "tot_bytes": 0.05057912562246865,
    "is_tcp": 0.0031163156302361143,
    "is_udp": 0.0017562496863161503
  },
  "wall_seconds": 9.7
}