{
  "config": {
    "tool": "argus",
    "regime": "common",
    "model": "rf",
    "task": "binary",
    "split": "temporal",
    "seed": 0,
    "include_port": true,
    "dataset": "cicids2017",
    "n_features": 10,
    "subsample_benign": null,
    "max_train": 400000
  },
  "config_hash": "4c7e3dab6ed0c866",
  "git_commit": null,
  "n_train": 400000,
  "n_test": 655831,
  "n_test_unseen_class": 0,
  "features": [
    "duration",
    "pkts_fwd",
    "pkts_bwd",
    "bytes_fwd",
    "bytes_bwd",
    "tot_pkts",
    "tot_bytes",
    "is_tcp",
    "is_udp",
    "dst_port"
  ],
  "metrics": {
    "macro_f1": 0.4213165546656572,
    "weighted_f1": 0.5625787976846867,
    "balanced_accuracy": 0.5063776867009766,
    "per_class": {
      "0": {
        "precision": 0.6839434828291766,
        "recall": 0.99668249309972,
        "f1-score": 0.8112149941377906,
        "support": 446721.0
      },
      "1": {
        "precision": 0.6939913276894487,
        "recall": 0.016072880302233274,
        "f1-score": 0.03141811519352381,
        "support": 209110.0
      }
    },
    "fpr": 0.0033175069002800406,
    "attack_recall": 0.016072880302233274,
    "attack_precision": 0.6939913276894487,
    "auc_pr": 0.3295580091927338,
    "confusion_matrix": [
      [
        445239,
        1482
      ],
      [
        205749,
        3361
      ]
    ],
    "class_order": [
      "0",
      "1"
    ]
  },
  "feature_importances": {
    "pkts_bwd": 0.2514789067838441,
    "dst_port": 0.1847186024233508,
    "tot_pkts": 0.1597679299953825,
    "pkts_fwd": 0.11547269830656706,
    "bytes_fwd": 0.09382269787445306,
    "duration": 0.08141107372082301,
    "tot_bytes": 0.06397855365367618,
    "bytes_bwd": 0.04165917666028543,
    "is_tcp": 0.006277864733055793,
    "is_udp": 0.0014124958485620565
  },
  "wall_seconds": 9.5
}