{
  "config": {
    "tool": "cicflowmeter-fixed",
    "regime": "common",
    "model": "rf",
    "task": "multiclass",
    "split": "stratified",
    "seed": 0,
    "include_port": true,
    "dataset": "cicids2017",
    "n_features": 10,
    "subsample_benign": null,
    "max_train": 400000
  },
  "config_hash": "f5cdd9708fdb08b4",
  "git_commit": null,
  "n_train": 400000,
  "n_test": 631280,
  "n_test_unseen_class": 0,
  "features": [
    "duration",
    "pkts_fwd",
    "pkts_bwd",
    "bytes_fwd",
    "bytes_bwd",
    "tot_pkts",
    "tot_bytes",
    "is_tcp",
    "is_udp",
    "dst_port"
  ],
  "metrics": {
    "macro_f1": 0.7995835777957812,
    "weighted_f1": 0.991021050598156,
    "balanced_accuracy": 0.7964558781826532,
    "per_class": {
      "BENIGN": {
        "precision": 0.9988040827680307,
        "recall": 0.9897089742171075,
        "f1-score": 0.994235728780125,
        "support": 497035.0
      },
      "Bot": {
        "precision": 0.9972318339100346,
        "recall": 1.0,
        "f1-score": 0.9986139986139986,
        "support": 1441.0
      },
      "DDoS": {
        "precision": 1.0,
        "recall": 1.0,
        "f1-score": 1.0,
        "support": 28705.0
      },
      "DoS GoldenEye": {
        "precision": 0.9710327455919395,
        "recall": 0.9910025706940874,
        "f1-score": 0.9809160305343512,
        "support": 2334.0
      },
      "DoS Hulk": {
        "precision": 0.9997277030706715,
        "recall": 0.9997277030706715,
        "f1-score": 0.9997277030706715,
        "support": 47742.0
      },
      "DoS Slowhttptest": {
        "precision": 0.984313725490196,
        "recall": 0.9817470664928292,
        "f1-score": 0.9830287206266318,
        "support": 1534.0
      },
      "DoS slowloris": {
        "precision": 0.9970570924072985,
        "recall": 0.985456660849331,
        "f1-score": 0.9912229373902867,
        "support": 1719.0
      },
      "FTP-Patator": {
        "precision": 1.0,
        "recall": 1.0,
        "f1-score": 1.0,
        "support": 1201.0
      },
      "Heartbleed": {
        "precision": 1.0,
        "recall": 1.0,
        "f1-score": 1.0,
        "support": 3.0
      },
      "Infiltration": {
        "precision": 1.0,
        "recall": 0.782608695652174,
        "f1-score": 0.8780487804878049,
        "support": 23.0
      },
      "PortScan": {
        "precision": 0.9141551642075202,
        "recall": 0.9997085155111388,
        "f1-score": 0.9550196409924917,
        "support": 48030.0
      },
      "SSH-Patator": {
        "precision": 0.9966442953020134,
        "recall": 0.9944196428571429,
        "f1-score": 0.9955307262569832,
        "support": 896.0
      },
      "Web Attack - Brute Force": {
        "precision": 0.17579908675799086,
        "recall": 0.1878048780487805,
        "f1-score": 0.18160377358490565,
        "support": 410.0
      },
      "Web Attack - Sql Injection": {
        "precision": 0.0,
        "recall": 0.0,
        "f1-score": 0.0,
        "support": 5.0
      },
      "Web Attack - XSS": {
        "precision": 0.037037037037037035,
        "recall": 0.034653465346534656,
        "f1-score": 0.03580562659846547,
        "support": 202.0
      }
    },
    "confusion_matrix": [
      [
        491920,
        1,
        0,
        54,
        7,
        13,
        0,
        0,
        0,
        0,
        4509,
        3,
        355,
        0,
        173
      ],
      [
        0,
        1441,
        0,
        0,
        0,
        0,
        0,
        0,
        0,
        0,
        0,
        0,
        0,
        0,
        0
      ],
      [
        0,
        0,
        28705,
        0,
        0,
        0,
        0,
        0,
        0,
        0,
        0,
        0,
        0,
        0,
        0
      ],
      [
        12,
        0,
        0,
        2313,
        6,
        3,
        0,
        0,
        0,
        0,
        0,
        0,
        0,
        0,
        0
      ],
      [
        4,
        0,
        0,
        7,
        47729,
        2,
        0,
        0,
        0,
        0,
        0,
        0,
        0,
        0,
        0
      ],
      [
        22,
        0,
        0,
        1,
        0,
        1506,
        5,
        0,
        0,
        0,
        0,
        0,
        0,
        0,
        0
      ],
      [
        12,
        0,
        0,
        7,
        0,
        6,
        1694,
        0,
        0,
        0,
        0,
        0,
        0,
        0,
        0
      ],
      [
        0,
        0,
        0,
        0,
        0,
        0,
        0,
        1201,
        0,
        0,
        0,
        0,
        0,
        0,
        0
      ],
      [
        0,
        0,
        0,
        0,
        0,
        0,
        0,
        0,
        3,
        0,
        0,
        0,
        0,
        0,
        0
      ],
      [
        5,
        0,
        0,
        0,
        0,
        0,
        0,
        0,
        0,
        18,
        0,
        0,
        0,
        0,
        0
      ],
      [
        11,
        3,
        0,
        0,
        0,
        0,
        0,
        0,
        0,
        0,
        48016,
        0,
        0,
        0,
        0
      ],
      [
        5,
        0,
        0,
        0,
        0,
        0,
        0,
        0,
        0,
        0,
        0,
        891,
        0,
        0,
        0
      ],
      [
        324,
        0,
        0,
        0,
        0,
        0,
        0,
        0,
        0,
        0,
        0,
        0,
        77,
        0,
        9
      ],
      [
        5,
        0,
        0,
        0,
        0,
        0,
        0,
        0,
        0,
        0,
        0,
        0,
        0,
        0,
        0
      ],
      [
        189,
        0,
        0,
        0,
        0,
        0,
        0,
        0,
        0,
        0,
        0,
        0,
        6,
        0,
        7
      ]
    ],
    "class_order": [
      "BENIGN",
      "Bot",
      "DDoS",
      "DoS GoldenEye",
      "DoS Hulk",
      "DoS Slowhttptest",
      "DoS slowloris",
      "FTP-Patator",
      "Heartbleed",
      "Infiltration",
      "PortScan",
      "SSH-Patator",
      "Web Attack - Brute Force",
      "Web Attack - Sql Injection",
      "Web Attack - XSS"
    ]
  },
  "feature_importances": {
    "duration": 0.23827975009565175,
    "dst_port": 0.16350928415798907,
    "bytes_bwd": 0.13030710196887238,
    "tot_bytes": 0.11041336601588424,
    "bytes_fwd": 0.09882198498303077,
    "pkts_bwd": 0.08703373437818744,
    "tot_pkts": 0.07634603162140131,
    "pkts_fwd": 0.06593991969782144,
    "is_tcp": 0.01644012700209077,
    "is_udp": 0.012908700079070889
  },
  "wall_seconds": 16.4
}