{
  "config": {
    "tool": "cicflowmeter-fixed",
    "regime": "common",
    "model": "rf",
    "task": "multiclass",
    "split": "stratified",
    "seed": 2,
    "include_port": true,
    "dataset": "cicids2017",
    "n_features": 10,
    "subsample_benign": null,
    "max_train": 400000
  },
  "config_hash": "685366c42324e1b7",
  "git_commit": null,
  "n_train": 400000,
  "n_test": 631280,
  "n_test_unseen_class": 0,
  "features": [
    "duration",
    "pkts_fwd",
    "pkts_bwd",
    "bytes_fwd",
    "bytes_bwd",
    "tot_pkts",
    "tot_bytes",
    "is_tcp",
    "is_udp",
    "dst_port"
  ],
  "metrics": {
    "macro_f1": 0.8078124240805433,
    "weighted_f1": 0.9908218479229913,
    "balanced_accuracy": 0.7879018700596315,
    "per_class": {
      "BENIGN": {
        "precision": 0.9987653468603664,
        "recall": 0.9895439958956612,
        "f1-score": 0.9941332880570724,
        "support": 497035.0
      },
      "Bot": {
        "precision": 0.9979224376731302,
        "recall": 1.0,
        "f1-score": 0.9989601386481802,
        "support": 1441.0
      },
      "DDoS": {
        "precision": 0.9999651604361913,
        "recall": 0.9998954885908379,
        "f1-score": 0.9999303232998885,
        "support": 28705.0
      },
      "DoS GoldenEye": {
        "precision": 0.9683465222823824,
        "recall": 0.9961439588688946,
        "f1-score": 0.9820485744456178,
        "support": 2334.0
      },
      "DoS Hulk": {
        "precision": 0.9998533232755008,
        "recall": 0.9994763520589837,
        "f1-score": 0.9996648021285065,
        "support": 47742.0
      },
      "DoS Slowhttptest": {
        "precision": 0.9816993464052287,
        "recall": 0.9791395045632334,
        "f1-score": 0.9804177545691906,
        "support": 1534.0
      },
      "DoS slowloris": {
        "precision": 0.9929577464788732,
        "recall": 0.9842931937172775,
        "f1-score": 0.9886064855390009,
        "support": 1719.0
      },
      "FTP-Patator": {
        "precision": 1.0,
        "recall": 1.0,
        "f1-score": 1.0,
        "support": 1201.0
      },
      "Heartbleed": {
        "precision": 1.0,
        "recall": 0.6666666666666666,
        "f1-score": 0.8,
        "support": 3.0
      },
      "Infiltration": {
        "precision": 1.0,
        "recall": 0.8260869565217391,
        "f1-score": 0.9047619047619048,
        "support": 23.0
      },
      "PortScan": {
        "precision": 0.9122677003762398,
        "recall": 0.9995627732667083,
        "f1-score": 0.9539222699093943,
        "support": 48030.0
      },
      "SSH-Patator": {
        "precision": 0.9977653631284916,
        "recall": 0.9966517857142857,
        "f1-score": 0.9972082635399219,
        "support": 896.0
      },
      "Web Attack - Brute Force": {
        "precision": 0.14250614250614252,
        "recall": 0.14146341463414633,
        "f1-score": 0.1419828641370869,
        "support": 410.0
      },
      "Web Attack - Sql Injection": {
        "precision": 1.0,
        "recall": 0.2,
        "f1-score": 0.3333333333333333,
        "support": 5.0
      },
      "Web Attack - XSS": {
        "precision": 0.04519774011299435,
        "recall": 0.039603960396039604,
        "f1-score": 0.04221635883905013,
        "support": 202.0
      }
    },
    "confusion_matrix": [
      [
        491838,
        1,
        1,
        45,
        6,
        18,
        6,
        0,
        0,
        0,
        4617,
        2,
        338,
        0,
        163
      ],
      [
        0,
        1441,
        0,
        0,
        0,
        0,
        0,
        0,
        0,
        0,
        0,
        0,
        0,
        0,
        0
      ],
      [
        3,
        0,
        28702,
        0,
        0,
        0,
        0,
        0,
        0,
        0,
        0,
        0,
        0,
        0,
        0
      ],
      [
        7,
        0,
        0,
        2325,
        0,
        2,
        0,
        0,
        0,
        0,
        0,
        0,
        0,
        0,
        0
      ],
      [
        6,
        0,
        0,
        18,
        47717,
        1,
        0,
        0,
        0,
        0,
        0,
        0,
        0,
        0,
        0
      ],
      [
        26,
        0,
        0,
        0,
        0,
        1502,
        6,
        0,
        0,
        0,
        0,
        0,
        0,
        0,
        0
      ],
      [
        7,
        0,
        0,
        13,
        0,
        7,
        1692,
        0,
        0,
        0,
        0,
        0,
        0,
        0,
        0
      ],
      [
        0,
        0,
        0,
        0,
        0,
        0,
        0,
        1201,
        0,
        0,
        0,
        0,
        0,
        0,
        0
      ],
      [
        1,
        0,
        0,
        0,
        0,
        0,
        0,
        0,
        2,
        0,
        0,
        0,
        0,
        0,
        0
      ],
      [
        4,
        0,
        0,
        0,
        0,
        0,
        0,
        0,
        0,
        19,
        0,
        0,
        0,
        0,
        0
      ],
      [
        19,
        2,
        0,
        0,
        0,
        0,
        0,
        0,
        0,
        0,
        48009,
        0,
        0,
        0,
        0
      ],
      [
        3,
        0,
        0,
        0,
        0,
        0,
        0,
        0,
        0,
        0,
        0,
        893,
        0,
        0,
        0
      ],
      [
        345,
        0,
        0,
        0,
        1,
        0,
        0,
        0,
        0,
        0,
        0,
        0,
        58,
        0,
        6
      ],
      [
        4,
        0,
        0,
        0,
        0,
        0,
        0,
        0,
        0,
        0,
        0,
        0,
        0,
        1,
        0
      ],
      [
        183,
        0,
        0,
        0,
        0,
        0,
        0,
        0,
        0,
        0,
        0,
        0,
        11,
        0,
        8
      ]
    ],
    "class_order": [
      "BENIGN",
      "Bot",
      "DDoS",
      "DoS GoldenEye",
      "DoS Hulk",
      "DoS Slowhttptest",
      "DoS slowloris",
      "FTP-Patator",
      "Heartbleed",
      "Infiltration",
      "PortScan",
      "SSH-Patator",
      "Web Attack - Brute Force",
      "Web Attack - Sql Injection",
      "Web Attack - XSS"
    ]
  },
  "feature_importances": {
    "duration": 0.23411330308998163,
    "dst_port": 0.15511066651152183,
    "bytes_bwd": 0.14215680721689014,
    "bytes_fwd": 0.10402154119029039,
    "tot_bytes": 0.10223532861018898,
    "pkts_bwd": 0.08212867317255756,
    "tot_pkts": 0.07594087083478358,
    "pkts_fwd": 0.07309030341603587,
    "is_tcp": 0.017574823980655494,
    "is_udp": 0.013627681977094509
  },
  "wall_seconds": 16.7
}