{
  "config": {
    "tool": "cicflowmeter-orig",
    "regime": "common",
    "model": "xgb",
    "task": "multiclass",
    "split": "stratified",
    "seed": 1,
    "include_port": true,
    "dataset": "cicids2017",
    "n_features": 10,
    "subsample_benign": null,
    "max_train": 400000
  },
  "config_hash": "c8b58cca23fb24c7",
  "git_commit": null,
  "n_train": 400000,
  "n_test": 816973,
  "n_test_unseen_class": 0,
  "features": [
    "duration",
    "pkts_fwd",
    "pkts_bwd",
    "bytes_fwd",
    "bytes_bwd",
    "tot_pkts",
    "tot_bytes",
    "is_tcp",
    "is_udp",
    "dst_port"
  ],
  "metrics": {
    "macro_f1": 0.6741868568736851,
    "weighted_f1": 0.9842654954873288,
    "balanced_accuracy": 0.6558025109209961,
    "per_class": {
      "BENIGN": {
        "precision": 0.9905025349410798,
        "recall": 0.9904228044124976,
        "f1-score": 0.9904626680722464,
        "support": 583887.0
      },
      "Bot": {
        "precision": 0.9917184265010351,
        "recall": 0.9972241498959056,
        "f1-score": 0.9944636678200692,
        "support": 1441.0
      },
      "DDoS": {
        "precision": 0.9983536788272589,
        "recall": 0.9986860086197834,
        "f1-score": 0.9985198160718196,
        "support": 57078.0
      },
      "DoS GoldenEye": {
        "precision": 0.9900545396214309,
        "recall": 0.9806164601207499,
        "f1-score": 0.9853128991060025,
        "support": 3147.0
      },
      "DoS Hulk": {
        "precision": 0.9886456717614458,
        "recall": 0.9905013837598107,
        "f1-score": 0.9895726577729709,
        "support": 114543.0
      },
      "DoS Slowhttptest": {
        "precision": 0.9787096774193549,
        "recall": 0.9908556499020248,
        "f1-score": 0.9847452125933138,
        "support": 1531.0
      },
      "DoS slowloris": {
        "precision": 0.9960886571056062,
        "recall": 0.889406286379511,
        "f1-score": 0.939729397293973,
        "support": 1718.0
      },
      "FTP-Patator": {
        "precision": 0.8674806432400238,
        "recall": 0.9285941982786101,
        "f1-score": 0.8969976905311778,
        "support": 3137.0
      },
      "Heartbleed": {
        "precision": 0.0,
        "recall": 0.0,
        "f1-score": 0.0,
        "support": 3.0
      },
      "Infiltration": {
        "precision": 0.5,
        "recall": 0.08333333333333333,
        "f1-score": 0.14285714285714285,
        "support": 24.0
      },
      "PortScan": {
        "precision": 0.8989478027645966,
        "recall": 0.9076176390942987,
        "f1-score": 0.9032619173481763,
        "support": 48007.0
      },
      "SSH-Patator": {
        "precision": 0.8659734257654534,
        "recall": 0.8393057110862262,
        "f1-score": 0.8524310491896503,
        "support": 1786.0
      },
      "Web Attack - Brute Force": {
        "precision": 1.0,
        "recall": 0.11013215859030837,
        "f1-score": 0.1984126984126984,
        "support": 454.0
      },
      "Web Attack - Sql Injection": {
        "precision": 1.0,
        "recall": 0.1111111111111111,
        "f1-score": 0.2,
        "support": 9.0
      },
      "Web Attack - XSS": {
        "precision": 0.2857142857142857,
        "recall": 0.019230769230769232,
        "f1-score": 0.036036036036036036,
        "support": 208.0
      }
    },
    "confusion_matrix": [
      [
        578295,
        12,
        7,
        19,
        1147,
        14,
        2,
        27,
        0,
        2,
        4347,
        5,
        0,
        0,
        10
      ],
      [
        4,
        1437,
        0,
        0,
        0,
        0,
        0,
        0,
        0,
        0,
        0,
        0,
        0,
        0,
        0
      ],
      [
        25,
        0,
        57003,
        4,
        42,
        0,
        0,
        0,
        0,
        0,
        4,
        0,
        0,
        0,
        0
      ],
      [
        15,
        0,
        0,
        3086,
        44,
        2,
        0,
        0,
        0,
        0,
        0,
        0,
        0,
        0,
        0
      ],
      [
        966,
        0,
        78,
        8,
        113455,
        0,
        0,
        0,
        0,
        0,
        36,
        0,
        0,
        0,
        0
      ],
      [
        9,
        0,
        0,
        0,
        1,
        1517,
        4,
        0,
        0,
        0,
        0,
        0,
        0,
        0,
        0
      ],
      [
        20,
        0,
        0,
        0,
        0,
        17,
        1528,
        0,
        0,
        0,
        153,
        0,
        0,
        0,
        0
      ],
      [
        39,
        0,
        0,
        0,
        1,
        0,
        0,
        2913,
        0,
        0,
        163,
        21,
        0,
        0,
        0
      ],
      [
        3,
        0,
        0,
        0,
        0,
        0,
        0,
        0,
        0,
        0,
        0,
        0,
        0,
        0,
        0
      ],
      [
        22,
        0,
        0,
        0,
        0,
        0,
        0,
        0,
        0,
        2,
        0,
        0,
        0,
        0,
        0
      ],
      [
        3860,
        0,
        9,
        0,
        58,
        0,
        0,
        302,
        0,
        0,
        43572,
        206,
        0,
        0,
        0
      ],
      [
        17,
        0,
        0,
        0,
        8,
        0,
        0,
        116,
        0,
        0,
        146,
        1499,
        0,
        0,
        0
      ],
      [
        364,
        0,
        0,
        0,
        1,
        0,
        0,
        0,
        0,
        0,
        39,
        0,
        50,
        0,
        0
      ],
      [
        2,
        0,
        0,
        0,
        0,
        0,
        0,
        0,
        0,
        0,
        6,
        0,
        0,
        1,
        0
      ],
      [
        199,
        0,
        0,
        0,
        1,
        0,
        0,
        0,
        0,
        0,
        4,
        0,
        0,
        0,
        4
      ]
    ],
    "class_order": [
      "BENIGN",
      "Bot",
      "DDoS",
      "DoS GoldenEye",
      "DoS Hulk",
      "DoS Slowhttptest",
      "DoS slowloris",
      "FTP-Patator",
      "Heartbleed",
      "Infiltration",
      "PortScan",
      "SSH-Patator",
      "Web Attack - Brute Force",
      "Web Attack - Sql Injection",
      "Web Attack - XSS"
    ]
  },
  "feature_importances": {
    "is_udp": 0.4619717597961426,
    "is_tcp": 0.23900152742862701,
    "tot_bytes": 0.06087198853492737,
    "bytes_fwd": 0.05274474620819092,
    "pkts_fwd": 0.05029077082872391,
    "tot_pkts": 0.0488102026283741,
    "pkts_bwd": 0.04041293263435364,
    "dst_port": 0.018812542781233788,
    "bytes_bwd": 0.01772928051650524,
    "duration": 0.009354367852210999
  },
  "wall_seconds": 40.0
}