{
  "config": {
    "tool": "cicflowmeter-fixed",
    "regime": "common",
    "model": "xgb",
    "task": "multiclass",
    "split": "stratified",
    "seed": 0,
    "include_port": true,
    "dataset": "cicids2017",
    "n_features": 10,
    "subsample_benign": null,
    "max_train": 400000
  },
  "config_hash": "3d8176ff9e8b8899",
  "git_commit": null,
  "n_train": 400000,
  "n_test": 631280,
  "n_test_unseen_class": 0,
  "features": [
    "duration",
    "pkts_fwd",
    "pkts_bwd",
    "bytes_fwd",
    "bytes_bwd",
    "tot_pkts",
    "tot_bytes",
    "is_tcp",
    "is_udp",
    "dst_port"
  ],
  "metrics": {
    "macro_f1": 0.7246198874725164,
    "weighted_f1": 0.990935671524025,
    "balanced_accuracy": 0.7146526481362375,
    "per_class": {
      "BENIGN": {
        "precision": 0.9962270397503266,
        "recall": 0.9928838009395716,
        "f1-score": 0.994552610736375,
        "support": 497035.0
      },
      "Bot": {
        "precision": 0.9979224376731302,
        "recall": 1.0,
        "f1-score": 0.9989601386481802,
        "support": 1441.0
      },
      "DDoS": {
        "precision": 1.0,
        "recall": 0.9999303257272252,
        "f1-score": 0.9999651616499443,
        "support": 28705.0
      },
      "DoS GoldenEye": {
        "precision": 0.9688944934846574,
        "recall": 0.9875749785775493,
        "f1-score": 0.9781455548482919,
        "support": 2334.0
      },
      "DoS Hulk": {
        "precision": 0.9993090307586004,
        "recall": 0.9996648653177496,
        "f1-score": 0.9994869163673679,
        "support": 47742.0
      },
      "DoS Slowhttptest": {
        "precision": 0.9627289955780164,
        "recall": 0.9934810951760105,
        "f1-score": 0.9778633301251203,
        "support": 1534.0
      },
      "DoS slowloris": {
        "precision": 0.9551208285385501,
        "recall": 0.9656777196044212,
        "f1-score": 0.960370263234018,
        "support": 1719.0
      },
      "FTP-Patator": {
        "precision": 0.9991680532445923,
        "recall": 1.0,
        "f1-score": 0.9995838535164377,
        "support": 1201.0
      },
      "Heartbleed": {
        "precision": 0.0,
        "recall": 0.0,
        "f1-score": 0.0,
        "support": 3.0
      },
      "Infiltration": {
        "precision": 0.9411764705882353,
        "recall": 0.6956521739130435,
        "f1-score": 0.8,
        "support": 23.0
      },
      "PortScan": {
        "precision": 0.9321952776005106,
        "recall": 0.9732250676660421,
        "f1-score": 0.9522684213742946,
        "support": 48030.0
      },
      "SSH-Patator": {
        "precision": 0.998876404494382,
        "recall": 0.9921875,
        "f1-score": 0.9955207166853304,
        "support": 896.0
      },
      "Web Attack - Brute Force": {
        "precision": 0.9607843137254902,
        "recall": 0.11951219512195121,
        "f1-score": 0.21258134490238612,
        "support": 410.0
      },
      "Web Attack - Sql Injection": {
        "precision": 0.0,
        "recall": 0.0,
        "f1-score": 0.0,
        "support": 5.0
      },
      "Web Attack - XSS": {
        "precision": 0.0,
        "recall": 0.0,
        "f1-score": 0.0,
        "support": 202.0
      }
    },
    "confusion_matrix": [
      [
        493498,
        1,
        0,
        56,
        19,
        52,
        32,
        0,
        0,
        1,
        3371,
        1,
        2,
        0,
        2
      ],
      [
        0,
        1441,
        0,
        0,
        0,
        0,
        0,
        0,
        0,
        0,
        0,
        0,
        0,
        0,
        0
      ],
      [
        2,
        0,
        28703,
        0,
        0,
        0,
        0,
        0,
        0,
        0,
        0,
        0,
        0,
        0,
        0
      ],
      [
        12,
        0,
        0,
        2305,
        14,
        3,
        0,
        0,
        0,
        0,
        0,
        0,
        0,
        0,
        0
      ],
      [
        5,
        0,
        0,
        10,
        47726,
        1,
        0,
        0,
        0,
        0,
        0,
        0,
        0,
        0,
        0
      ],
      [
        2,
        0,
        0,
        1,
        0,
        1524,
        7,
        0,
        0,
        0,
        0,
        0,
        0,
        0,
        0
      ],
      [
        20,
        0,
        0,
        7,
        0,
        3,
        1660,
        0,
        0,
        0,
        29,
        0,
        0,
        0,
        0
      ],
      [
        0,
        0,
        0,
        0,
        0,
        0,
        0,
        1201,
        0,
        0,
        0,
        0,
        0,
        0,
        0
      ],
      [
        3,
        0,
        0,
        0,
        0,
        0,
        0,
        0,
        0,
        0,
        0,
        0,
        0,
        0,
        0
      ],
      [
        7,
        0,
        0,
        0,
        0,
        0,
        0,
        0,
        0,
        16,
        0,
        0,
        0,
        0,
        0
      ],
      [
        1245,
        2,
        0,
        0,
        0,
        0,
        39,
        0,
        0,
        0,
        46744,
        0,
        0,
        0,
        0
      ],
      [
        6,
        0,
        0,
        0,
        0,
        0,
        0,
        1,
        0,
        0,
        0,
        889,
        0,
        0,
        0
      ],
      [
        360,
        0,
        0,
        0,
        0,
        0,
        0,
        0,
        0,
        0,
        0,
        0,
        49,
        0,
        1
      ],
      [
        5,
        0,
        0,
        0,
        0,
        0,
        0,
        0,
        0,
        0,
        0,
        0,
        0,
        0,
        0
      ],
      [
        202,
        0,
        0,
        0,
        0,
        0,
        0,
        0,
        0,
        0,
        0,
        0,
        0,
        0,
        0
      ]
    ],
    "class_order": [
      "BENIGN",
      "Bot",
      "DDoS",
      "DoS GoldenEye",
      "DoS Hulk",
      "DoS Slowhttptest",
      "DoS slowloris",
      "FTP-Patator",
      "Heartbleed",
      "Infiltration",
      "PortScan",
      "SSH-Patator",
      "Web Attack - Brute Force",
      "Web Attack - Sql Injection",
      "Web Attack - XSS"
    ]
  },
  "feature_importances": {
    "tot_bytes": 0.42520764470100403,
    "pkts_bwd": 0.15939347445964813,
    "bytes_bwd": 0.14885516464710236,
    "pkts_fwd": 0.11115410923957825,
    "bytes_fwd": 0.07566099613904953,
    "duration": 0.03693670034408569,
    "tot_pkts": 0.016917433589696884,
    "dst_port": 0.010770691558718681,
    "is_udp": 0.0078953318297863,
    "is_tcp": 0.007208586670458317
  },
  "wall_seconds": 35.8
}