{
  "config": {
    "tool": "cicflowmeter-fixed",
    "regime": "common",
    "model": "rf",
    "task": "binary",
    "split": "temporal",
    "seed": 2,
    "include_port": true,
    "dataset": "cicids2017",
    "n_features": 10,
    "subsample_benign": null,
    "max_train": 400000
  },
  "config_hash": "02cda4049765e2e4",
  "git_commit": null,
  "n_train": 400000,
  "n_test": 912345,
  "n_test_unseen_class": 0,
  "features": [
    "duration",
    "pkts_fwd",
    "pkts_bwd",
    "bytes_fwd",
    "bytes_bwd",
    "tot_pkts",
    "tot_bytes",
    "is_tcp",
    "is_udp",
    "dst_port"
  ],
  "metrics": {
    "macro_f1": 0.7083497863953292,
    "weighted_f1": 0.7832875958617063,
    "balanced_accuracy": 0.6809304747568988,
    "per_class": {
      "0": {
        "precision": 0.7950430897060482,
        "recall": 0.9980619528557333,
        "f1-score": 0.8850594247203833,
        "support": 649623.0
      },
      "1": {
        "precision": 0.9869987711308694,
        "recall": 0.3637989966580644,
        "f1-score": 0.5316401480702749,
        "support": 262722.0
      }
    },
    "fpr": 0.0019380471442667516,
    "attack_recall": 0.3637989966580644,
    "attack_precision": 0.9869987711308694,
    "auc_pr": 0.5586676763508669,
    "confusion_matrix": [
      [
        648364,
        1259
      ],
      [
        167144,
        95578
      ]
    ],
    "class_order": [
      "0",
      "1"
    ]
  },
  "feature_importances": {
    "bytes_bwd": 0.2745929637169592,
    "tot_bytes": 0.2319584072173582,
    "dst_port": 0.09635371026183145,
    "is_tcp": 0.08032752898093222,
    "tot_pkts": 0.07228406118820295,
    "is_udp": 0.07048371666198458,
    "pkts_bwd": 0.06574382174784846,
    "pkts_fwd": 0.059181935188410265,
    "duration": 0.033025299955940744,
    "bytes_fwd": 0.01604855508053198
  },
  "wall_seconds": 11.4
}