{
  "config": {
    "tool": "go-flows",
    "regime": "common",
    "model": "rf",
    "task": "multiclass",
    "split": "stratified",
    "seed": 0,
    "include_port": true,
    "dataset": "cicids2017",
    "n_features": 10,
    "subsample_benign": null,
    "max_train": 400000
  },
  "config_hash": "ec02d6e52c2985ab",
  "git_commit": null,
  "n_train": 400000,
  "n_test": 715708,
  "n_test_unseen_class": 0,
  "features": [
    "duration",
    "pkts_fwd",
    "pkts_bwd",
    "bytes_fwd",
    "bytes_bwd",
    "tot_pkts",
    "tot_bytes",
    "is_tcp",
    "is_udp",
    "dst_port"
  ],
  "metrics": {
    "macro_f1": 0.6820532220845726,
    "weighted_f1": 0.9857632651958307,
    "balanced_accuracy": 0.7691463692615778,
    "per_class": {
      "BENIGN": {
        "precision": 0.9959315801495561,
        "recall": 0.9850813986003626,
        "f1-score": 0.9904767756777465,
        "support": 539997.0
      },
      "Bot": {
        "precision": 0.9979123173277662,
        "recall": 0.9951422623178349,
        "f1-score": 0.9965253648366922,
        "support": 1441.0
      },
      "DDoS": {
        "precision": 0.9994079336885732,
        "recall": 0.9991991364601831,
        "f1-score": 0.9993035241677114,
        "support": 28719.0
      },
      "DoS GoldenEye": {
        "precision": 0.9587155963302753,
        "recall": 0.9098824553765782,
        "f1-score": 0.9336609336609336,
        "support": 2297.0
      },
      "DoS Hulk": {
        "precision": 0.9879818824619069,
        "recall": 0.9903645833333333,
        "f1-score": 0.9891717980469655,
        "support": 88320.0
      },
      "DoS Slowhttptest": {
        "precision": 0.9856927710843374,
        "recall": 0.9703484062268347,
        "f1-score": 0.9779604034366829,
        "support": 1349.0
      },
      "DoS slowloris": {
        "precision": 0.9866666666666667,
        "recall": 0.983751846381093,
        "f1-score": 0.985207100591716,
        "support": 1354.0
      },
      "FTP-Patator": {
        "precision": 0.7965139845966761,
        "recall": 0.8136645962732919,
        "f1-score": 0.8049979516591561,
        "support": 2415.0
      },
      "Heartbleed": {
        "precision": 0.0,
        "recall": 0.0,
        "f1-score": 0.0,
        "support": 0.0
      },
      "Infiltration": {
        "precision": 0.4782608695652174,
        "recall": 0.7333333333333333,
        "f1-score": 0.5789473684210527,
        "support": 15.0
      },
      "PortScan": {
        "precision": 0.9036988110964332,
        "recall": 0.9918805277656952,
        "f1-score": 0.9457385774521324,
        "support": 48279.0
      },
      "SSH-Patator": {
        "precision": 0.5614035087719298,
        "recall": 0.9911504424778761,
        "f1-score": 0.7168,
        "support": 904.0
      },
      "Web Attack - Brute Force": {
        "precision": 0.17345399698340874,
        "recall": 0.2804878048780488,
        "f1-score": 0.21435228331780057,
        "support": 410.0
      },
      "Web Attack - Sql Injection": {
        "precision": 0.0,
        "recall": 0.0,
        "f1-score": 0.0,
        "support": 6.0
      },
      "Web Attack - XSS": {
        "precision": 0.08064516129032258,
        "recall": 0.12376237623762376,
        "f1-score": 0.09765625,
        "support": 202.0
      }
    },
    "confusion_matrix": [
      [
        531941,
        3,
        1,
        55,
        948,
        18,
        3,
        491,
        0,
        12,
        5096,
        689,
        489,
        1,
        250
      ],
      [
        7,
        1434,
        0,
        0,
        0,
        0,
        0,
        0,
        0,
        0,
        0,
        0,
        0,
        0,
        0
      ],
      [
        6,
        0,
        28696,
        0,
        17,
        0,
        0,
        0,
        0,
        0,
        0,
        0,
        0,
        0,
        0
      ],
      [
        105,
        0,
        5,
        2090,
        97,
        0,
        0,
        0,
        0,
        0,
        0,
        0,
        0,
        0,
        0
      ],
      [
        803,
        0,
        9,
        35,
        87469,
        0,
        4,
        0,
        0,
        0,
        0,
        0,
        0,
        0,
        0
      ],
      [
        32,
        0,
        0,
        0,
        0,
        1309,
        8,
        0,
        0,
        0,
        0,
        0,
        0,
        0,
        0
      ],
      [
        21,
        0,
        0,
        0,
        0,
        1,
        1332,
        0,
        0,
        0,
        0,
        0,
        0,
        0,
        0
      ],
      [
        432,
        0,
        0,
        0,
        0,
        0,
        0,
        1965,
        0,
        0,
        7,
        11,
        0,
        0,
        0
      ],
      [
        0,
        0,
        0,
        0,
        0,
        0,
        0,
        0,
        0,
        0,
        0,
        0,
        0,
        0,
        0
      ],
      [
        3,
        0,
        0,
        0,
        0,
        0,
        0,
        0,
        1,
        11,
        0,
        0,
        0,
        0,
        0
      ],
      [
        377,
        0,
        2,
        0,
        2,
        0,
        3,
        7,
        0,
        0,
        47887,
        0,
        0,
        1,
        0
      ],
      [
        4,
        0,
        0,
        0,
        0,
        0,
        0,
        4,
        0,
        0,
        0,
        896,
        0,
        0,
        0
      ],
      [
        259,
        0,
        0,
        0,
        0,
        0,
        0,
        0,
        0,
        0,
        0,
        0,
        115,
        1,
        35
      ],
      [
        6,
        0,
        0,
        0,
        0,
        0,
        0,
        0,
        0,
        0,
        0,
        0,
        0,
        0,
        0
      ],
      [
        118,
        0,
        0,
        0,
        0,
        0,
        0,
        0,
        0,
        0,
        0,
        0,
        59,
        0,
        25
      ]
    ],
    "class_order": [
      "BENIGN",
      "Bot",
      "DDoS",
      "DoS GoldenEye",
      "DoS Hulk",
      "DoS Slowhttptest",
      "DoS slowloris",
      "FTP-Patator",
      "Heartbleed",
      "Infiltration",
      "PortScan",
      "SSH-Patator",
      "Web Attack - Brute Force",
      "Web Attack - Sql Injection",
      "Web Attack - XSS"
    ]
  },
  "feature_importances": {
    "duration": 0.22173201574836554,
    "is_tcp": 0.19574639666675747,
    "pkts_bwd": 0.1838279178876682,
    "bytes_bwd": 0.17277468843781746,
    "bytes_fwd": 0.09849749107547479,
    "pkts_fwd": 0.09777817631961795,
    "tot_pkts": 0.019278607410776857,
    "tot_bytes": 0.010364706453521758
  },
  "wall_seconds": 15.4
}