{
  "config": {
    "tool": "go-flows",
    "regime": "common",
    "model": "xgb",
    "task": "binary",
    "split": "temporal",
    "seed": 0,
    "include_port": true,
    "dataset": "cicids2017",
    "n_features": 10,
    "subsample_benign": null,
    "max_train": 400000
  },
  "config_hash": "36cb13f189b73677",
  "git_commit": null,
  "n_train": 400000,
  "n_test": 975107,
  "n_test_unseen_class": 0,
  "features": [
    "duration",
    "pkts_fwd",
    "pkts_bwd",
    "bytes_fwd",
    "bytes_bwd",
    "tot_pkts",
    "tot_bytes",
    "is_tcp",
    "is_udp",
    "dst_port"
  ],
  "metrics": {
    "macro_f1": 0.6898201889693598,
    "weighted_f1": 0.7806749461236626,
    "balanced_accuracy": 0.6629119615453897,
    "per_class": {
      "0": {
        "precision": 0.8004816435521438,
        "recall": 0.9959734826072719,
        "f1-score": 0.887590765482971,
        "support": 711533.0
      },
      "1": {
        "precision": 0.9680975446801403,
        "recall": 0.3298504404835075,
        "f1-score": 0.49204961245574863,
        "support": 263574.0
      }
    },
    "fpr": 0.004026517392728095,
    "attack_recall": 0.3298504404835075,
    "attack_precision": 0.9680975446801403,
    "auc_pr": 0.735397749365188,
    "confusion_matrix": [
      [
        708668,
        2865
      ],
      [
        176634,
        86940
      ]
    ],
    "class_order": [
      "0",
      "1"
    ]
  },
  "feature_importances": {
    "tot_pkts": 0.5591555833816528,
    "tot_bytes": 0.38649922609329224,
    "is_tcp": 0.012659047730267048,
    "duration": 0.0107754897326231,
    "pkts_fwd": 0.01011949684470892,
    "pkts_bwd": 0.009516424499452114,
    "bytes_fwd": 0.007880710996687412,
    "bytes_bwd": 0.003394031897187233
  },
  "wall_seconds": 5.8
}