{
  "config": {
    "tool": "joy",
    "regime": "common",
    "model": "xgb",
    "task": "multiclass",
    "split": "stratified",
    "seed": 1,
    "include_port": true,
    "dataset": "cicids2017",
    "n_features": 10,
    "subsample_benign": null,
    "max_train": 400000
  },
  "config_hash": "56ba0a85bbf9e4f6",
  "git_commit": null,
  "n_train": 400000,
  "n_test": 867639,
  "n_test_unseen_class": 0,
  "features": [
    "duration",
    "pkts_fwd",
    "pkts_bwd",
    "bytes_fwd",
    "bytes_bwd",
    "tot_pkts",
    "tot_bytes",
    "is_tcp",
    "is_udp",
    "dst_port"
  ],
  "metrics": {
    "macro_f1": 0.7324489402431121,
    "weighted_f1": 0.9924840137862072,
    "balanced_accuracy": 0.6909255902868503,
    "per_class": {
      "BENIGN": {
        "precision": 0.9987203607890878,
        "recall": 0.9988115562663774,
        "f1-score": 0.9987659564460099,
        "support": 722794.0
      },
      "Bot": {
        "precision": 0.9984871406959153,
        "recall": 1.0,
        "f1-score": 0.9992429977289932,
        "support": 660.0
      },
      "DDoS": {
        "precision": 0.8868114522098846,
        "recall": 0.9999079415735854,
        "f1-score": 0.9399699994230658,
        "support": 32588.0
      },
      "DoS GoldenEye": {
        "precision": 0.9888888888888889,
        "recall": 0.7755408653846154,
        "f1-score": 0.8693162681037386,
        "support": 3328.0
      },
      "DoS Hulk": {
        "precision": 0.999328816829918,
        "recall": 0.969833289229955,
        "f1-score": 0.984360150407008,
        "support": 49127.0
      },
      "DoS Slowhttptest": {
        "precision": 0.9645458960660515,
        "recall": 0.4950149551345962,
        "f1-score": 0.654257947619832,
        "support": 4012.0
      },
      "DoS slowloris": {
        "precision": 0.9294245385450597,
        "recall": 0.9953488372093023,
        "f1-score": 0.961257720381808,
        "support": 4300.0
      },
      "FTP-Patator": {
        "precision": 1.0,
        "recall": 0.9958368026644463,
        "f1-score": 0.9979140592407175,
        "support": 1201.0
      },
      "Heartbleed": {
        "precision": 1.0,
        "recall": 0.4166666666666667,
        "f1-score": 0.5882352941176471,
        "support": 12.0
      },
      "Infiltration": {
        "precision": 0.92,
        "recall": 0.5609756097560976,
        "f1-score": 0.696969696969697,
        "support": 41.0
      },
      "PortScan": {
        "precision": 0.9905666245101901,
        "recall": 0.9947532792004997,
        "f1-score": 0.992655537433905,
        "support": 48030.0
      },
      "SSH-Patator": {
        "precision": 0.9988713318284425,
        "recall": 0.9866220735785953,
        "f1-score": 0.9927089175546832,
        "support": 897.0
      },
      "Web Attack - Brute Force": {
        "precision": 0.7910447761194029,
        "recall": 0.12268518518518519,
        "f1-score": 0.2124248496993988,
        "support": 432.0
      },
      "Web Attack - Sql Injection": {
        "precision": 0.0,
        "recall": 0.0,
        "f1-score": 0.0,
        "support": 5.0
      },
      "Web Attack - XSS": {
        "precision": 1.0,
        "recall": 0.05188679245283019,
        "f1-score": 0.09865470852017937,
        "support": 212.0
      }
    },
    "confusion_matrix": [
      [
        721935,
        1,
        447,
        6,
        9,
        48,
        1,
        0,
        0,
        2,
        339,
        1,
        5,
        0,
        0
      ],
      [
        0,
        660,
        0,
        0,
        0,
        0,
        0,
        0,
        0,
        0,
        0,
        0,
        0,
        0,
        0
      ],
      [
        1,
        0,
        32585,
        0,
        0,
        0,
        0,
        0,
        0,
        0,
        0,
        0,
        2,
        0,
        0
      ],
      [
        15,
        0,
        691,
        2581,
        20,
        18,
        3,
        0,
        0,
        0,
        0,
        0,
        0,
        0,
        0
      ],
      [
        23,
        0,
        1326,
        15,
        47645,
        2,
        0,
        0,
        0,
        0,
        114,
        0,
        2,
        0,
        0
      ],
      [
        6,
        0,
        1687,
        7,
        3,
        1986,
        321,
        0,
        0,
        0,
        1,
        0,
        1,
        0,
        0
      ],
      [
        6,
        0,
        8,
        1,
        0,
        5,
        4280,
        0,
        0,
        0,
        0,
        0,
        0,
        0,
        0
      ],
      [
        5,
        0,
        0,
        0,
        0,
        0,
        0,
        1196,
        0,
        0,
        0,
        0,
        0,
        0,
        0
      ],
      [
        7,
        0,
        0,
        0,
        0,
        0,
        0,
        0,
        5,
        0,
        0,
        0,
        0,
        0,
        0
      ],
      [
        17,
        0,
        0,
        0,
        0,
        0,
        0,
        0,
        0,
        23,
        1,
        0,
        0,
        0,
        0
      ],
      [
        252,
        0,
        0,
        0,
        0,
        0,
        0,
        0,
        0,
        0,
        47778,
        0,
        0,
        0,
        0
      ],
      [
        12,
        0,
        0,
        0,
        0,
        0,
        0,
        0,
        0,
        0,
        0,
        885,
        0,
        0,
        0
      ],
      [
        379,
        0,
        0,
        0,
        0,
        0,
        0,
        0,
        0,
        0,
        0,
        0,
        53,
        0,
        0
      ],
      [
        4,
        0,
        0,
        0,
        0,
        0,
        0,
        0,
        0,
        0,
        0,
        0,
        1,
        0,
        0
      ],
      [
        198,
        0,
        0,
        0,
        0,
        0,
        0,
        0,
        0,
        0,
        0,
        0,
        3,
        0,
        11
      ]
    ],
    "class_order": [
      "BENIGN",
      "Bot",
      "DDoS",
      "DoS GoldenEye",
      "DoS Hulk",
      "DoS Slowhttptest",
      "DoS slowloris",
      "FTP-Patator",
      "Heartbleed",
      "Infiltration",
      "PortScan",
      "SSH-Patator",
      "Web Attack - Brute Force",
      "Web Attack - Sql Injection",
      "Web Attack - XSS"
    ]
  },
  "feature_importances": {
    "tot_bytes": 0.468104749917984,
    "bytes_bwd": 0.142136812210083,
    "tot_pkts": 0.13287517428398132,
    "pkts_bwd": 0.08918316662311554,
    "duration": 0.05636884644627571,
    "bytes_fwd": 0.053148236125707626,
    "dst_port": 0.024250950664281845,
    "is_tcp": 0.013083280064165592,
    "is_udp": 0.011305289342999458,
    "pkts_fwd": 0.009543534368276596
  },
  "wall_seconds": 36.6
}