{
  "config": {
    "tool": "joy",
    "regime": "common",
    "model": "rf",
    "task": "multiclass",
    "split": "stratified",
    "seed": 1,
    "include_port": true,
    "dataset": "cicids2017",
    "n_features": 10,
    "subsample_benign": null,
    "max_train": 400000
  },
  "config_hash": "9d690a580783a0f7",
  "git_commit": null,
  "n_train": 400000,
  "n_test": 867639,
  "n_test_unseen_class": 0,
  "features": [
    "duration",
    "pkts_fwd",
    "pkts_bwd",
    "bytes_fwd",
    "bytes_bwd",
    "tot_pkts",
    "tot_bytes",
    "is_tcp",
    "is_udp",
    "dst_port"
  ],
  "metrics": {
    "macro_f1": 0.6915371648999737,
    "weighted_f1": 0.9909286841780204,
    "balanced_accuracy": 0.707352601307623,
    "per_class": {
      "BENIGN": {
        "precision": 0.9990648197665236,
        "recall": 0.9976715357349397,
        "f1-score": 0.9983676916473992,
        "support": 722794.0
      },
      "Bot": {
        "precision": 1.0,
        "recall": 0.9863636363636363,
        "f1-score": 0.9931350114416476,
        "support": 660.0
      },
      "DDoS": {
        "precision": 1.0,
        "recall": 0.8577083589051184,
        "f1-score": 0.9234047473529461,
        "support": 32588.0
      },
      "DoS GoldenEye": {
        "precision": 0.988479262672811,
        "recall": 0.7734375,
        "f1-score": 0.8678354686446392,
        "support": 3328.0
      },
      "DoS Hulk": {
        "precision": 0.998722058114931,
        "recall": 0.9703828851751582,
        "f1-score": 0.9843485442907289,
        "support": 49127.0
      },
      "DoS Slowhttptest": {
        "precision": 0.354972500225408,
        "recall": 0.9813060817547358,
        "f1-score": 0.5213533735019532,
        "support": 4012.0
      },
      "DoS slowloris": {
        "precision": 0.9907343062311791,
        "recall": 0.9946511627906977,
        "f1-score": 0.9926888708367181,
        "support": 4300.0
      },
      "FTP-Patator": {
        "precision": 1.0,
        "recall": 0.9966694421315571,
        "f1-score": 0.9983319432860718,
        "support": 1201.0
      },
      "Heartbleed": {
        "precision": 1.0,
        "recall": 0.4166666666666667,
        "f1-score": 0.5882352941176471,
        "support": 12.0
      },
      "Infiltration": {
        "precision": 0.1724137931034483,
        "recall": 0.36585365853658536,
        "f1-score": 0.234375,
        "support": 41.0
      },
      "PortScan": {
        "precision": 0.9840842814309771,
        "recall": 0.9976889444097439,
        "f1-score": 0.9908399156362433,
        "support": 48030.0
      },
      "SSH-Patator": {
        "precision": 1.0,
        "recall": 0.9855072463768116,
        "f1-score": 0.9927007299270073,
        "support": 897.0
      },
      "Web Attack - Brute Force": {
        "precision": 0.19630484988452657,
        "recall": 0.19675925925925927,
        "f1-score": 0.19653179190751446,
        "support": 432.0
      },
      "Web Attack - Sql Injection": {
        "precision": 0.0,
        "recall": 0.0,
        "f1-score": 0.0,
        "support": 5.0
      },
      "Web Attack - XSS": {
        "precision": 0.09223300970873786,
        "recall": 0.08962264150943396,
        "f1-score": 0.09090909090909091,
        "support": 212.0
      }
    },
    "confusion_matrix": [
      [
        721111,
        0,
        0,
        3,
        12,
        463,
        4,
        0,
        0,
        2,
        680,
        0,
        340,
        0,
        179
      ],
      [
        9,
        651,
        0,
        0,
        0,
        0,
        0,
        0,
        0,
        0,
        0,
        0,
        0,
        0,
        0
      ],
      [
        1,
        0,
        27951,
        0,
        0,
        4636,
        0,
        0,
        0,
        0,
        0,
        0,
        0,
        0,
        0
      ],
      [
        15,
        0,
        0,
        2574,
        22,
        713,
        4,
        0,
        0,
        0,
        0,
        0,
        0,
        0,
        0
      ],
      [
        16,
        0,
        0,
        10,
        47672,
        1332,
        2,
        0,
        0,
        0,
        93,
        0,
        2,
        0,
        0
      ],
      [
        26,
        0,
        0,
        16,
        2,
        3937,
        30,
        0,
        0,
        0,
        1,
        0,
        0,
        0,
        0
      ],
      [
        12,
        0,
        0,
        1,
        0,
        10,
        4277,
        0,
        0,
        0,
        0,
        0,
        0,
        0,
        0
      ],
      [
        4,
        0,
        0,
        0,
        0,
        0,
        0,
        1197,
        0,
        0,
        0,
        0,
        0,
        0,
        0
      ],
      [
        7,
        0,
        0,
        0,
        0,
        0,
        0,
        0,
        5,
        0,
        0,
        0,
        0,
        0,
        0
      ],
      [
        25,
        0,
        0,
        0,
        0,
        0,
        0,
        0,
        0,
        15,
        1,
        0,
        0,
        0,
        0
      ],
      [
        16,
        0,
        0,
        0,
        25,
        0,
        0,
        0,
        0,
        70,
        47919,
        0,
        0,
        0,
        0
      ],
      [
        13,
        0,
        0,
        0,
        0,
        0,
        0,
        0,
        0,
        0,
        0,
        884,
        0,
        0,
        0
      ],
      [
        339,
        0,
        0,
        0,
        0,
        0,
        0,
        0,
        0,
        0,
        0,
        0,
        85,
        0,
        8
      ],
      [
        5,
        0,
        0,
        0,
        0,
        0,
        0,
        0,
        0,
        0,
        0,
        0,
        0,
        0,
        0
      ],
      [
        187,
        0,
        0,
        0,
        0,
        0,
        0,
        0,
        0,
        0,
        0,
        0,
        6,
        0,
        19
      ]
    ],
    "class_order": [
      "BENIGN",
      "Bot",
      "DDoS",
      "DoS GoldenEye",
      "DoS Hulk",
      "DoS Slowhttptest",
      "DoS slowloris",
      "FTP-Patator",
      "Heartbleed",
      "Infiltration",
      "PortScan",
      "SSH-Patator",
      "Web Attack - Brute Force",
      "Web Attack - Sql Injection",
      "Web Attack - XSS"
    ]
  },
  "feature_importances": {
    "duration": 0.1788559176311898,
    "tot_bytes": 0.14532571151597432,
    "dst_port": 0.13844798712839412,
    "bytes_fwd": 0.12157747827748883,
    "tot_pkts": 0.1115863378592856,
    "bytes_bwd": 0.10543293694673656,
    "pkts_bwd": 0.10167493927055855,
    "pkts_fwd": 0.08609497624373234,
    "is_tcp": 0.0063948436237187874,
    "is_udp": 0.004608871502921116
  },
  "wall_seconds": 18.0
}