{
  "config": {
    "tool": "joy",
    "regime": "common",
    "model": "rf",
    "task": "binary",
    "split": "temporal",
    "seed": 0,
    "include_port": true,
    "dataset": "cicids2017",
    "n_features": 10,
    "subsample_benign": null,
    "max_train": 400000
  },
  "config_hash": "98d77693812aa27e",
  "git_commit": null,
  "n_train": 400000,
  "n_test": 1197023,
  "n_test_unseen_class": 0,
  "features": [
    "duration",
    "pkts_fwd",
    "pkts_bwd",
    "bytes_fwd",
    "bytes_bwd",
    "tot_pkts",
    "tot_bytes",
    "is_tcp",
    "is_udp",
    "dst_port"
  ],
  "metrics": {
    "macro_f1": 0.7456469875783323,
    "weighted_f1": 0.8392464133784104,
    "balanced_accuracy": 0.7014638466765732,
    "per_class": {
      "0": {
        "precision": 0.8501440416936572,
        "recall": 0.9973110975679722,
        "f1-score": 0.9178659544082199,
        "support": 923797.0
      },
      "1": {
        "precision": 0.9780776460828354,
        "recall": 0.40561659578517417,
        "f1-score": 0.5734280207484446,
        "support": 273226.0
      }
    },
    "fpr": 0.002688902432027816,
    "attack_recall": 0.40561659578517417,
    "attack_precision": 0.9780776460828354,
    "auc_pr": 0.5486597381935558,
    "confusion_matrix": [
      [
        921313,
        2484
      ],
      [
        162401,
        110825
      ]
    ],
    "class_order": [
      "0",
      "1"
    ]
  },
  "feature_importances": {
    "dst_port": 0.35714916654698936,
    "bytes_bwd": 0.18669379258717614,
    "tot_bytes": 0.15917767505909253,
    "tot_pkts": 0.08711036743027421,
    "bytes_fwd": 0.051551034068413375,
    "pkts_fwd": 0.05034099142568978,
    "pkts_bwd": 0.04512810874197772,
    "duration": 0.04335743564745008,
    "is_tcp": 0.011293156713909727,
    "is_udp": 0.008198271779027025
  },
  "wall_seconds": 12.4
}