{
  "config": {
    "tool": "nfstream",
    "regime": "common",
    "model": "xgb",
    "task": "binary",
    "split": "temporal",
    "seed": 2,
    "include_port": true,
    "dataset": "cicids2017",
    "n_features": 10,
    "subsample_benign": null,
    "max_train": 400000
  },
  "config_hash": "55d091b82ef60c30",
  "git_commit": null,
  "n_train": 400000,
  "n_test": 844230,
  "n_test_unseen_class": 0,
  "features": [
    "duration",
    "pkts_fwd",
    "pkts_bwd",
    "bytes_fwd",
    "bytes_bwd",
    "tot_pkts",
    "tot_bytes",
    "is_tcp",
    "is_udp",
    "dst_port"
  ],
  "metrics": {
    "macro_f1": 0.6797177371936148,
    "weighted_f1": 0.7748401431065784,
    "balanced_accuracy": 0.6548036717876277,
    "per_class": {
      "0": {
        "precision": 0.7969805220878332,
        "recall": 0.998008239530282,
        "f1-score": 0.8862374459345208,
        "support": 616540.0
      },
      "1": {
        "precision": 0.9829860341387718,
        "recall": 0.31159910404497343,
        "f1-score": 0.47319802845270886,
        "support": 227690.0
      }
    },
    "fpr": 0.0019917604697181042,
    "attack_recall": 0.31159910404497343,
    "attack_precision": 0.9829860341387718,
    "auc_pr": 0.9782707591531565,
    "confusion_matrix": [
      [
        615312,
        1228
      ],
      [
        156742,
        70948
      ]
    ],
    "class_order": [
      "0",
      "1"
    ]
  },
  "feature_importances": {
    "dst_port": 0.25104597210884094,
    "is_udp": 0.19988499581813812,
    "is_tcp": 0.15402641892433167,
    "duration": 0.15081864595413208,
    "pkts_bwd": 0.08415810018777847,
    "tot_bytes": 0.05857823044061661,
    "bytes_bwd": 0.05071200430393219,
    "pkts_fwd": 0.03595408424735069,
    "tot_pkts": 0.00848563201725483,
    "bytes_fwd": 0.00633586011826992
  },
  "wall_seconds": 5.3
}