{
  "config": {
    "tool": "nfstream",
    "regime": "common",
    "model": "rf",
    "task": "multiclass",
    "split": "stratified",
    "seed": 1,
    "include_port": true,
    "dataset": "cicids2017",
    "n_features": 10,
    "subsample_benign": null,
    "max_train": 400000
  },
  "config_hash": "dc1b6cdc39826e82",
  "git_commit": null,
  "n_train": 400000,
  "n_test": 553681,
  "n_test_unseen_class": 0,
  "features": [
    "duration",
    "pkts_fwd",
    "pkts_bwd",
    "bytes_fwd",
    "bytes_bwd",
    "tot_pkts",
    "tot_bytes",
    "is_tcp",
    "is_udp",
    "dst_port"
  ],
  "metrics": {
    "macro_f1": 0.6866645958692952,
    "weighted_f1": 0.9959322903712728,
    "balanced_accuracy": 0.8086055766783298,
    "per_class": {
      "BENIGN": {
        "precision": 0.999078568907618,
        "recall": 0.9974533071138606,
        "f1-score": 0.9982652764946549,
        "support": 473948.0
      },
      "Bot": {
        "precision": 0.9984802431610942,
        "recall": 0.9954545454545455,
        "f1-score": 0.9969650986342944,
        "support": 660.0
      },
      "DDoS": {
        "precision": 0.9998426188227888,
        "recall": 0.9998426188227888,
        "f1-score": 0.9998426188227888,
        "support": 19062.0
      },
      "DoS GoldenEye": {
        "precision": 0.9865451388888888,
        "recall": 0.9895515890291685,
        "f1-score": 0.9880460769397957,
        "support": 2297.0
      },
      "DoS Hulk": {
        "precision": 0.9981447124304267,
        "recall": 0.9937658739321172,
        "f1-score": 0.9959504801573528,
        "support": 4331.0
      },
      "DoS Slowhttptest": {
        "precision": 0.9881305637982196,
        "recall": 0.9873980726464048,
        "f1-score": 0.9877641824249166,
        "support": 1349.0
      },
      "DoS slowloris": {
        "precision": 0.9882092851879145,
        "recall": 0.9903988183161004,
        "f1-score": 0.9893028402803393,
        "support": 1354.0
      },
      "FTP-Patator": {
        "precision": 1.0,
        "recall": 0.9991673605328892,
        "f1-score": 0.9995835068721366,
        "support": 1201.0
      },
      "Heartbleed": {
        "precision": 0.0,
        "recall": 0.0,
        "f1-score": 0.0,
        "support": 0.0
      },
      "Infiltration": {
        "precision": 0.0071633237822349575,
        "recall": 0.9090909090909091,
        "f1-score": 0.014214641080312722,
        "support": 11.0
      },
      "PortScan": {
        "precision": 0.9939192216603725,
        "recall": 0.9713701857914382,
        "f1-score": 0.9825153438930251,
        "support": 47957.0
      },
      "SSH-Patator": {
        "precision": 1.0,
        "recall": 0.9966442953020134,
        "f1-score": 0.9983193277310924,
        "support": 894.0
      },
      "Web Attack - Brute Force": {
        "precision": 0.1859799713876967,
        "recall": 0.3170731707317073,
        "f1-score": 0.2344454463480613,
        "support": 410.0
      },
      "Web Attack - Sql Injection": {
        "precision": 0.0,
        "recall": 0.0,
        "f1-score": 0.0,
        "support": 5.0
      },
      "Web Attack - XSS": {
        "precision": 0.0857843137254902,
        "recall": 0.17326732673267325,
        "f1-score": 0.11475409836065574,
        "support": 202.0
      }
    },
    "confusion_matrix": [
      [
        472741,
        1,
        1,
        19,
        1,
        10,
        2,
        0,
        28,
        284,
        0,
        525,
        0,
        336
      ],
      [
        3,
        657,
        0,
        0,
        0,
        0,
        0,
        0,
        0,
        0,
        0,
        0,
        0,
        0
      ],
      [
        3,
        0,
        19059,
        0,
        0,
        0,
        0,
        0,
        0,
        0,
        0,
        0,
        0,
        0
      ],
      [
        11,
        0,
        2,
        2273,
        7,
        4,
        0,
        0,
        0,
        0,
        0,
        0,
        0,
        0
      ],
      [
        8,
        0,
        0,
        12,
        4304,
        0,
        5,
        0,
        0,
        0,
        0,
        2,
        0,
        0
      ],
      [
        8,
        0,
        0,
        0,
        0,
        1332,
        9,
        0,
        0,
        0,
        0,
        0,
        0,
        0
      ],
      [
        11,
        0,
        0,
        0,
        0,
        2,
        1341,
        0,
        0,
        0,
        0,
        0,
        0,
        0
      ],
      [
        1,
        0,
        0,
        0,
        0,
        0,
        0,
        1200,
        0,
        0,
        0,
        0,
        0,
        0
      ],
      [
        1,
        0,
        0,
        0,
        0,
        0,
        0,
        0,
        10,
        0,
        0,
        0,
        0,
        0
      ],
      [
        14,
        0,
        0,
        0,
        0,
        0,
        0,
        0,
        1358,
        46584,
        0,
        1,
        0,
        0
      ],
      [
        2,
        0,
        0,
        0,
        0,
        0,
        0,
        0,
        0,
        1,
        891,
        0,
        0,
        0
      ],
      [
        243,
        0,
        0,
        0,
        0,
        0,
        0,
        0,
        0,
        0,
        0,
        130,
        0,
        37
      ],
      [
        5,
        0,
        0,
        0,
        0,
        0,
        0,
        0,
        0,
        0,
        0,
        0,
        0,
        0
      ],
      [
        126,
        0,
        0,
        0,
        0,
        0,
        0,
        0,
        0,
        0,
        0,
        41,
        0,
        35
      ]
    ],
    "class_order": [
      "BENIGN",
      "Bot",
      "DDoS",
      "DoS GoldenEye",
      "DoS Hulk",
      "DoS Slowhttptest",
      "DoS slowloris",
      "FTP-Patator",
      "Heartbleed",
      "Infiltration",
      "PortScan",
      "SSH-Patator",
      "Web Attack - Brute Force",
      "Web Attack - Sql Injection",
      "Web Attack - XSS"
    ]
  },
  "feature_importances": {
    "duration": 0.166350703360858,
    "dst_port": 0.16155063057069421,
    "tot_bytes": 0.15940284616281056,
    "bytes_bwd": 0.13854245235255183,
    "bytes_fwd": 0.13240109640941594,
    "pkts_bwd": 0.0814158029785011,
    "pkts_fwd": 0.06795367346504767,
    "tot_pkts": 0.061755478895864024,
    "is_tcp": 0.015779079454397795,
    "is_udp": 0.014848236349858957
  },
  "wall_seconds": 15.2
}