{
  "config": {
    "tool": "nfstream",
    "regime": "common",
    "model": "rf",
    "task": "multiclass",
    "split": "stratified",
    "seed": 2,
    "include_port": true,
    "dataset": "cicids2017",
    "n_features": 10,
    "subsample_benign": null,
    "max_train": 400000
  },
  "config_hash": "7846a24caa7c196e",
  "git_commit": null,
  "n_train": 400000,
  "n_test": 553681,
  "n_test_unseen_class": 0,
  "features": [
    "duration",
    "pkts_fwd",
    "pkts_bwd",
    "bytes_fwd",
    "bytes_bwd",
    "tot_pkts",
    "tot_bytes",
    "is_tcp",
    "is_udp",
    "dst_port"
  ],
  "metrics": {
    "macro_f1": 0.687315702897255,
    "weighted_f1": 0.9960912491009231,
    "balanced_accuracy": 0.7904686955985474,
    "per_class": {
      "BENIGN": {
        "precision": 0.9991229219590754,
        "recall": 0.9974659667305275,
        "f1-score": 0.998293756796993,
        "support": 473948.0
      },
      "Bot": {
        "precision": 1.0,
        "recall": 0.996969696969697,
        "f1-score": 0.9984825493171472,
        "support": 660.0
      },
      "DDoS": {
        "precision": 0.9998426023084995,
        "recall": 0.9997376980379813,
        "f1-score": 0.9997901474214365,
        "support": 19062.0
      },
      "DoS GoldenEye": {
        "precision": 0.9853574504737296,
        "recall": 0.9960818458859382,
        "f1-score": 0.9906906256765534,
        "support": 2297.0
      },
      "DoS Hulk": {
        "precision": 0.9997673336435552,
        "recall": 0.9921496190256291,
        "f1-score": 0.9959439100706918,
        "support": 4331.0
      },
      "DoS Slowhttptest": {
        "precision": 0.9881831610044313,
        "recall": 0.9918458117123795,
        "f1-score": 0.9900110987791343,
        "support": 1349.0
      },
      "DoS slowloris": {
        "precision": 0.9933579335793358,
        "recall": 0.9940915805022157,
        "f1-score": 0.9937246216315984,
        "support": 1354.0
      },
      "FTP-Patator": {
        "precision": 1.0,
        "recall": 0.9966694421315571,
        "f1-score": 0.9983319432860718,
        "support": 1201.0
      },
      "Heartbleed": {
        "precision": 0.0,
        "recall": 0.0,
        "f1-score": 0.0,
        "support": 0.0
      },
      "Infiltration": {
        "precision": 0.005520504731861199,
        "recall": 0.6363636363636364,
        "f1-score": 0.0109460516028147,
        "support": 11.0
      },
      "PortScan": {
        "precision": 0.9937230035959742,
        "recall": 0.97383072335634,
        "f1-score": 0.983676306422057,
        "support": 47957.0
      },
      "SSH-Patator": {
        "precision": 1.0,
        "recall": 0.9966442953020134,
        "f1-score": 0.9983193277310924,
        "support": 894.0
      },
      "Web Attack - Brute Force": {
        "precision": 0.20193637621023514,
        "recall": 0.35609756097560974,
        "f1-score": 0.25772285966460723,
        "support": 410.0
      },
      "Web Attack - Sql Injection": {
        "precision": 0.0,
        "recall": 0.0,
        "f1-score": 0.0,
        "support": 5.0
      },
      "Web Attack - XSS": {
        "precision": 0.07088607594936709,
        "recall": 0.13861386138613863,
        "f1-score": 0.09380234505862646,
        "support": 202.0
      }
    },
    "confusion_matrix": [
      [
        472747,
        0,
        2,
        22,
        0,
        14,
        1,
        0,
        0,
        23,
        294,
        0,
        532,
        0,
        313
      ],
      [
        2,
        658,
        0,
        0,
        0,
        0,
        0,
        0,
        0,
        0,
        0,
        0,
        0,
        0,
        0
      ],
      [
        5,
        0,
        19057,
        0,
        0,
        0,
        0,
        0,
        0,
        0,
        0,
        0,
        0,
        0,
        0
      ],
      [
        6,
        0,
        0,
        2288,
        1,
        2,
        0,
        0,
        0,
        0,
        0,
        0,
        0,
        0,
        0
      ],
      [
        17,
        0,
        0,
        12,
        4297,
        0,
        5,
        0,
        0,
        0,
        0,
        0,
        0,
        0,
        0
      ],
      [
        8,
        0,
        0,
        0,
        0,
        1338,
        3,
        0,
        0,
        0,
        0,
        0,
        0,
        0,
        0
      ],
      [
        8,
        0,
        0,
        0,
        0,
        0,
        1346,
        0,
        0,
        0,
        0,
        0,
        0,
        0,
        0
      ],
      [
        4,
        0,
        0,
        0,
        0,
        0,
        0,
        1197,
        0,
        0,
        0,
        0,
        0,
        0,
        0
      ],
      [
        0,
        0,
        0,
        0,
        0,
        0,
        0,
        0,
        0,
        0,
        0,
        0,
        0,
        0,
        0
      ],
      [
        3,
        0,
        0,
        0,
        0,
        0,
        0,
        0,
        1,
        7,
        0,
        0,
        0,
        0,
        0
      ],
      [
        14,
        0,
        1,
        0,
        0,
        0,
        0,
        0,
        0,
        1238,
        46702,
        0,
        2,
        0,
        0
      ],
      [
        2,
        0,
        0,
        0,
        0,
        0,
        0,
        0,
        0,
        0,
        1,
        891,
        0,
        0,
        0
      ],
      [
        210,
        0,
        0,
        0,
        0,
        0,
        0,
        0,
        0,
        0,
        0,
        0,
        146,
        0,
        54
      ],
      [
        4,
        0,
        0,
        0,
        0,
        0,
        0,
        0,
        0,
        0,
        0,
        0,
        1,
        0,
        0
      ],
      [
        132,
        0,
        0,
        0,
        0,
        0,
        0,
        0,
        0,
        0,
        0,
        0,
        42,
        0,
        28
      ]
    ],
    "class_order": [
      "BENIGN",
      "Bot",
      "DDoS",
      "DoS GoldenEye",
      "DoS Hulk",
      "DoS Slowhttptest",
      "DoS slowloris",
      "FTP-Patator",
      "Heartbleed",
      "Infiltration",
      "PortScan",
      "SSH-Patator",
      "Web Attack - Brute Force",
      "Web Attack - Sql Injection",
      "Web Attack - XSS"
    ]
  },
  "feature_importances": {
    "duration": 0.176656527078862,
    "dst_port": 0.1653038489411924,
    "tot_bytes": 0.16226382769149714,
    "bytes_bwd": 0.13633145987079529,
    "bytes_fwd": 0.13573944624644868,
    "pkts_bwd": 0.0773977343994796,
    "pkts_fwd": 0.06347502786424765,
    "tot_pkts": 0.0554100025089964,
    "is_udp": 0.015384094761925102,
    "is_tcp": 0.012038030636555765
  },
  "wall_seconds": 16.2
}