{
  "config": {
    "tool": "tranalyzer",
    "regime": "common",
    "model": "xgb",
    "task": "multiclass",
    "split": "stratified",
    "seed": 2,
    "include_port": true,
    "dataset": "cicids2017",
    "n_features": 10,
    "subsample_benign": null,
    "max_train": 400000
  },
  "config_hash": "88e7aedc5acf312f",
  "git_commit": null,
  "n_train": 400000,
  "n_test": 604161,
  "n_test_unseen_class": 0,
  "features": [
    "duration",
    "pkts_fwd",
    "pkts_bwd",
    "bytes_fwd",
    "bytes_bwd",
    "tot_pkts",
    "tot_bytes",
    "is_tcp",
    "is_udp",
    "dst_port"
  ],
  "metrics": {
    "macro_f1": 0.6889152428593308,
    "weighted_f1": 0.9965906493345542,
    "balanced_accuracy": 0.7338230652079583,
    "per_class": {
      "BENIGN": {
        "precision": 0.9984059804387693,
        "recall": 0.9991524775693311,
        "f1-score": 0.9987790895192797,
        "support": 470784.0
      },
      "Bot": {
        "precision": 0.7046454767726161,
        "recall": 1.0,
        "f1-score": 0.8267355134825014,
        "support": 1441.0
      },
      "DDoS": {
        "precision": 0.9998258385872026,
        "recall": 0.9999651628636126,
        "f1-score": 0.9998954958720869,
        "support": 28705.0
      },
      "DoS GoldenEye": {
        "precision": 0.9968791796700847,
        "recall": 0.9942196531791907,
        "f1-score": 0.9955476402493322,
        "support": 2249.0
      },
      "DoS Hulk": {
        "precision": 0.9999580695207346,
        "recall": 0.9978868966671548,
        "f1-score": 0.9989214094978794,
        "support": 47797.0
      },
      "DoS Slowhttptest": {
        "precision": 0.981904012588513,
        "recall": 0.9865612648221344,
        "f1-score": 0.9842271293375394,
        "support": 1265.0
      },
      "DoS slowloris": {
        "precision": 0.9855442176870748,
        "recall": 0.9922945205479452,
        "f1-score": 0.9889078498293515,
        "support": 1168.0
      },
      "FTP-Patator": {
        "precision": 1.0,
        "recall": 1.0,
        "f1-score": 1.0,
        "support": 1198.0
      },
      "Heartbleed": {
        "precision": 0.0,
        "recall": 0.0,
        "f1-score": 0.0,
        "support": 0.0
      },
      "Infiltration": {
        "precision": 0.0,
        "recall": 0.0,
        "f1-score": 0.0,
        "support": 13.0
      },
      "PortScan": {
        "precision": 0.9906377631165567,
        "recall": 0.9847595252966895,
        "f1-score": 0.9876898981989036,
        "support": 48030.0
      },
      "SSH-Patator": {
        "precision": 1.0,
        "recall": 0.9988814317673378,
        "f1-score": 0.9994404029099049,
        "support": 894.0
      },
      "Web Attack - Brute Force": {
        "precision": 0.9761904761904762,
        "recall": 0.1,
        "f1-score": 0.18141592920353983,
        "support": 410.0
      },
      "Web Attack - Sql Injection": {
        "precision": 1.0,
        "recall": 0.2,
        "f1-score": 0.3333333333333333,
        "support": 5.0
      },
      "Web Attack - XSS": {
        "precision": 1.0,
        "recall": 0.019801980198019802,
        "f1-score": 0.038834951456310676,
        "support": 202.0
      }
    },
    "confusion_matrix": [
      [
        470385,
        3,
        5,
        5,
        2,
        17,
        7,
        0,
        0,
        360,
        0,
        0,
        0,
        0
      ],
      [
        0,
        1441,
        0,
        0,
        0,
        0,
        0,
        0,
        0,
        0,
        0,
        0,
        0,
        0
      ],
      [
        1,
        0,
        28704,
        0,
        0,
        0,
        0,
        0,
        0,
        0,
        0,
        0,
        0,
        0
      ],
      [
        10,
        0,
        0,
        2236,
        0,
        3,
        0,
        0,
        0,
        0,
        0,
        0,
        0,
        0
      ],
      [
        6,
        0,
        0,
        2,
        47696,
        0,
        6,
        0,
        0,
        87,
        0,
        0,
        0,
        0
      ],
      [
        13,
        0,
        0,
        0,
        0,
        1248,
        4,
        0,
        0,
        0,
        0,
        0,
        0,
        0
      ],
      [
        6,
        0,
        0,
        0,
        0,
        3,
        1159,
        0,
        0,
        0,
        0,
        0,
        0,
        0
      ],
      [
        0,
        0,
        0,
        0,
        0,
        0,
        0,
        1198,
        0,
        0,
        0,
        0,
        0,
        0
      ],
      [
        13,
        0,
        0,
        0,
        0,
        0,
        0,
        0,
        0,
        0,
        0,
        0,
        0,
        0
      ],
      [
        131,
        601,
        0,
        0,
        0,
        0,
        0,
        0,
        0,
        47298,
        0,
        0,
        0,
        0
      ],
      [
        1,
        0,
        0,
        0,
        0,
        0,
        0,
        0,
        0,
        0,
        893,
        0,
        0,
        0
      ],
      [
        369,
        0,
        0,
        0,
        0,
        0,
        0,
        0,
        0,
        0,
        0,
        41,
        0,
        0
      ],
      [
        4,
        0,
        0,
        0,
        0,
        0,
        0,
        0,
        0,
        0,
        0,
        0,
        1,
        0
      ],
      [
        197,
        0,
        0,
        0,
        0,
        0,
        0,
        0,
        0,
        0,
        0,
        1,
        0,
        4
      ]
    ],
    "class_order": [
      "BENIGN",
      "Bot",
      "DDoS",
      "DoS GoldenEye",
      "DoS Hulk",
      "DoS Slowhttptest",
      "DoS slowloris",
      "FTP-Patator",
      "Heartbleed",
      "Infiltration",
      "PortScan",
      "SSH-Patator",
      "Web Attack - Brute Force",
      "Web Attack - Sql Injection",
      "Web Attack - XSS"
    ]
  },
  "feature_importances": {
    "tot_bytes": 0.3686363995075226,
    "bytes_fwd": 0.14361907541751862,
    "pkts_fwd": 0.11462509632110596,
    "bytes_bwd": 0.10239052772521973,
    "pkts_bwd": 0.10185366123914719,
    "dst_port": 0.056182861328125,
    "tot_pkts": 0.054169874638319016,
    "is_tcp": 0.04731560871005058,
    "duration": 0.005741611123085022,
    "is_udp": 0.0054653179831802845
  },
  "wall_seconds": 33.8
}