{
  "config": {
    "tool": "tranalyzer",
    "regime": "common",
    "model": "rf",
    "task": "binary",
    "split": "temporal",
    "seed": 0,
    "include_port": true,
    "dataset": "cicids2017",
    "n_features": 10,
    "subsample_benign": null,
    "max_train": 400000
  },
  "config_hash": "56765f2b58970ab9",
  "git_commit": null,
  "n_train": 400000,
  "n_test": 875542,
  "n_test_unseen_class": 0,
  "features": [
    "duration",
    "pkts_fwd",
    "pkts_bwd",
    "bytes_fwd",
    "bytes_bwd",
    "tot_pkts",
    "tot_bytes",
    "is_tcp",
    "is_udp",
    "dst_port"
  ],
  "metrics": {
    "macro_f1": 0.6942212300885515,
    "weighted_f1": 0.7668268596064819,
    "balanced_accuracy": 0.6720539821162886,
    "per_class": {
      "0": {
        "precision": 0.780830828528197,
        "recall": 0.9969699145310302,
        "f1-score": 0.8757616368653026,
        "support": 612854.0
      },
      "1": {
        "precision": 0.9800421296992885,
        "recall": 0.3471380497015471,
        "f1-score": 0.5126808233118004,
        "support": 262688.0
      }
    },
    "fpr": 0.003030085468969771,
    "attack_recall": 0.3471380497015471,
    "attack_precision": 0.9800421296992885,
    "auc_pr": 0.5508286207936149,
    "confusion_matrix": [
      [
        610997,
        1857
      ],
      [
        171499,
        91189
      ]
    ],
    "class_order": [
      "0",
      "1"
    ]
  },
  "feature_importances": {
    "bytes_bwd": 0.26432441411785157,
    "tot_bytes": 0.22647522556172073,
    "pkts_fwd": 0.1266142122265986,
    "dst_port": 0.10418794129988937,
    "pkts_bwd": 0.07701585541119772,
    "tot_pkts": 0.06350470547046583,
    "is_tcp": 0.04892661674139732,
    "is_udp": 0.040685987812543276,
    "duration": 0.03483339582210144,
    "bytes_fwd": 0.01343164553623411
  },
  "wall_seconds": 10.3
}