{
  "config": {
    "tool": "yaf",
    "regime": "common",
    "model": "xgb",
    "task": "multiclass",
    "split": "stratified",
    "seed": 0,
    "include_port": true,
    "dataset": "cicids2017",
    "n_features": 10,
    "subsample_benign": null,
    "max_train": 400000
  },
  "config_hash": "ba6495ea3310d997",
  "git_commit": null,
  "n_train": 400000,
  "n_test": 694754,
  "n_test_unseen_class": 0,
  "features": [
    "duration",
    "pkts_fwd",
    "pkts_bwd",
    "bytes_fwd",
    "bytes_bwd",
    "tot_pkts",
    "tot_bytes",
    "is_tcp",
    "is_udp",
    "dst_port"
  ],
  "metrics": {
    "macro_f1": 0.7254238202994719,
    "weighted_f1": 0.9883125248864475,
    "balanced_accuracy": 0.7617596349298663,
    "per_class": {
      "BENIGN": {
        "precision": 0.9954774511169941,
        "recall": 0.9895429966355227,
        "f1-score": 0.992501352997867,
        "support": 519843.0
      },
      "Bot": {
        "precision": 1.0,
        "recall": 0.9972241498959056,
        "f1-score": 0.9986101459346769,
        "support": 1441.0
      },
      "DDoS": {
        "precision": 0.9995448657353919,
        "recall": 0.999230015399692,
        "f1-score": 0.9993874157696683,
        "support": 28572.0
      },
      "DoS GoldenEye": {
        "precision": 0.9893805309734514,
        "recall": 0.9841549295774648,
        "f1-score": 0.9867608120035305,
        "support": 2272.0
      },
      "DoS Hulk": {
        "precision": 0.9931683394160584,
        "recall": 0.9907502218581473,
        "f1-score": 0.9919578069645847,
        "support": 87894.0
      },
      "DoS Slowhttptest": {
        "precision": 0.9807407407407407,
        "recall": 0.9821958456973294,
        "f1-score": 0.9814677538917717,
        "support": 1348.0
      },
      "DoS slowloris": {
        "precision": 0.990582191780822,
        "recall": 0.9897348160821214,
        "f1-score": 0.9901583226358579,
        "support": 1169.0
      },
      "FTP-Patator": {
        "precision": 0.9979013641133263,
        "recall": 0.7888842803815844,
        "f1-score": 0.8811674774148714,
        "support": 2411.0
      },
      "Heartbleed": {
        "precision": 0.0,
        "recall": 0.0,
        "f1-score": 0.0,
        "support": 0.0
      },
      "Infiltration": {
        "precision": 1.0,
        "recall": 0.8666666666666667,
        "f1-score": 0.9285714285714286,
        "support": 15.0
      },
      "PortScan": {
        "precision": 0.9065464895635673,
        "recall": 0.9898067002299707,
        "f1-score": 0.9463488070359622,
        "support": 48267.0
      },
      "SSH-Patator": {
        "precision": 1.0,
        "recall": 0.9789823008849557,
        "f1-score": 0.9893795416433762,
        "support": 904.0
      },
      "Web Attack - Brute Force": {
        "precision": 0.8695652173913043,
        "recall": 0.0975609756097561,
        "f1-score": 0.17543859649122806,
        "support": 410.0
      },
      "Web Attack - Sql Injection": {
        "precision": 0.0,
        "recall": 0.0,
        "f1-score": 0.0,
        "support": 6.0
      },
      "Web Attack - XSS": {
        "precision": 1.0,
        "recall": 0.009900990099009901,
        "f1-score": 0.0196078431372549,
        "support": 202.0
      }
    },
    "confusion_matrix": [
      [
        514407,
        0,
        1,
        11,
        509,
        23,
        4,
        0,
        0,
        4884,
        0,
        4,
        0,
        0
      ],
      [
        4,
        1437,
        0,
        0,
        0,
        0,
        0,
        0,
        0,
        0,
        0,
        0,
        0,
        0
      ],
      [
        5,
        0,
        28550,
        1,
        16,
        0,
        0,
        0,
        0,
        0,
        0,
        0,
        0,
        0
      ],
      [
        15,
        0,
        1,
        2236,
        19,
        1,
        0,
        0,
        0,
        0,
        0,
        0,
        0,
        0
      ],
      [
        750,
        0,
        10,
        12,
        87081,
        0,
        0,
        0,
        0,
        41,
        0,
        0,
        0,
        0
      ],
      [
        20,
        0,
        0,
        0,
        0,
        1324,
        4,
        0,
        0,
        0,
        0,
        0,
        0,
        0
      ],
      [
        10,
        0,
        0,
        0,
        0,
        2,
        1157,
        0,
        0,
        0,
        0,
        0,
        0,
        0
      ],
      [
        509,
        0,
        0,
        0,
        0,
        0,
        0,
        1902,
        0,
        0,
        0,
        0,
        0,
        0
      ],
      [
        2,
        0,
        0,
        0,
        0,
        0,
        0,
        0,
        13,
        0,
        0,
        0,
        0,
        0
      ],
      [
        433,
        0,
        1,
        0,
        55,
        0,
        3,
        0,
        0,
        47775,
        0,
        0,
        0,
        0
      ],
      [
        15,
        0,
        0,
        0,
        0,
        0,
        0,
        4,
        0,
        0,
        885,
        0,
        0,
        0
      ],
      [
        370,
        0,
        0,
        0,
        0,
        0,
        0,
        0,
        0,
        0,
        0,
        40,
        0,
        0
      ],
      [
        6,
        0,
        0,
        0,
        0,
        0,
        0,
        0,
        0,
        0,
        0,
        0,
        0,
        0
      ],
      [
        198,
        0,
        0,
        0,
        0,
        0,
        0,
        0,
        0,
        0,
        0,
        2,
        0,
        2
      ]
    ],
    "class_order": [
      "BENIGN",
      "Bot",
      "DDoS",
      "DoS GoldenEye",
      "DoS Hulk",
      "DoS Slowhttptest",
      "DoS slowloris",
      "FTP-Patator",
      "Heartbleed",
      "Infiltration",
      "PortScan",
      "SSH-Patator",
      "Web Attack - Brute Force",
      "Web Attack - Sql Injection",
      "Web Attack - XSS"
    ]
  },
  "feature_importances": {
    "is_tcp": 0.5335037708282471,
    "tot_pkts": 0.12758970260620117,
    "bytes_fwd": 0.08120575547218323,
    "tot_bytes": 0.0778636559844017,
    "pkts_bwd": 0.05029056966304779,
    "bytes_bwd": 0.04451220482587814,
    "dst_port": 0.02701415866613388,
    "is_udp": 0.022380443289875984,
    "pkts_fwd": 0.020780758932232857,
    "duration": 0.014859003014862537
  },
  "wall_seconds": 36.6
}