{
  "config": {
    "tool": "yaf",
    "regime": "common",
    "model": "rf",
    "task": "multiclass",
    "split": "stratified",
    "seed": 2,
    "include_port": true,
    "dataset": "cicids2017",
    "n_features": 10,
    "subsample_benign": null,
    "max_train": 400000
  },
  "config_hash": "37d609ca1957f0c1",
  "git_commit": null,
  "n_train": 400000,
  "n_test": 694754,
  "n_test_unseen_class": 0,
  "features": [
    "duration",
    "pkts_fwd",
    "pkts_bwd",
    "bytes_fwd",
    "bytes_bwd",
    "tot_pkts",
    "tot_bytes",
    "is_tcp",
    "is_udp",
    "dst_port"
  ],
  "metrics": {
    "macro_f1": 0.7179401387002929,
    "weighted_f1": 0.9854915788443107,
    "balanced_accuracy": 0.7805393547952667,
    "per_class": {
      "BENIGN": {
        "precision": 0.9958772599155987,
        "recall": 0.9841779152551828,
        "f1-score": 0.9899930242390761,
        "support": 519843.0
      },
      "Bot": {
        "precision": 1.0,
        "recall": 0.9916724496877168,
        "f1-score": 0.9958188153310105,
        "support": 1441.0
      },
      "DDoS": {
        "precision": 0.9996499334873626,
        "recall": 0.999440011199776,
        "f1-score": 0.9995449613217123,
        "support": 28572.0
      },
      "DoS GoldenEye": {
        "precision": 0.9968666069829901,
        "recall": 0.980193661971831,
        "f1-score": 0.9884598313359965,
        "support": 2272.0
      },
      "DoS Hulk": {
        "precision": 0.9889867591066659,
        "recall": 0.9900106947004346,
        "f1-score": 0.9894984620108143,
        "support": 87894.0
      },
      "DoS Slowhttptest": {
        "precision": 0.9866171003717472,
        "recall": 0.9844213649851632,
        "f1-score": 0.9855180096546602,
        "support": 1348.0
      },
      "DoS slowloris": {
        "precision": 0.9948409286328461,
        "recall": 0.9897348160821214,
        "f1-score": 0.9922813036020584,
        "support": 1169.0
      },
      "FTP-Patator": {
        "precision": 0.6095890410958904,
        "recall": 0.8121111571961842,
        "f1-score": 0.6964253956962475,
        "support": 2411.0
      },
      "Heartbleed": {
        "precision": 0.0,
        "recall": 0.0,
        "f1-score": 0.0,
        "support": 0.0
      },
      "Infiltration": {
        "precision": 1.0,
        "recall": 0.7333333333333333,
        "f1-score": 0.8461538461538461,
        "support": 15.0
      },
      "PortScan": {
        "precision": 0.9026863983410311,
        "recall": 0.992044253838026,
        "f1-score": 0.9452582122552117,
        "support": 48267.0
      },
      "SSH-Patator": {
        "precision": 0.9933407325194229,
        "recall": 0.9900442477876106,
        "f1-score": 0.9916897506925207,
        "support": 904.0
      },
      "Web Attack - Brute Force": {
        "precision": 0.19584569732937684,
        "recall": 0.32195121951219513,
        "f1-score": 0.24354243542435425,
        "support": 410.0
      },
      "Web Attack - Sql Injection": {
        "precision": 0.0,
        "recall": 0.0,
        "f1-score": 0.0,
        "support": 6.0
      },
      "Web Attack - XSS": {
        "precision": 0.0784313725490196,
        "recall": 0.15841584158415842,
        "f1-score": 0.10491803278688525,
        "support": 202.0
      }
    },
    "confusion_matrix": [
      [
        511618,
        0,
        2,
        6,
        939,
        13,
        0,
        1236,
        0,
        0,
        5151,
        6,
        495,
        42,
        335
      ],
      [
        12,
        1429,
        0,
        0,
        0,
        0,
        0,
        0,
        0,
        0,
        0,
        0,
        0,
        0,
        0
      ],
      [
        4,
        0,
        28556,
        0,
        12,
        0,
        0,
        0,
        0,
        0,
        0,
        0,
        0,
        0,
        0
      ],
      [
        24,
        0,
        0,
        2227,
        17,
        4,
        0,
        0,
        0,
        0,
        0,
        0,
        0,
        0,
        0
      ],
      [
        869,
        0,
        7,
        1,
        87016,
        0,
        0,
        0,
        0,
        0,
        1,
        0,
        0,
        0,
        0
      ],
      [
        16,
        0,
        0,
        0,
        0,
        1327,
        5,
        0,
        0,
        0,
        0,
        0,
        0,
        0,
        0
      ],
      [
        11,
        0,
        0,
        0,
        0,
        1,
        1157,
        0,
        0,
        0,
        0,
        0,
        0,
        0,
        0
      ],
      [
        445,
        0,
        0,
        0,
        0,
        0,
        0,
        1958,
        0,
        0,
        8,
        0,
        0,
        0,
        0
      ],
      [
        0,
        0,
        0,
        0,
        0,
        0,
        0,
        0,
        0,
        0,
        0,
        0,
        0,
        0,
        0
      ],
      [
        2,
        0,
        0,
        0,
        0,
        0,
        0,
        0,
        2,
        11,
        0,
        0,
        0,
        0,
        0
      ],
      [
        366,
        0,
        1,
        0,
        1,
        0,
        1,
        15,
        0,
        0,
        47883,
        0,
        0,
        0,
        0
      ],
      [
        5,
        0,
        0,
        0,
        0,
        0,
        0,
        3,
        0,
        0,
        1,
        895,
        0,
        0,
        0
      ],
      [
        235,
        0,
        0,
        0,
        0,
        0,
        0,
        0,
        0,
        0,
        1,
        0,
        132,
        1,
        41
      ],
      [
        6,
        0,
        0,
        0,
        0,
        0,
        0,
        0,
        0,
        0,
        0,
        0,
        0,
        0,
        0
      ],
      [
        123,
        0,
        0,
        0,
        0,
        0,
        0,
        0,
        0,
        0,
        0,
        0,
        47,
        0,
        32
      ]
    ],
    "class_order": [
      "BENIGN",
      "Bot",
      "DDoS",
      "DoS GoldenEye",
      "DoS Hulk",
      "DoS Slowhttptest",
      "DoS slowloris",
      "FTP-Patator",
      "Heartbleed",
      "Infiltration",
      "PortScan",
      "SSH-Patator",
      "Web Attack - Brute Force",
      "Web Attack - Sql Injection",
      "Web Attack - XSS"
    ]
  },
  "feature_importances": {
    "dst_port": 0.19310147975595257,
    "duration": 0.18418629211154866,
    "bytes_fwd": 0.15381389749171825,
    "tot_bytes": 0.15067884535741374,
    "bytes_bwd": 0.11525775920140903,
    "pkts_fwd": 0.06425556587895428,
    "tot_pkts": 0.06255956166985016,
    "pkts_bwd": 0.056224458244289385,
    "is_tcp": 0.01149268164769915,
    "is_udp": 0.008429458641164747
  },
  "wall_seconds": 22.2
}