{
  "config": {
    "tool": "zeek",
    "regime": "common",
    "model": "rf",
    "task": "multiclass",
    "split": "stratified",
    "seed": 1,
    "include_port": true,
    "dataset": "cicids2017",
    "n_features": 10,
    "subsample_benign": null,
    "max_train": 400000
  },
  "config_hash": "667483b5a23276b4",
  "git_commit": null,
  "n_train": 400000,
  "n_test": 635754,
  "n_test_unseen_class": 0,
  "features": [
    "duration",
    "pkts_fwd",
    "pkts_bwd",
    "bytes_fwd",
    "bytes_bwd",
    "tot_pkts",
    "tot_bytes",
    "is_tcp",
    "is_udp",
    "dst_port"
  ],
  "metrics": {
    "macro_f1": 0.7161236659023796,
    "weighted_f1": 0.9874706235676886,
    "balanced_accuracy": 0.7755679580716491,
    "per_class": {
      "BENIGN": {
        "precision": 0.9987750226509079,
        "recall": 0.988817624710636,
        "f1-score": 0.9937713815041462,
        "support": 497211.0
      },
      "Bot": {
        "precision": 0.9993284083277367,
        "recall": 0.9993284083277367,
        "f1-score": 0.9993284083277367,
        "support": 1489.0
      },
      "DDoS": {
        "precision": 1.0,
        "recall": 0.9998954885908379,
        "f1-score": 0.9999477415646175,
        "support": 28705.0
      },
      "DoS GoldenEye": {
        "precision": 0.9852813852813853,
        "recall": 0.9801894918173988,
        "f1-score": 0.9827288428324698,
        "support": 2322.0
      },
      "DoS Hulk": {
        "precision": 0.9995598037982644,
        "recall": 0.9724488131168937,
        "f1-score": 0.9858179487709579,
        "support": 49036.0
      },
      "DoS Slowhttptest": {
        "precision": 0.7254131893307151,
        "recall": 0.9199003942726707,
        "f1-score": 0.8111619396157365,
        "support": 4819.0
      },
      "DoS slowloris": {
        "precision": 0.7137433561123766,
        "recall": 0.8034188034188035,
        "f1-score": 0.7559308403699236,
        "support": 1170.0
      },
      "FTP-Patator": {
        "precision": 1.0,
        "recall": 0.9933166248955723,
        "f1-score": 0.9966471081307627,
        "support": 1197.0
      },
      "Heartbleed": {
        "precision": 0.0,
        "recall": 0.0,
        "f1-score": 0.0,
        "support": 0.0
      },
      "Infiltration": {
        "precision": 1.0,
        "recall": 0.8666666666666667,
        "f1-score": 0.9285714285714286,
        "support": 15.0
      },
      "PortScan": {
        "precision": 0.9061236007901421,
        "recall": 0.9976387249114522,
        "f1-score": 0.949681566338703,
        "support": 48279.0
      },
      "SSH-Patator": {
        "precision": 1.0,
        "recall": 0.9910514541387024,
        "f1-score": 0.9955056179775281,
        "support": 894.0
      },
      "Web Attack - Brute Force": {
        "precision": 0.24065420560747663,
        "recall": 0.25121951219512195,
        "f1-score": 0.2458233890214797,
        "support": 410.0
      },
      "Web Attack - Sql Injection": {
        "precision": 0.0,
        "recall": 0.0,
        "f1-score": 0.0,
        "support": 5.0
      },
      "Web Attack - XSS": {
        "precision": 0.1,
        "recall": 0.09405940594059406,
        "f1-score": 0.09693877551020408,
        "support": 202.0
      }
    },
    "confusion_matrix": [
      [
        491651,
        1,
        0,
        5,
        6,
        114,
        7,
        0,
        0,
        0,
        4988,
        0,
        295,
        1,
        143
      ],
      [
        1,
        1488,
        0,
        0,
        0,
        0,
        0,
        0,
        0,
        0,
        0,
        0,
        0,
        0,
        0
      ],
      [
        3,
        0,
        28702,
        0,
        0,
        0,
        0,
        0,
        0,
        0,
        0,
        0,
        0,
        0,
        0
      ],
      [
        8,
        0,
        0,
        2276,
        15,
        18,
        5,
        0,
        0,
        0,
        0,
        0,
        0,
        0,
        0
      ],
      [
        6,
        0,
        0,
        15,
        47685,
        1328,
        1,
        0,
        0,
        0,
        0,
        0,
        1,
        0,
        0
      ],
      [
        12,
        0,
        0,
        10,
        0,
        4433,
        364,
        0,
        0,
        0,
        0,
        0,
        0,
        0,
        0
      ],
      [
        8,
        0,
        0,
        4,
        0,
        218,
        940,
        0,
        0,
        0,
        0,
        0,
        0,
        0,
        0
      ],
      [
        8,
        0,
        0,
        0,
        0,
        0,
        0,
        1189,
        0,
        0,
        0,
        0,
        0,
        0,
        0
      ],
      [
        0,
        0,
        0,
        0,
        0,
        0,
        0,
        0,
        0,
        0,
        0,
        0,
        0,
        0,
        0
      ],
      [
        1,
        0,
        0,
        0,
        0,
        0,
        0,
        0,
        1,
        13,
        0,
        0,
        0,
        0,
        0
      ],
      [
        114,
        0,
        0,
        0,
        0,
        0,
        0,
        0,
        0,
        0,
        48165,
        0,
        0,
        0,
        0
      ],
      [
        6,
        0,
        0,
        0,
        0,
        0,
        0,
        0,
        0,
        0,
        2,
        886,
        0,
        0,
        0
      ],
      [
        277,
        0,
        0,
        0,
        0,
        0,
        0,
        0,
        0,
        0,
        0,
        0,
        103,
        2,
        28
      ],
      [
        5,
        0,
        0,
        0,
        0,
        0,
        0,
        0,
        0,
        0,
        0,
        0,
        0,
        0,
        0
      ],
      [
        154,
        0,
        0,
        0,
        0,
        0,
        0,
        0,
        0,
        0,
        0,
        0,
        29,
        0,
        19
      ]
    ],
    "class_order": [
      "BENIGN",
      "Bot",
      "DDoS",
      "DoS GoldenEye",
      "DoS Hulk",
      "DoS Slowhttptest",
      "DoS slowloris",
      "FTP-Patator",
      "Heartbleed",
      "Infiltration",
      "PortScan",
      "SSH-Patator",
      "Web Attack - Brute Force",
      "Web Attack - Sql Injection",
      "Web Attack - XSS"
    ]
  },
  "feature_importances": {
    "duration": 0.25689452473681146,
    "dst_port": 0.16029821649755352,
    "bytes_bwd": 0.12542029935390794,
    "tot_bytes": 0.11563028375483472,
    "bytes_fwd": 0.11461546525786832,
    "pkts_bwd": 0.08353066752850989,
    "tot_pkts": 0.06525165882132403,
    "pkts_fwd": 0.05667048978359584,
    "is_tcp": 0.012696490758961043,
    "is_udp": 0.008991903506633245
  },
  "wall_seconds": 15.7
}