{
  "config": {
    "tool": "zeek",
    "regime": "common",
    "model": "xgb",
    "task": "multiclass",
    "split": "stratified",
    "seed": 0,
    "include_port": true,
    "dataset": "cicids2017",
    "n_features": 10,
    "subsample_benign": null,
    "max_train": 400000
  },
  "config_hash": "9150a90133b2516e",
  "git_commit": null,
  "n_train": 400000,
  "n_test": 635754,
  "n_test_unseen_class": 0,
  "features": [
    "duration",
    "pkts_fwd",
    "pkts_bwd",
    "bytes_fwd",
    "bytes_bwd",
    "tot_pkts",
    "tot_bytes",
    "is_tcp",
    "is_udp",
    "dst_port"
  ],
  "metrics": {
    "macro_f1": 0.7014803945707971,
    "weighted_f1": 0.9894714559380394,
    "balanced_accuracy": 0.7397933835458909,
    "per_class": {
      "BENIGN": {
        "precision": 0.9956432232500951,
        "recall": 0.995074525704379,
        "f1-score": 0.9953587932460081,
        "support": 497211.0
      },
      "Bot": {
        "precision": 0.9953177257525083,
        "recall": 0.9993284083277367,
        "f1-score": 0.9973190348525469,
        "support": 1489.0
      },
      "DDoS": {
        "precision": 1.0,
        "recall": 0.9999303257272252,
        "f1-score": 0.9999651616499443,
        "support": 28705.0
      },
      "DoS GoldenEye": {
        "precision": 0.989135158626684,
        "recall": 0.9801894918173988,
        "f1-score": 0.9846420073545317,
        "support": 2322.0
      },
      "DoS Hulk": {
        "precision": 0.9990989103101425,
        "recall": 0.9722856676727303,
        "f1-score": 0.9855099425358634,
        "support": 49036.0
      },
      "DoS Slowhttptest": {
        "precision": 0.7100059031877214,
        "recall": 0.9983399045445113,
        "f1-score": 0.8298404484691677,
        "support": 4819.0
      },
      "DoS slowloris": {
        "precision": 0.9969230769230769,
        "recall": 0.5538461538461539,
        "f1-score": 0.7120879120879121,
        "support": 1170.0
      },
      "FTP-Patator": {
        "precision": 1.0,
        "recall": 1.0,
        "f1-score": 1.0,
        "support": 1197.0
      },
      "Heartbleed": {
        "precision": 0.0,
        "recall": 0.0,
        "f1-score": 0.0,
        "support": 0.0
      },
      "Infiltration": {
        "precision": 1.0,
        "recall": 0.8,
        "f1-score": 0.8888888888888888,
        "support": 15.0
      },
      "PortScan": {
        "precision": 0.9525926228003997,
        "recall": 0.9676671016383935,
        "f1-score": 0.9600706931629025,
        "support": 48279.0
      },
      "SSH-Patator": {
        "precision": 1.0,
        "recall": 0.9977628635346756,
        "f1-score": 0.9988801791713325,
        "support": 894.0
      },
      "Web Attack - Brute Force": {
        "precision": 1.0,
        "recall": 0.09268292682926829,
        "f1-score": 0.16964285714285715,
        "support": 410.0
      },
      "Web Attack - Sql Injection": {
        "precision": 0.0,
        "recall": 0.0,
        "f1-score": 0.0,
        "support": 5.0
      },
      "Web Attack - XSS": {
        "precision": 0.0,
        "recall": 0.0,
        "f1-score": 0.0,
        "support": 202.0
      }
    },
    "confusion_matrix": [
      [
        494762,
        4,
        0,
        5,
        16,
        115,
        1,
        0,
        0,
        2308,
        0,
        0,
        0,
        0
      ],
      [
        1,
        1488,
        0,
        0,
        0,
        0,
        0,
        0,
        0,
        0,
        0,
        0,
        0,
        0
      ],
      [
        1,
        0,
        28703,
        0,
        1,
        0,
        0,
        0,
        0,
        0,
        0,
        0,
        0,
        0
      ],
      [
        5,
        0,
        0,
        2276,
        20,
        21,
        0,
        0,
        0,
        0,
        0,
        0,
        0,
        0
      ],
      [
        8,
        0,
        0,
        20,
        47677,
        1314,
        0,
        0,
        0,
        17,
        0,
        0,
        0,
        0
      ],
      [
        7,
        0,
        0,
        0,
        0,
        4811,
        1,
        0,
        0,
        0,
        0,
        0,
        0,
        0
      ],
      [
        7,
        0,
        0,
        0,
        0,
        515,
        648,
        0,
        0,
        0,
        0,
        0,
        0,
        0
      ],
      [
        0,
        0,
        0,
        0,
        0,
        0,
        0,
        1197,
        0,
        0,
        0,
        0,
        0,
        0
      ],
      [
        3,
        0,
        0,
        0,
        0,
        0,
        0,
        0,
        12,
        0,
        0,
        0,
        0,
        0
      ],
      [
        1552,
        3,
        0,
        0,
        6,
        0,
        0,
        0,
        0,
        46718,
        0,
        0,
        0,
        0
      ],
      [
        2,
        0,
        0,
        0,
        0,
        0,
        0,
        0,
        0,
        0,
        892,
        0,
        0,
        0
      ],
      [
        372,
        0,
        0,
        0,
        0,
        0,
        0,
        0,
        0,
        0,
        0,
        38,
        0,
        0
      ],
      [
        5,
        0,
        0,
        0,
        0,
        0,
        0,
        0,
        0,
        0,
        0,
        0,
        0,
        0
      ],
      [
        202,
        0,
        0,
        0,
        0,
        0,
        0,
        0,
        0,
        0,
        0,
        0,
        0,
        0
      ]
    ],
    "class_order": [
      "BENIGN",
      "Bot",
      "DDoS",
      "DoS GoldenEye",
      "DoS Hulk",
      "DoS Slowhttptest",
      "DoS slowloris",
      "FTP-Patator",
      "Heartbleed",
      "Infiltration",
      "PortScan",
      "SSH-Patator",
      "Web Attack - Brute Force",
      "Web Attack - Sql Injection",
      "Web Attack - XSS"
    ]
  },
  "feature_importances": {
    "tot_bytes": 0.3172954320907593,
    "tot_pkts": 0.22725239396095276,
    "bytes_fwd": 0.18859542906284332,
    "bytes_bwd": 0.11220037192106247,
    "pkts_bwd": 0.08752990514039993,
    "is_udp": 0.029197873547673225,
    "is_tcp": 0.015355871990323067,
    "dst_port": 0.00888568814843893,
    "duration": 0.008147182874381542,
    "pkts_fwd": 0.005539925768971443
  },
  "wall_seconds": 32.2
}