{
  "config": {
    "tool": "zeek",
    "regime": "common",
    "model": "xgb",
    "task": "multiclass",
    "split": "stratified",
    "seed": 2,
    "include_port": true,
    "dataset": "cicids2017",
    "n_features": 10,
    "subsample_benign": null,
    "max_train": 400000
  },
  "config_hash": "483a03b97c51218a",
  "git_commit": null,
  "n_train": 400000,
  "n_test": 635754,
  "n_test_unseen_class": 0,
  "features": [
    "duration",
    "pkts_fwd",
    "pkts_bwd",
    "bytes_fwd",
    "bytes_bwd",
    "tot_pkts",
    "tot_bytes",
    "is_tcp",
    "is_udp",
    "dst_port"
  ],
  "metrics": {
    "macro_f1": 0.7050670559782408,
    "weighted_f1": 0.989529953771825,
    "balanced_accuracy": 0.7450849885311596,
    "per_class": {
      "BENIGN": {
        "precision": 0.9956753689218206,
        "recall": 0.9950946378901513,
        "f1-score": 0.9953849187029489,
        "support": 497211.0
      },
      "Bot": {
        "precision": 0.9906852960745176,
        "recall": 1.0,
        "f1-score": 0.9953208556149733,
        "support": 1489.0
      },
      "DDoS": {
        "precision": 1.0,
        "recall": 0.9998954885908379,
        "f1-score": 0.9999477415646175,
        "support": 28705.0
      },
      "DoS GoldenEye": {
        "precision": 0.9920634920634921,
        "recall": 0.9689922480620154,
        "f1-score": 0.9803921568627451,
        "support": 2322.0
      },
      "DoS Hulk": {
        "precision": 0.9991408934707904,
        "recall": 0.9724080267558528,
        "f1-score": 0.985593220338983,
        "support": 49036.0
      },
      "DoS Slowhttptest": {
        "precision": 0.7105068715826807,
        "recall": 0.9977173687487031,
        "f1-score": 0.8299672017952702,
        "support": 4819.0
      },
      "DoS slowloris": {
        "precision": 0.9970238095238095,
        "recall": 0.5726495726495726,
        "f1-score": 0.7274701411509229,
        "support": 1170.0
      },
      "FTP-Patator": {
        "precision": 1.0,
        "recall": 0.9974937343358395,
        "f1-score": 0.998745294855709,
        "support": 1197.0
      },
      "Heartbleed": {
        "precision": 0.0,
        "recall": 0.0,
        "f1-score": 0.0,
        "support": 0.0
      },
      "Infiltration": {
        "precision": 1.0,
        "recall": 0.8666666666666667,
        "f1-score": 0.9285714285714286,
        "support": 15.0
      },
      "PortScan": {
        "precision": 0.9528071105312512,
        "recall": 0.9681020733652312,
        "f1-score": 0.9603936999784246,
        "support": 48279.0
      },
      "SSH-Patator": {
        "precision": 0.996629213483146,
        "recall": 0.9921700223713646,
        "f1-score": 0.9943946188340808,
        "support": 894.0
      },
      "Web Attack - Brute Force": {
        "precision": 0.8913043478260869,
        "recall": 0.1,
        "f1-score": 0.17982456140350878,
        "support": 410.0
      },
      "Web Attack - Sql Injection": {
        "precision": 0.0,
        "recall": 0.0,
        "f1-score": 0.0,
        "support": 5.0
      },
      "Web Attack - XSS": {
        "precision": 0.0,
        "recall": 0.0,
        "f1-score": 0.0,
        "support": 202.0
      }
    },
    "confusion_matrix": [
      [
        494772,
        14,
        0,
        9,
        5,
        95,
        2,
        0,
        0,
        2306,
        3,
        5,
        0,
        0
      ],
      [
        0,
        1489,
        0,
        0,
        0,
        0,
        0,
        0,
        0,
        0,
        0,
        0,
        0,
        0
      ],
      [
        3,
        0,
        28702,
        0,
        0,
        0,
        0,
        0,
        0,
        0,
        0,
        0,
        0,
        0
      ],
      [
        7,
        0,
        0,
        2250,
        31,
        34,
        0,
        0,
        0,
        0,
        0,
        0,
        0,
        0
      ],
      [
        2,
        0,
        0,
        8,
        47683,
        1334,
        0,
        0,
        0,
        9,
        0,
        0,
        0,
        0
      ],
      [
        10,
        0,
        0,
        1,
        0,
        4808,
        0,
        0,
        0,
        0,
        0,
        0,
        0,
        0
      ],
      [
        5,
        0,
        0,
        0,
        0,
        495,
        670,
        0,
        0,
        0,
        0,
        0,
        0,
        0
      ],
      [
        3,
        0,
        0,
        0,
        0,
        0,
        0,
        1194,
        0,
        0,
        0,
        0,
        0,
        0
      ],
      [
        2,
        0,
        0,
        0,
        0,
        0,
        0,
        0,
        13,
        0,
        0,
        0,
        0,
        0
      ],
      [
        1534,
        0,
        0,
        0,
        5,
        1,
        0,
        0,
        0,
        46739,
        0,
        0,
        0,
        0
      ],
      [
        7,
        0,
        0,
        0,
        0,
        0,
        0,
        0,
        0,
        0,
        887,
        0,
        0,
        0
      ],
      [
        369,
        0,
        0,
        0,
        0,
        0,
        0,
        0,
        0,
        0,
        0,
        41,
        0,
        0
      ],
      [
        5,
        0,
        0,
        0,
        0,
        0,
        0,
        0,
        0,
        0,
        0,
        0,
        0,
        0
      ],
      [
        202,
        0,
        0,
        0,
        0,
        0,
        0,
        0,
        0,
        0,
        0,
        0,
        0,
        0
      ]
    ],
    "class_order": [
      "BENIGN",
      "Bot",
      "DDoS",
      "DoS GoldenEye",
      "DoS Hulk",
      "DoS Slowhttptest",
      "DoS slowloris",
      "FTP-Patator",
      "Heartbleed",
      "Infiltration",
      "PortScan",
      "SSH-Patator",
      "Web Attack - Brute Force",
      "Web Attack - Sql Injection",
      "Web Attack - XSS"
    ]
  },
  "feature_importances": {
    "tot_bytes": 0.3112828731536865,
    "tot_pkts": 0.22492973506450653,
    "bytes_fwd": 0.20116432011127472,
    "bytes_bwd": 0.10920806229114532,
    "pkts_bwd": 0.09139890968799591,
    "is_udp": 0.025682080537080765,
    "is_tcp": 0.016454443335533142,
    "dst_port": 0.006880501285195351,
    "duration": 0.00682773906737566,
    "pkts_fwd": 0.006171385757625103
  },
  "wall_seconds": 36.5
}