{
  "config": {
    "tool": "zeek",
    "regime": "common",
    "model": "rf",
    "task": "multiclass",
    "split": "stratified",
    "seed": 0,
    "include_port": true,
    "dataset": "cicids2017",
    "n_features": 10,
    "subsample_benign": null,
    "max_train": 400000
  },
  "config_hash": "1785b63c57ad7f8e",
  "git_commit": null,
  "n_train": 400000,
  "n_test": 635754,
  "n_test_unseen_class": 0,
  "features": [
    "duration",
    "pkts_fwd",
    "pkts_bwd",
    "bytes_fwd",
    "bytes_bwd",
    "tot_pkts",
    "tot_bytes",
    "is_tcp",
    "is_udp",
    "dst_port"
  ],
  "metrics": {
    "macro_f1": 0.710362443655543,
    "weighted_f1": 0.9874114749472145,
    "balanced_accuracy": 0.7671679772510016,
    "per_class": {
      "BENIGN": {
        "precision": 0.998831773327455,
        "recall": 0.9887633218090509,
        "f1-score": 0.9937720459667883,
        "support": 497211.0
      },
      "Bot": {
        "precision": 0.9993284083277367,
        "recall": 0.9993284083277367,
        "f1-score": 0.9993284083277367,
        "support": 1489.0
      },
      "DDoS": {
        "precision": 1.0,
        "recall": 0.9999303257272252,
        "f1-score": 0.9999651616499443,
        "support": 28705.0
      },
      "DoS GoldenEye": {
        "precision": 0.9789879931389366,
        "recall": 0.9832041343669251,
        "f1-score": 0.9810915341641598,
        "support": 2322.0
      },
      "DoS Hulk": {
        "precision": 0.9992458521870287,
        "recall": 0.9727547108247002,
        "f1-score": 0.9858223453064936,
        "support": 49036.0
      },
      "DoS Slowhttptest": {
        "precision": 0.7270323859881032,
        "recall": 0.9130525005187798,
        "f1-score": 0.8094931469046086,
        "support": 4819.0
      },
      "DoS slowloris": {
        "precision": 0.7023360964581763,
        "recall": 0.7965811965811965,
        "f1-score": 0.7464957949539447,
        "support": 1170.0
      },
      "FTP-Patator": {
        "precision": 1.0,
        "recall": 1.0,
        "f1-score": 1.0,
        "support": 1197.0
      },
      "Heartbleed": {
        "precision": 0.0,
        "recall": 0.0,
        "f1-score": 0.0,
        "support": 0.0
      },
      "Infiltration": {
        "precision": 1.0,
        "recall": 0.8,
        "f1-score": 0.8888888888888888,
        "support": 15.0
      },
      "PortScan": {
        "precision": 0.9052985481114179,
        "recall": 0.9983429648501418,
        "f1-score": 0.9495468873128448,
        "support": 48279.0
      },
      "SSH-Patator": {
        "precision": 1.0,
        "recall": 0.9944071588366891,
        "f1-score": 0.997195737521032,
        "support": 894.0
      },
      "Web Attack - Brute Force": {
        "precision": 0.22702702702702704,
        "recall": 0.2048780487804878,
        "f1-score": 0.2153846153846154,
        "support": 410.0
      },
      "Web Attack - Sql Injection": {
        "precision": 0.0,
        "recall": 0.0,
        "f1-score": 0.0,
        "support": 5.0
      },
      "Web Attack - XSS": {
        "precision": 0.08780487804878048,
        "recall": 0.0891089108910891,
        "f1-score": 0.08845208845208845,
        "support": 202.0
      }
    },
    "confusion_matrix": [
      [
        491624,
        1,
        0,
        6,
        17,
        100,
        6,
        0,
        0,
        0,
        5042,
        0,
        258,
        0,
        157
      ],
      [
        1,
        1488,
        0,
        0,
        0,
        0,
        0,
        0,
        0,
        0,
        0,
        0,
        0,
        0,
        0
      ],
      [
        1,
        0,
        28703,
        0,
        1,
        0,
        0,
        0,
        0,
        0,
        0,
        0,
        0,
        0,
        0
      ],
      [
        5,
        0,
        0,
        2283,
        14,
        14,
        6,
        0,
        0,
        0,
        0,
        0,
        0,
        0,
        0
      ],
      [
        5,
        0,
        0,
        15,
        47700,
        1314,
        0,
        0,
        0,
        0,
        0,
        0,
        2,
        0,
        0
      ],
      [
        14,
        0,
        0,
        21,
        1,
        4400,
        383,
        0,
        0,
        0,
        0,
        0,
        0,
        0,
        0
      ],
      [
        5,
        0,
        0,
        6,
        3,
        224,
        932,
        0,
        0,
        0,
        0,
        0,
        0,
        0,
        0
      ],
      [
        0,
        0,
        0,
        0,
        0,
        0,
        0,
        1197,
        0,
        0,
        0,
        0,
        0,
        0,
        0
      ],
      [
        0,
        0,
        0,
        0,
        0,
        0,
        0,
        0,
        0,
        0,
        0,
        0,
        0,
        0,
        0
      ],
      [
        1,
        0,
        0,
        0,
        0,
        0,
        0,
        0,
        2,
        12,
        0,
        0,
        0,
        0,
        0
      ],
      [
        79,
        0,
        0,
        1,
        0,
        0,
        0,
        0,
        0,
        0,
        48199,
        0,
        0,
        0,
        0
      ],
      [
        5,
        0,
        0,
        0,
        0,
        0,
        0,
        0,
        0,
        0,
        0,
        889,
        0,
        0,
        0
      ],
      [
        296,
        0,
        0,
        0,
        0,
        0,
        0,
        0,
        0,
        0,
        0,
        0,
        84,
        0,
        30
      ],
      [
        5,
        0,
        0,
        0,
        0,
        0,
        0,
        0,
        0,
        0,
        0,
        0,
        0,
        0,
        0
      ],
      [
        158,
        0,
        0,
        0,
        0,
        0,
        0,
        0,
        0,
        0,
        0,
        0,
        26,
        0,
        18
      ]
    ],
    "class_order": [
      "BENIGN",
      "Bot",
      "DDoS",
      "DoS GoldenEye",
      "DoS Hulk",
      "DoS Slowhttptest",
      "DoS slowloris",
      "FTP-Patator",
      "Heartbleed",
      "Infiltration",
      "PortScan",
      "SSH-Patator",
      "Web Attack - Brute Force",
      "Web Attack - Sql Injection",
      "Web Attack - XSS"
    ]
  },
  "feature_importances": {
    "duration": 0.23684389182272508,
    "dst_port": 0.16084015004282354,
    "tot_bytes": 0.1316772335605608,
    "bytes_bwd": 0.12831912503578546,
    "bytes_fwd": 0.12754815324057012,
    "pkts_bwd": 0.07268311749971047,
    "tot_pkts": 0.06569877715816876,
    "pkts_fwd": 0.04991437820405098,
    "is_tcp": 0.015025507006898422,
    "is_udp": 0.011449666428706255
  },
  "wall_seconds": 15.6
}