{
  "config": {
    "tool": "cicflowmeter-orig",
    "regime": "common",
    "model": "rf",
    "task": "multiclass",
    "split": "stratified",
    "seed": 1,
    "include_port": false,
    "dataset": "cicids2017",
    "n_features": 9,
    "subsample_benign": null,
    "max_train": 400000
  },
  "config_hash": "e236a9785bc94957",
  "git_commit": null,
  "n_train": 400000,
  "n_test": 816671,
  "n_test_unseen_class": 0,
  "features": [
    "duration",
    "pkts_fwd",
    "pkts_bwd",
    "bytes_fwd",
    "bytes_bwd",
    "tot_pkts",
    "tot_bytes",
    "is_tcp",
    "is_udp"
  ],
  "metrics": {
    "macro_f1": 0.5953769251764921,
    "weighted_f1": 0.9669889553536124,
    "balanced_accuracy": 0.6633306411868516,
    "per_class": {
      "BENIGN": {
        "precision": 0.9957486666997188,
        "recall": 0.9631367028209226,
        "f1-score": 0.9791712191083279,
        "support": 583887.0
      },
      "Bot": {
        "precision": 0.2631881833876846,
        "recall": 0.952116585704372,
        "f1-score": 0.41238352870453865,
        "support": 1441.0
      },
      "DDoS": {
        "precision": 0.9972157528849352,
        "recall": 0.9977748576434516,
        "f1-score": 0.9974952269184285,
        "support": 57075.0
      },
      "DoS GoldenEye": {
        "precision": 0.9776482021379981,
        "recall": 0.9735483870967742,
        "f1-score": 0.9755939873929207,
        "support": 3100.0
      },
      "DoS Hulk": {
        "precision": 0.9799018860479091,
        "recall": 0.955571880848682,
        "f1-score": 0.9675839624521242,
        "support": 114342.0
      },
      "DoS Slowhttptest": {
        "precision": 0.9224855861627163,
        "recall": 0.9405617243631613,
        "f1-score": 0.9314359637774903,
        "support": 1531.0
      },
      "DoS slowloris": {
        "precision": 0.9945652173913043,
        "recall": 0.9850478468899522,
        "f1-score": 0.9897836538461539,
        "support": 1672.0
      },
      "FTP-Patator": {
        "precision": 0.9644731530076706,
        "recall": 0.7615556263946446,
        "f1-score": 0.8510865692910581,
        "support": 3137.0
      },
      "Heartbleed": {
        "precision": 0.005988023952095809,
        "recall": 0.6666666666666666,
        "f1-score": 0.011869436201780416,
        "support": 3.0
      },
      "Infiltration": {
        "precision": 0.5,
        "recall": 0.08333333333333333,
        "f1-score": 0.14285714285714285,
        "support": 24.0
      },
      "PortScan": {
        "precision": 0.7096683321719276,
        "recall": 0.997042098027371,
        "f1-score": 0.8291613976129021,
        "support": 48007.0
      },
      "SSH-Patator": {
        "precision": 0.9821029082774049,
        "recall": 0.49242849130678634,
        "f1-score": 0.6559581621217782,
        "support": 1783.0
      },
      "Web Attack - Brute Force": {
        "precision": 0.1358313817330211,
        "recall": 0.1280353200883002,
        "f1-score": 0.1318181818181818,
        "support": 453.0
      },
      "Web Attack - Sql Injection": {
        "precision": 0.0,
        "recall": 0.0,
        "f1-score": 0.0,
        "support": 9.0
      },
      "Web Attack - XSS": {
        "precision": 0.05583756345177665,
        "recall": 0.05314009661835749,
        "f1-score": 0.054455445544554455,
        "support": 207.0
      }
    },
    "confusion_matrix": [
      [
        562363,
        784,
        33,
        53,
        2064,
        112,
        6,
        88,
        332,
        2,
        17499,
        12,
        358,
        0,
        181
      ],
      [
        62,
        1372,
        0,
        0,
        7,
        0,
        0,
        0,
        0,
        0,
        0,
        0,
        0,
        0,
        0
      ],
      [
        43,
        0,
        56948,
        1,
        75,
        0,
        0,
        0,
        0,
        0,
        8,
        0,
        0,
        0,
        0
      ],
      [
        48,
        0,
        18,
        3018,
        14,
        2,
        0,
        0,
        0,
        0,
        0,
        0,
        0,
        0,
        0
      ],
      [
        1497,
        3030,
        108,
        14,
        109262,
        0,
        0,
        0,
        0,
        0,
        428,
        3,
        0,
        0,
        0
      ],
      [
        86,
        0,
        0,
        1,
        1,
        1440,
        3,
        0,
        0,
        0,
        0,
        0,
        0,
        0,
        0
      ],
      [
        16,
        0,
        0,
        0,
        2,
        7,
        1647,
        0,
        0,
        0,
        0,
        0,
        0,
        0,
        0
      ],
      [
        18,
        0,
        0,
        0,
        0,
        0,
        0,
        2389,
        0,
        0,
        729,
        1,
        0,
        0,
        0
      ],
      [
        1,
        0,
        0,
        0,
        0,
        0,
        0,
        0,
        2,
        0,
        0,
        0,
        0,
        0,
        0
      ],
      [
        9,
        13,
        0,
        0,
        0,
        0,
        0,
        0,
        0,
        2,
        0,
        0,
        0,
        0,
        0
      ],
      [
        60,
        13,
        0,
        0,
        69,
        0,
        0,
        0,
        0,
        0,
        47865,
        0,
        0,
        0,
        0
      ],
      [
        26,
        1,
        0,
        0,
        9,
        0,
        0,
        0,
        0,
        0,
        869,
        878,
        0,
        0,
        0
      ],
      [
        345,
        0,
        0,
        0,
        0,
        0,
        0,
        0,
        0,
        0,
        45,
        0,
        58,
        0,
        5
      ],
      [
        6,
        0,
        0,
        0,
        0,
        0,
        0,
        0,
        0,
        0,
        3,
        0,
        0,
        0,
        0
      ],
      [
        184,
        0,
        0,
        0,
        0,
        0,
        0,
        0,
        0,
        0,
        1,
        0,
        11,
        0,
        11
      ]
    ],
    "class_order": [
      "BENIGN",
      "Bot",
      "DDoS",
      "DoS GoldenEye",
      "DoS Hulk",
      "DoS Slowhttptest",
      "DoS slowloris",
      "FTP-Patator",
      "Heartbleed",
      "Infiltration",
      "PortScan",
      "SSH-Patator",
      "Web Attack - Brute Force",
      "Web Attack - Sql Injection",
      "Web Attack - XSS"
    ]
  },
  "feature_importances": {
    "duration": 0.3446072864808694,
    "pkts_fwd": 0.10884077952573062,
    "tot_pkts": 0.10816357199895947,
    "bytes_fwd": 0.1035197672999169,
    "tot_bytes": 0.1030599002154335,
    "bytes_bwd": 0.10172624895637099,
    "pkts_bwd": 0.0936057884580426,
    "is_tcp": 0.022958259942854175,
    "is_udp": 0.01351839712182227
  },
  "wall_seconds": 17.7
}