{
  "config": {
    "tool": "cicflowmeter-orig",
    "regime": "common",
    "model": "rf",
    "task": "multiclass",
    "split": "stratified",
    "seed": 2,
    "include_port": false,
    "dataset": "cicids2017",
    "n_features": 9,
    "subsample_benign": null,
    "max_train": 400000
  },
  "config_hash": "67f50098e451c23b",
  "git_commit": null,
  "n_train": 400000,
  "n_test": 816671,
  "n_test_unseen_class": 0,
  "features": [
    "duration",
    "pkts_fwd",
    "pkts_bwd",
    "bytes_fwd",
    "bytes_bwd",
    "tot_pkts",
    "tot_bytes",
    "is_tcp",
    "is_udp"
  ],
  "metrics": {
    "macro_f1": 0.6031687093281272,
    "weighted_f1": 0.9667331699610204,
    "balanced_accuracy": 0.6891508534360189,
    "per_class": {
      "BENIGN": {
        "precision": 0.9955671183967243,
        "recall": 0.9627564922664831,
        "f1-score": 0.9788869434085802,
        "support": 583887.0
      },
      "Bot": {
        "precision": 0.2678260869565217,
        "recall": 0.9618320610687023,
        "f1-score": 0.4189842805320435,
        "support": 1441.0
      },
      "DDoS": {
        "precision": 0.9975646506412502,
        "recall": 0.9975821287779237,
        "f1-score": 0.9975733896330299,
        "support": 57075.0
      },
      "DoS GoldenEye": {
        "precision": 0.9770375161707633,
        "recall": 0.974516129032258,
        "f1-score": 0.9757751937984496,
        "support": 3100.0
      },
      "DoS Hulk": {
        "precision": 0.977810955058691,
        "recall": 0.9565601441290165,
        "f1-score": 0.967068819932891,
        "support": 114342.0
      },
      "DoS Slowhttptest": {
        "precision": 0.9266666666666666,
        "recall": 0.9079033311561071,
        "f1-score": 0.9171890465193006,
        "support": 1531.0
      },
      "DoS slowloris": {
        "precision": 0.9963746223564954,
        "recall": 0.986244019138756,
        "f1-score": 0.9912834385332131,
        "support": 1672.0
      },
      "FTP-Patator": {
        "precision": 0.9587712206952304,
        "recall": 0.7561364360854319,
        "f1-score": 0.8454820887542328,
        "support": 3137.0
      },
      "Heartbleed": {
        "precision": 0.008902077151335312,
        "recall": 1.0,
        "f1-score": 0.01764705882352941,
        "support": 3.0
      },
      "Infiltration": {
        "precision": 0.6666666666666666,
        "recall": 0.16666666666666666,
        "f1-score": 0.26666666666666666,
        "support": 24.0
      },
      "PortScan": {
        "precision": 0.7109001218388755,
        "recall": 0.9966254921157331,
        "f1-score": 0.8298571663963784,
        "support": 48007.0
      },
      "SSH-Patator": {
        "precision": 0.9931113662456946,
        "recall": 0.48513740886146944,
        "f1-score": 0.651846269781462,
        "support": 1783.0
      },
      "Web Attack - Brute Force": {
        "precision": 0.17339667458432304,
        "recall": 0.16114790286975716,
        "f1-score": 0.16704805491990846,
        "support": 453.0
      },
      "Web Attack - Sql Injection": {
        "precision": 0.0,
        "recall": 0.0,
        "f1-score": 0.0,
        "support": 9.0
      },
      "Web Attack - XSS": {
        "precision": 0.0205761316872428,
        "recall": 0.024154589371980676,
        "f1-score": 0.022222222222222223,
        "support": 207.0
      }
    },
    "confusion_matrix": [
      [
        562141,
        730,
        25,
        53,
        2304,
        107,
        6,
        102,
        334,
        2,
        17503,
        6,
        333,
        13,
        228
      ],
      [
        38,
        1386,
        0,
        0,
        17,
        0,
        0,
        0,
        0,
        0,
        0,
        0,
        0,
        0,
        0
      ],
      [
        52,
        0,
        56937,
        3,
        73,
        0,
        0,
        0,
        0,
        0,
        10,
        0,
        0,
        0,
        0
      ],
      [
        58,
        0,
        10,
        3021,
        9,
        2,
        0,
        0,
        0,
        0,
        0,
        0,
        0,
        0,
        0
      ],
      [
        1534,
        3032,
        100,
        14,
        109375,
        0,
        0,
        0,
        0,
        0,
        287,
        0,
        0,
        0,
        0
      ],
      [
        140,
        0,
        0,
        0,
        1,
        1390,
        0,
        0,
        0,
        0,
        0,
        0,
        0,
        0,
        0
      ],
      [
        19,
        0,
        0,
        1,
        0,
        1,
        1649,
        0,
        0,
        0,
        2,
        0,
        0,
        0,
        0
      ],
      [
        21,
        0,
        0,
        0,
        0,
        0,
        0,
        2372,
        0,
        0,
        744,
        0,
        0,
        0,
        0
      ],
      [
        0,
        0,
        0,
        0,
        0,
        0,
        0,
        0,
        3,
        0,
        0,
        0,
        0,
        0,
        0
      ],
      [
        6,
        13,
        0,
        0,
        1,
        0,
        0,
        0,
        0,
        4,
        0,
        0,
        0,
        0,
        0
      ],
      [
        71,
        13,
        4,
        0,
        68,
        0,
        0,
        0,
        0,
        0,
        47845,
        0,
        1,
        5,
        0
      ],
      [
        39,
        0,
        0,
        0,
        7,
        0,
        0,
        0,
        0,
        0,
        872,
        865,
        0,
        0,
        0
      ],
      [
        334,
        1,
        0,
        0,
        2,
        0,
        0,
        0,
        0,
        0,
        33,
        0,
        73,
        0,
        10
      ],
      [
        5,
        0,
        0,
        0,
        0,
        0,
        0,
        0,
        0,
        0,
        4,
        0,
        0,
        0,
        0
      ],
      [
        186,
        0,
        0,
        0,
        0,
        0,
        0,
        0,
        0,
        0,
        2,
        0,
        14,
        0,
        5
      ]
    ],
    "class_order": [
      "BENIGN",
      "Bot",
      "DDoS",
      "DoS GoldenEye",
      "DoS Hulk",
      "DoS Slowhttptest",
      "DoS slowloris",
      "FTP-Patator",
      "Heartbleed",
      "Infiltration",
      "PortScan",
      "SSH-Patator",
      "Web Attack - Brute Force",
      "Web Attack - Sql Injection",
      "Web Attack - XSS"
    ]
  },
  "feature_importances": {
    "duration": 0.3599636539387425,
    "tot_pkts": 0.11386396944152795,
    "pkts_bwd": 0.10317534259320045,
    "bytes_bwd": 0.09847815166087419,
    "tot_bytes": 0.09827620481288353,
    "pkts_fwd": 0.09814572933657591,
    "bytes_fwd": 0.08913369750964234,
    "is_tcp": 0.02325826722264588,
    "is_udp": 0.015704983483907153
  },
  "wall_seconds": 17.4
}