{
  "config": {
    "tool": "cicflowmeter-fixed",
    "regime": "common",
    "model": "rf",
    "task": "binary",
    "split": "temporal",
    "seed": 0,
    "include_port": false,
    "dataset": "cicids2017",
    "n_features": 9,
    "subsample_benign": null,
    "max_train": 400000
  },
  "config_hash": "d24f4e9e668d4a16",
  "git_commit": null,
  "n_train": 400000,
  "n_test": 912331,
  "n_test_unseen_class": 0,
  "features": [
    "duration",
    "pkts_fwd",
    "pkts_bwd",
    "bytes_fwd",
    "bytes_bwd",
    "tot_pkts",
    "tot_bytes",
    "is_tcp",
    "is_udp"
  ],
  "metrics": {
    "macro_f1": 0.7029036706429281,
    "weighted_f1": 0.7797936554081277,
    "balanced_accuracy": 0.6763935652967348,
    "per_class": {
      "0": {
        "precision": 0.7925792595123617,
        "recall": 0.999790647806497,
        "f1-score": 0.8842073592846694,
        "support": 649623.0
      },
      "1": {
        "precision": 0.9985356031484532,
        "recall": 0.3529964827869726,
        "f1-score": 0.5215999820011868,
        "support": 262708.0
      }
    },
    "fpr": 0.00020935219350300097,
    "attack_recall": 0.3529964827869726,
    "attack_precision": 0.9985356031484532,
    "auc_pr": 0.5574166766334537,
    "confusion_matrix": [
      [
        649487,
        136
      ],
      [
        169973,
        92735
      ]
    ],
    "class_order": [
      "0",
      "1"
    ]
  },
  "feature_importances": {
    "bytes_bwd": 0.36401512929930885,
    "tot_bytes": 0.25044738498252495,
    "is_tcp": 0.08163987753387922,
    "pkts_bwd": 0.07153581927042943,
    "tot_pkts": 0.06602954928862227,
    "is_udp": 0.05205747881059369,
    "duration": 0.04671531403978973,
    "pkts_fwd": 0.044312310550310076,
    "bytes_fwd": 0.02324713622454179
  },
  "wall_seconds": 11.6
}