{
  "config": {
    "tool": "cicflowmeter-orig",
    "regime": "common",
    "model": "rf",
    "task": "binary",
    "split": "temporal",
    "seed": 1,
    "include_port": false,
    "dataset": "cicids2017",
    "n_features": 9,
    "subsample_benign": null,
    "max_train": 400000
  },
  "config_hash": "a63260a3b93afbbf",
  "git_commit": null,
  "n_train": 400000,
  "n_test": 1105694,
  "n_test_unseen_class": 0,
  "features": [
    "duration",
    "pkts_fwd",
    "pkts_bwd",
    "bytes_fwd",
    "bytes_bwd",
    "tot_pkts",
    "tot_bytes",
    "is_tcp",
    "is_udp"
  ],
  "metrics": {
    "macro_f1": 0.6779599014647959,
    "weighted_f1": 0.7425764910793557,
    "balanced_accuracy": 0.6640381243934357,
    "per_class": {
      "0": {
        "precision": 0.7573475807254066,
        "recall": 0.9967780689527989,
        "f1-score": 0.8607222169974342,
        "support": 748309.0
      },
      "1": {
        "precision": 0.9800433731748501,
        "recall": 0.3312981798340725,
        "f1-score": 0.4951975859321577,
        "support": 357385.0
      }
    },
    "fpr": 0.0032219310472010893,
    "attack_recall": 0.3312981798340725,
    "attack_precision": 0.9800433731748501,
    "auc_pr": 0.9025489830909672,
    "confusion_matrix": [
      [
        745898,
        2411
      ],
      [
        238984,
        118401
      ]
    ],
    "class_order": [
      "0",
      "1"
    ]
  },
  "feature_importances": {
    "duration": 0.1689951757024426,
    "is_tcp": 0.15575076982048783,
    "tot_bytes": 0.11125806585431924,
    "pkts_bwd": 0.10789502476192787,
    "pkts_fwd": 0.1062254255082129,
    "tot_pkts": 0.10093043526181875,
    "is_udp": 0.09077959644918415,
    "bytes_bwd": 0.08652459038860935,
    "bytes_fwd": 0.07164091625299748
  },
  "wall_seconds": 12.0
}