{
  "config": {
    "tool": "cicflowmeter-fixed",
    "regime": "common",
    "model": "rf",
    "task": "multiclass",
    "split": "stratified",
    "seed": 0,
    "include_port": false,
    "dataset": "cicids2017",
    "n_features": 9,
    "subsample_benign": null,
    "max_train": 400000
  },
  "config_hash": "0214d07db582d899",
  "git_commit": null,
  "n_train": 400000,
  "n_test": 631272,
  "n_test_unseen_class": 0,
  "features": [
    "duration",
    "pkts_fwd",
    "pkts_bwd",
    "bytes_fwd",
    "bytes_bwd",
    "tot_pkts",
    "tot_bytes",
    "is_tcp",
    "is_udp"
  ],
  "metrics": {
    "macro_f1": 0.6603786085592648,
    "weighted_f1": 0.9888116081606779,
    "balanced_accuracy": 0.7470568262086538,
    "per_class": {
      "BENIGN": {
        "precision": 0.9984858321512377,
        "recall": 0.9870834045892141,
        "f1-score": 0.9927518782995445,
        "support": 497035.0
      },
      "Bot": {
        "precision": 0.944967414916727,
        "recall": 0.9056210964607911,
        "f1-score": 0.92487597448618,
        "support": 1441.0
      },
      "DDoS": {
        "precision": 1.0,
        "recall": 0.9999303232998885,
        "f1-score": 0.9999651604361913,
        "support": 28704.0
      },
      "DoS GoldenEye": {
        "precision": 0.714902807775378,
        "recall": 0.9931418774110587,
        "f1-score": 0.8313598851811984,
        "support": 2333.0
      },
      "DoS Hulk": {
        "precision": 0.9994973190348525,
        "recall": 0.9995601265159926,
        "f1-score": 0.9995287217887626,
        "support": 47741.0
      },
      "DoS Slowhttptest": {
        "precision": 0.9354413702239789,
        "recall": 0.9262883235485975,
        "f1-score": 0.9308423467715503,
        "support": 1533.0
      },
      "DoS slowloris": {
        "precision": 0.9964601769911504,
        "recall": 0.9825479930191972,
        "f1-score": 0.9894551845342706,
        "support": 1719.0
      },
      "FTP-Patator": {
        "precision": 1.0,
        "recall": 1.0,
        "f1-score": 1.0,
        "support": 1199.0
      },
      "Heartbleed": {
        "precision": 0.011627906976744186,
        "recall": 1.0,
        "f1-score": 0.022988505747126436,
        "support": 3.0
      },
      "Infiltration": {
        "precision": 0.06382978723404255,
        "recall": 0.2608695652173913,
        "f1-score": 0.10256410256410256,
        "support": 23.0
      },
      "PortScan": {
        "precision": 0.9124852588732073,
        "recall": 0.9988132417239225,
        "f1-score": 0.9536996540893006,
        "support": 48030.0
      },
      "SSH-Patator": {
        "precision": 0.997716894977169,
        "recall": 0.9754464285714286,
        "f1-score": 0.9864559819413092,
        "support": 896.0
      },
      "Web Attack - Brute Force": {
        "precision": 0.133630289532294,
        "recall": 0.1466992665036675,
        "f1-score": 0.13986013986013987,
        "support": 409.0
      },
      "Web Attack - Sql Injection": {
        "precision": 0.0,
        "recall": 0.0,
        "f1-score": 0.0,
        "support": 5.0
      },
      "Web Attack - XSS": {
        "precision": 0.03296703296703297,
        "recall": 0.029850746268656716,
        "f1-score": 0.031331592689295036,
        "support": 201.0
      }
    },
    "confusion_matrix": [
      [
        490615,
        47,
        0,
        865,
        12,
        88,
        3,
        0,
        255,
        1,
        4601,
        2,
        379,
        0,
        167
      ],
      [
        42,
        1305,
        0,
        0,
        9,
        0,
        0,
        0,
        0,
        85,
        0,
        0,
        0,
        0,
        0
      ],
      [
        2,
        0,
        28702,
        0,
        0,
        0,
        0,
        0,
        0,
        0,
        0,
        0,
        0,
        0,
        0
      ],
      [
        4,
        6,
        0,
        2317,
        3,
        2,
        0,
        0,
        0,
        1,
        0,
        0,
        0,
        0,
        0
      ],
      [
        8,
        1,
        0,
        11,
        47720,
        1,
        0,
        0,
        0,
        0,
        0,
        0,
        0,
        0,
        0
      ],
      [
        109,
        0,
        0,
        0,
        0,
        1420,
        3,
        0,
        0,
        0,
        0,
        0,
        1,
        0,
        0
      ],
      [
        14,
        0,
        0,
        9,
        0,
        7,
        1689,
        0,
        0,
        0,
        0,
        0,
        0,
        0,
        0
      ],
      [
        0,
        0,
        0,
        0,
        0,
        0,
        0,
        1199,
        0,
        0,
        0,
        0,
        0,
        0,
        0
      ],
      [
        0,
        0,
        0,
        0,
        0,
        0,
        0,
        0,
        3,
        0,
        0,
        0,
        0,
        0,
        0
      ],
      [
        7,
        10,
        0,
        0,
        0,
        0,
        0,
        0,
        0,
        6,
        0,
        0,
        0,
        0,
        0
      ],
      [
        5,
        12,
        0,
        39,
        0,
        0,
        0,
        0,
        0,
        1,
        47973,
        0,
        0,
        0,
        0
      ],
      [
        22,
        0,
        0,
        0,
        0,
        0,
        0,
        0,
        0,
        0,
        0,
        874,
        0,
        0,
        0
      ],
      [
        340,
        0,
        0,
        0,
        0,
        0,
        0,
        0,
        0,
        0,
        0,
        0,
        60,
        0,
        9
      ],
      [
        5,
        0,
        0,
        0,
        0,
        0,
        0,
        0,
        0,
        0,
        0,
        0,
        0,
        0,
        0
      ],
      [
        186,
        0,
        0,
        0,
        0,
        0,
        0,
        0,
        0,
        0,
        0,
        0,
        9,
        0,
        6
      ]
    ],
    "class_order": [
      "BENIGN",
      "Bot",
      "DDoS",
      "DoS GoldenEye",
      "DoS Hulk",
      "DoS Slowhttptest",
      "DoS slowloris",
      "FTP-Patator",
      "Heartbleed",
      "Infiltration",
      "PortScan",
      "SSH-Patator",
      "Web Attack - Brute Force",
      "Web Attack - Sql Injection",
      "Web Attack - XSS"
    ]
  },
  "feature_importances": {
    "duration": 0.30209462780506785,
    "bytes_bwd": 0.156990610522639,
    "tot_bytes": 0.12130306556678536,
    "bytes_fwd": 0.11412847042443908,
    "tot_pkts": 0.09999615540536451,
    "pkts_bwd": 0.098686787120582,
    "pkts_fwd": 0.07509632689550667,
    "is_tcp": 0.01911257230223232,
    "is_udp": 0.0125913839573833
  },
  "wall_seconds": 16.1
}