{
  "config": {
    "tool": "go-flows",
    "regime": "common",
    "model": "rf",
    "task": "binary",
    "split": "temporal",
    "seed": 0,
    "include_port": false,
    "dataset": "cicids2017",
    "n_features": 9,
    "subsample_benign": null,
    "max_train": 400000
  },
  "config_hash": "dac8113fe994a8dc",
  "git_commit": null,
  "n_train": 400000,
  "n_test": 975107,
  "n_test_unseen_class": 0,
  "features": [
    "duration",
    "pkts_fwd",
    "pkts_bwd",
    "bytes_fwd",
    "bytes_bwd",
    "tot_pkts",
    "tot_bytes",
    "is_tcp",
    "is_udp"
  ],
  "metrics": {
    "macro_f1": 0.6296872123612778,
    "weighted_f1": 0.7282914001204337,
    "balanced_accuracy": 0.6183141913483536,
    "per_class": {
      "0": {
        "precision": 0.7846112635473151,
        "recall": 0.9138803119461781,
        "f1-score": 0.8443265738056671,
        "support": 711533.0
      },
      "1": {
        "precision": 0.5812839523044859,
        "recall": 0.32274807075052925,
        "f1-score": 0.41504785091688845,
        "support": 263574.0
      }
    },
    "fpr": 0.08611968805382182,
    "attack_recall": 0.32274807075052925,
    "attack_precision": 0.5812839523044859,
    "auc_pr": 0.5046302938530027,
    "confusion_matrix": [
      [
        650256,
        61277
      ],
      [
        178506,
        85068
      ]
    ],
    "class_order": [
      "0",
      "1"
    ]
  },
  "feature_importances": {
    "bytes_bwd": 0.21705652836757608,
    "pkts_bwd": 0.19021706905063998,
    "tot_pkts": 0.15825369509703446,
    "tot_bytes": 0.14689168772918804,
    "bytes_fwd": 0.1094143531829816,
    "pkts_fwd": 0.09680849702625532,
    "duration": 0.08135816954632462
  },
  "wall_seconds": 10.5
}