{
  "config": {
    "tool": "go-flows",
    "regime": "common",
    "model": "rf",
    "task": "multiclass",
    "split": "stratified",
    "seed": 1,
    "include_port": false,
    "dataset": "cicids2017",
    "n_features": 9,
    "subsample_benign": null,
    "max_train": 400000
  },
  "config_hash": "495034cf41fb40a1",
  "git_commit": null,
  "n_train": 400000,
  "n_test": 715704,
  "n_test_unseen_class": 0,
  "features": [
    "duration",
    "pkts_fwd",
    "pkts_bwd",
    "bytes_fwd",
    "bytes_bwd",
    "tot_pkts",
    "tot_bytes",
    "is_tcp",
    "is_udp"
  ],
  "metrics": {
    "macro_f1": 0.560025078256471,
    "weighted_f1": 0.918652639305444,
    "balanced_accuracy": 0.7242626830953193,
    "per_class": {
      "BENIGN": {
        "precision": 0.998443809587641,
        "recall": 0.8827935762487129,
        "f1-score": 0.9370638580600014,
        "support": 539996.0
      },
      "Bot": {
        "precision": 0.0751329328085077,
        "recall": 0.7550312283136711,
        "f1-score": 0.13666624795879914,
        "support": 1441.0
      },
      "DDoS": {
        "precision": 0.9991985224936405,
        "recall": 0.9984330930742714,
        "f1-score": 0.998815661139752,
        "support": 28719.0
      },
      "DoS GoldenEye": {
        "precision": 0.947935368043088,
        "recall": 0.9194601654331737,
        "f1-score": 0.9334806629834255,
        "support": 2297.0
      },
      "DoS Hulk": {
        "precision": 0.6873360440713536,
        "recall": 0.9493314009443041,
        "f1-score": 0.7973638036547267,
        "support": 88319.0
      },
      "DoS Slowhttptest": {
        "precision": 0.9209039548022598,
        "recall": 0.9666419570051891,
        "f1-score": 0.9432188065099457,
        "support": 1349.0
      },
      "DoS slowloris": {
        "precision": 0.9880329094988781,
        "recall": 0.9756277695716395,
        "f1-score": 0.9817911557041992,
        "support": 1354.0
      },
      "FTP-Patator": {
        "precision": 0.2578530456159519,
        "recall": 0.7824285122254455,
        "f1-score": 0.3878787878787879,
        "support": 2413.0
      },
      "Heartbleed": {
        "precision": 0.0,
        "recall": 0.0,
        "f1-score": 0.0,
        "support": 0.0
      },
      "Infiltration": {
        "precision": 0.001715686274509804,
        "recall": 0.4666666666666667,
        "f1-score": 0.003418803418803419,
        "support": 15.0
      },
      "PortScan": {
        "precision": 0.8954315478968691,
        "recall": 0.9934339982186872,
        "f1-score": 0.9418903792148622,
        "support": 48279.0
      },
      "SSH-Patator": {
        "precision": 0.9954802259887006,
        "recall": 0.9745575221238938,
        "f1-score": 0.9849077697037452,
        "support": 904.0
      },
      "Web Attack - Brute Force": {
        "precision": 0.19456366237482117,
        "recall": 0.33170731707317075,
        "f1-score": 0.24526600541027954,
        "support": 410.0
      },
      "Web Attack - Sql Injection": {
        "precision": 0.0,
        "recall": 0.0,
        "f1-score": 0.0,
        "support": 6.0
      },
      "Web Attack - XSS": {
        "precision": 0.08734939759036145,
        "recall": 0.14356435643564355,
        "f1-score": 0.10861423220973783,
        "support": 202.0
      }
    },
    "confusion_matrix": [
      [
        476705,
        9823,
        5,
        62,
        37334,
        112,
        8,
        4272,
        1228,
        4058,
        5588,
        4,
        525,
        2,
        270
      ],
      [
        35,
        1088,
        0,
        0,
        4,
        0,
        0,
        314,
        0,
        0,
        0,
        0,
        0,
        0,
        0
      ],
      [
        11,
        0,
        28674,
        3,
        31,
        0,
        0,
        0,
        0,
        0,
        0,
        0,
        0,
        0,
        0
      ],
      [
        109,
        0,
        7,
        2112,
        62,
        0,
        0,
        0,
        0,
        7,
        0,
        0,
        0,
        0,
        0
      ],
      [
        37,
        3528,
        11,
        50,
        83844,
        0,
        0,
        837,
        0,
        8,
        4,
        0,
        0,
        0,
        0
      ],
      [
        36,
        0,
        0,
        1,
        0,
        1304,
        8,
        0,
        0,
        0,
        0,
        0,
        0,
        0,
        0
      ],
      [
        24,
        0,
        0,
        0,
        0,
        0,
        1321,
        0,
        0,
        0,
        9,
        0,
        0,
        0,
        0
      ],
      [
        20,
        39,
        0,
        0,
        466,
        0,
        0,
        1888,
        0,
        0,
        0,
        0,
        0,
        0,
        0
      ],
      [
        0,
        0,
        0,
        0,
        0,
        0,
        0,
        0,
        0,
        0,
        0,
        0,
        0,
        0,
        0
      ],
      [
        1,
        3,
        0,
        0,
        0,
        0,
        0,
        4,
        0,
        7,
        0,
        0,
        0,
        0,
        0
      ],
      [
        74,
        0,
        0,
        0,
        241,
        0,
        0,
        0,
        0,
        0,
        47962,
        0,
        0,
        1,
        1
      ],
      [
        15,
        0,
        0,
        0,
        1,
        0,
        0,
        7,
        0,
        0,
        0,
        881,
        0,
        0,
        0
      ],
      [
        241,
        0,
        0,
        0,
        1,
        0,
        0,
        0,
        0,
        0,
        0,
        0,
        136,
        0,
        32
      ],
      [
        6,
        0,
        0,
        0,
        0,
        0,
        0,
        0,
        0,
        0,
        0,
        0,
        0,
        0,
        0
      ],
      [
        134,
        0,
        0,
        0,
        0,
        0,
        0,
        0,
        0,
        0,
        0,
        0,
        38,
        1,
        29
      ]
    ],
    "class_order": [
      "BENIGN",
      "Bot",
      "DDoS",
      "DoS GoldenEye",
      "DoS Hulk",
      "DoS Slowhttptest",
      "DoS slowloris",
      "FTP-Patator",
      "Heartbleed",
      "Infiltration",
      "PortScan",
      "SSH-Patator",
      "Web Attack - Brute Force",
      "Web Attack - Sql Injection",
      "Web Attack - XSS"
    ]
  },
  "feature_importances": {
    "duration": 0.2928991914438077,
    "pkts_bwd": 0.2247618258568146,
    "bytes_bwd": 0.21115448548972568,
    "bytes_fwd": 0.12112195684831453,
    "pkts_fwd": 0.1152876352709456,
    "tot_pkts": 0.024081675251243245,
    "tot_bytes": 0.010693229839148602
  },
  "wall_seconds": 15.1
}