{
  "config": {
    "tool": "joy",
    "regime": "common",
    "model": "xgb",
    "task": "multiclass",
    "split": "stratified",
    "seed": 2,
    "include_port": false,
    "dataset": "cicids2017",
    "n_features": 9,
    "subsample_benign": null,
    "max_train": 400000
  },
  "config_hash": "c2a3fbb6b3264561",
  "git_commit": null,
  "n_train": 400000,
  "n_test": 867633,
  "n_test_unseen_class": 0,
  "features": [
    "duration",
    "pkts_fwd",
    "pkts_bwd",
    "bytes_fwd",
    "bytes_bwd",
    "tot_pkts",
    "tot_bytes",
    "is_tcp",
    "is_udp"
  ],
  "metrics": {
    "macro_f1": 0.7158470535803514,
    "weighted_f1": 0.9869594000681788,
    "balanced_accuracy": 0.6689054284541395,
    "per_class": {
      "BENIGN": {
        "precision": 0.987491502565302,
        "recall": 0.9988419953098735,
        "f1-score": 0.9931343189137065,
        "support": 722795.0
      },
      "Bot": {
        "precision": 0.9980988593155894,
        "recall": 0.7954545454545454,
        "f1-score": 0.8853288364249579,
        "support": 660.0
      },
      "DDoS": {
        "precision": 1.0,
        "recall": 0.8582870469819253,
        "f1-score": 0.9237400092476385,
        "support": 32587.0
      },
      "DoS GoldenEye": {
        "precision": 0.9864253393665159,
        "recall": 0.7860576923076923,
        "f1-score": 0.8749163879598663,
        "support": 3328.0
      },
      "DoS Hulk": {
        "precision": 0.9992878686327078,
        "recall": 0.9711761592639335,
        "f1-score": 0.9850314854960256,
        "support": 49126.0
      },
      "DoS Slowhttptest": {
        "precision": 0.9165111940298507,
        "recall": 0.48978065802592224,
        "f1-score": 0.6384015594541911,
        "support": 4012.0
      },
      "DoS slowloris": {
        "precision": 0.9270675059691773,
        "recall": 0.9932558139534884,
        "f1-score": 0.9590209947232514,
        "support": 4300.0
      },
      "FTP-Patator": {
        "precision": 1.0,
        "recall": 0.9933277731442869,
        "f1-score": 0.9966527196652719,
        "support": 1199.0
      },
      "Heartbleed": {
        "precision": 1.0,
        "recall": 0.75,
        "f1-score": 0.8571428571428571,
        "support": 12.0
      },
      "Infiltration": {
        "precision": 0.8666666666666667,
        "recall": 0.3170731707317073,
        "f1-score": 0.4642857142857143,
        "support": 41.0
      },
      "PortScan": {
        "precision": 0.9844298110652964,
        "recall": 0.9991255465334166,
        "f1-score": 0.9917232400260393,
        "support": 48030.0
      },
      "SSH-Patator": {
        "precision": 0.9966254218222722,
        "recall": 0.987736900780379,
        "f1-score": 0.9921612541993281,
        "support": 897.0
      },
      "Web Attack - Brute Force": {
        "precision": 0.9375,
        "recall": 0.06976744186046512,
        "f1-score": 0.12987012987012986,
        "support": 430.0
      },
      "Web Attack - Sql Injection": {
        "precision": 0.0,
        "recall": 0.0,
        "f1-score": 0.0,
        "support": 5.0
      },
      "Web Attack - XSS": {
        "precision": 1.0,
        "recall": 0.023696682464454975,
        "f1-score": 0.046296296296296294,
        "support": 211.0
      }
    },
    "confusion_matrix": [
      [
        721958,
        1,
        0,
        15,
        15,
        155,
        3,
        0,
        0,
        2,
        641,
        3,
        2,
        0,
        0
      ],
      [
        135,
        525,
        0,
        0,
        0,
        0,
        0,
        0,
        0,
        0,
        0,
        0,
        0,
        0,
        0
      ],
      [
        4618,
        0,
        27969,
        0,
        0,
        0,
        0,
        0,
        0,
        0,
        0,
        0,
        0,
        0,
        0
      ],
      [
        679,
        0,
        0,
        2616,
        16,
        12,
        5,
        0,
        0,
        0,
        0,
        0,
        0,
        0,
        0
      ],
      [
        1286,
        0,
        0,
        17,
        47710,
        2,
        0,
        0,
        0,
        0,
        111,
        0,
        0,
        0,
        0
      ],
      [
        1711,
        0,
        0,
        4,
        3,
        1965,
        328,
        0,
        0,
        0,
        1,
        0,
        0,
        0,
        0
      ],
      [
        20,
        0,
        0,
        0,
        0,
        9,
        4271,
        0,
        0,
        0,
        0,
        0,
        0,
        0,
        0
      ],
      [
        8,
        0,
        0,
        0,
        0,
        0,
        0,
        1191,
        0,
        0,
        0,
        0,
        0,
        0,
        0
      ],
      [
        3,
        0,
        0,
        0,
        0,
        0,
        0,
        0,
        9,
        0,
        0,
        0,
        0,
        0,
        0
      ],
      [
        21,
        0,
        0,
        0,
        0,
        1,
        0,
        0,
        0,
        13,
        6,
        0,
        0,
        0,
        0
      ],
      [
        42,
        0,
        0,
        0,
        0,
        0,
        0,
        0,
        0,
        0,
        47988,
        0,
        0,
        0,
        0
      ],
      [
        11,
        0,
        0,
        0,
        0,
        0,
        0,
        0,
        0,
        0,
        0,
        886,
        0,
        0,
        0
      ],
      [
        400,
        0,
        0,
        0,
        0,
        0,
        0,
        0,
        0,
        0,
        0,
        0,
        30,
        0,
        0
      ],
      [
        5,
        0,
        0,
        0,
        0,
        0,
        0,
        0,
        0,
        0,
        0,
        0,
        0,
        0,
        0
      ],
      [
        206,
        0,
        0,
        0,
        0,
        0,
        0,
        0,
        0,
        0,
        0,
        0,
        0,
        0,
        5
      ]
    ],
    "class_order": [
      "BENIGN",
      "Bot",
      "DDoS",
      "DoS GoldenEye",
      "DoS Hulk",
      "DoS Slowhttptest",
      "DoS slowloris",
      "FTP-Patator",
      "Heartbleed",
      "Infiltration",
      "PortScan",
      "SSH-Patator",
      "Web Attack - Brute Force",
      "Web Attack - Sql Injection",
      "Web Attack - XSS"
    ]
  },
  "feature_importances": {
    "tot_bytes": 0.4214385151863098,
    "bytes_bwd": 0.19832324981689453,
    "tot_pkts": 0.11858206242322922,
    "pkts_bwd": 0.07804923504590988,
    "bytes_fwd": 0.07408729195594788,
    "duration": 0.06280727684497833,
    "is_tcp": 0.019377553835511208,
    "is_udp": 0.0175109151750803,
    "pkts_fwd": 0.00982385128736496
  },
  "wall_seconds": 42.1
}