{
  "config": {
    "tool": "joy",
    "regime": "common",
    "model": "xgb",
    "task": "multiclass",
    "split": "stratified",
    "seed": 1,
    "include_port": false,
    "dataset": "cicids2017",
    "n_features": 9,
    "subsample_benign": null,
    "max_train": 400000
  },
  "config_hash": "13809b44b426bfe8",
  "git_commit": null,
  "n_train": 400000,
  "n_test": 867633,
  "n_test_unseen_class": 0,
  "features": [
    "duration",
    "pkts_fwd",
    "pkts_bwd",
    "bytes_fwd",
    "bytes_bwd",
    "tot_pkts",
    "tot_bytes",
    "is_tcp",
    "is_udp"
  ],
  "metrics": {
    "macro_f1": 0.7099946700479761,
    "weighted_f1": 0.9869630566594787,
    "balanced_accuracy": 0.6639262127646446,
    "per_class": {
      "BENIGN": {
        "precision": 0.9874482309623981,
        "recall": 0.9988378447554286,
        "f1-score": 0.9931103831210233,
        "support": 722795.0
      },
      "Bot": {
        "precision": 0.9460708782742681,
        "recall": 0.9303030303030303,
        "f1-score": 0.9381207028265852,
        "support": 660.0
      },
      "DDoS": {
        "precision": 1.0,
        "recall": 0.8578267407248289,
        "f1-score": 0.9234733486397648,
        "support": 32587.0
      },
      "DoS GoldenEye": {
        "precision": 0.9911436272622256,
        "recall": 0.7734375,
        "f1-score": 0.8688607594936709,
        "support": 3328.0
      },
      "DoS Hulk": {
        "precision": 0.9994546064775969,
        "recall": 0.9698733868012865,
        "f1-score": 0.9844418273104816,
        "support": 49126.0
      },
      "DoS Slowhttptest": {
        "precision": 0.9407582938388626,
        "recall": 0.49476570289132604,
        "f1-score": 0.6484808885984972,
        "support": 4012.0
      },
      "DoS slowloris": {
        "precision": 0.928416485900217,
        "recall": 0.9953488372093023,
        "f1-score": 0.9607182940516273,
        "support": 4300.0
      },
      "FTP-Patator": {
        "precision": 1.0,
        "recall": 0.9983319432860718,
        "f1-score": 0.9991652754590985,
        "support": 1199.0
      },
      "Heartbleed": {
        "precision": 1.0,
        "recall": 0.5833333333333334,
        "f1-score": 0.7368421052631579,
        "support": 12.0
      },
      "Infiltration": {
        "precision": 0.7692307692307693,
        "recall": 0.24390243902439024,
        "f1-score": 0.37037037037037035,
        "support": 41.0
      },
      "PortScan": {
        "precision": 0.9837773539244037,
        "recall": 0.9987091401207578,
        "f1-score": 0.9911870150533635,
        "support": 48030.0
      },
      "SSH-Patator": {
        "precision": 0.9988649262202043,
        "recall": 0.9810479375696767,
        "f1-score": 0.9898762654668166,
        "support": 897.0
      },
      "Web Attack - Brute Force": {
        "precision": 0.9555555555555556,
        "recall": 0.1,
        "f1-score": 0.18105263157894738,
        "support": 430.0
      },
      "Web Attack - Sql Injection": {
        "precision": 0.0,
        "recall": 0.0,
        "f1-score": 0.0,
        "support": 5.0
      },
      "Web Attack - XSS": {
        "precision": 1.0,
        "recall": 0.03317535545023697,
        "f1-score": 0.06422018348623854,
        "support": 211.0
      }
    },
    "confusion_matrix": [
      [
        721955,
        35,
        0,
        9,
        6,
        104,
        7,
        0,
        0,
        3,
        673,
        1,
        2,
        0,
        0
      ],
      [
        46,
        614,
        0,
        0,
        0,
        0,
        0,
        0,
        0,
        0,
        0,
        0,
        0,
        0,
        0
      ],
      [
        4633,
        0,
        27954,
        0,
        0,
        0,
        0,
        0,
        0,
        0,
        0,
        0,
        0,
        0,
        0
      ],
      [
        719,
        0,
        0,
        2574,
        20,
        12,
        3,
        0,
        0,
        0,
        0,
        0,
        0,
        0,
        0
      ],
      [
        1358,
        0,
        0,
        5,
        47646,
        4,
        0,
        0,
        0,
        0,
        113,
        0,
        0,
        0,
        0
      ],
      [
        1699,
        0,
        0,
        7,
        0,
        1985,
        320,
        0,
        0,
        0,
        1,
        0,
        0,
        0,
        0
      ],
      [
        14,
        0,
        0,
        1,
        0,
        5,
        4280,
        0,
        0,
        0,
        0,
        0,
        0,
        0,
        0
      ],
      [
        2,
        0,
        0,
        0,
        0,
        0,
        0,
        1197,
        0,
        0,
        0,
        0,
        0,
        0,
        0
      ],
      [
        5,
        0,
        0,
        0,
        0,
        0,
        0,
        0,
        7,
        0,
        0,
        0,
        0,
        0,
        0
      ],
      [
        27,
        0,
        0,
        0,
        0,
        0,
        0,
        0,
        0,
        10,
        4,
        0,
        0,
        0,
        0
      ],
      [
        62,
        0,
        0,
        0,
        0,
        0,
        0,
        0,
        0,
        0,
        47968,
        0,
        0,
        0,
        0
      ],
      [
        17,
        0,
        0,
        0,
        0,
        0,
        0,
        0,
        0,
        0,
        0,
        880,
        0,
        0,
        0
      ],
      [
        387,
        0,
        0,
        0,
        0,
        0,
        0,
        0,
        0,
        0,
        0,
        0,
        43,
        0,
        0
      ],
      [
        4,
        0,
        0,
        1,
        0,
        0,
        0,
        0,
        0,
        0,
        0,
        0,
        0,
        0,
        0
      ],
      [
        204,
        0,
        0,
        0,
        0,
        0,
        0,
        0,
        0,
        0,
        0,
        0,
        0,
        0,
        7
      ]
    ],
    "class_order": [
      "BENIGN",
      "Bot",
      "DDoS",
      "DoS GoldenEye",
      "DoS Hulk",
      "DoS Slowhttptest",
      "DoS slowloris",
      "FTP-Patator",
      "Heartbleed",
      "Infiltration",
      "PortScan",
      "SSH-Patator",
      "Web Attack - Brute Force",
      "Web Attack - Sql Injection",
      "Web Attack - XSS"
    ]
  },
  "feature_importances": {
    "tot_bytes": 0.4149762988090515,
    "bytes_bwd": 0.192986860871315,
    "pkts_bwd": 0.12026432156562805,
    "tot_pkts": 0.09412850439548492,
    "bytes_fwd": 0.0705336481332779,
    "duration": 0.06237392500042915,
    "is_tcp": 0.019701696932315826,
    "is_udp": 0.016859693452715874,
    "pkts_fwd": 0.008175111375749111
  },
  "wall_seconds": 41.3
}