{
  "config": {
    "tool": "joy",
    "regime": "common",
    "model": "rf",
    "task": "multiclass",
    "split": "stratified",
    "seed": 2,
    "include_port": false,
    "dataset": "cicids2017",
    "n_features": 9,
    "subsample_benign": null,
    "max_train": 400000
  },
  "config_hash": "bbff111a240d4b24",
  "git_commit": null,
  "n_train": 400000,
  "n_test": 867633,
  "n_test_unseen_class": 0,
  "features": [
    "duration",
    "pkts_fwd",
    "pkts_bwd",
    "bytes_fwd",
    "bytes_bwd",
    "tot_pkts",
    "tot_bytes",
    "is_tcp",
    "is_udp"
  ],
  "metrics": {
    "macro_f1": 0.6647585637375156,
    "weighted_f1": 0.9870517554196874,
    "balanced_accuracy": 0.6725567813830752,
    "per_class": {
      "BENIGN": {
        "precision": 0.9988485565784405,
        "recall": 0.9901382826389226,
        "f1-score": 0.9944743473678287,
        "support": 722795.0
      },
      "Bot": {
        "precision": 0.9455676516329704,
        "recall": 0.9212121212121213,
        "f1-score": 0.9332310053722179,
        "support": 660.0
      },
      "DDoS": {
        "precision": 1.0,
        "recall": 0.8582870469819253,
        "f1-score": 0.9237400092476385,
        "support": 32587.0
      },
      "DoS GoldenEye": {
        "precision": 0.9901440485216073,
        "recall": 0.7848557692307693,
        "f1-score": 0.8756285618504861,
        "support": 3328.0
      },
      "DoS Hulk": {
        "precision": 0.9990786112158144,
        "recall": 0.9711761592639335,
        "f1-score": 0.9849298100743188,
        "support": 49126.0
      },
      "DoS Slowhttptest": {
        "precision": 0.23568510275016769,
        "recall": 0.9633599202392822,
        "f1-score": 0.3787173582871981,
        "support": 4012.0
      },
      "DoS slowloris": {
        "precision": 0.9909533750869868,
        "recall": 0.9934883720930232,
        "f1-score": 0.9922192544419928,
        "support": 4300.0
      },
      "FTP-Patator": {
        "precision": 0.999163179916318,
        "recall": 0.9958298582151793,
        "f1-score": 0.9974937343358395,
        "support": 1199.0
      },
      "Heartbleed": {
        "precision": 1.0,
        "recall": 0.25,
        "f1-score": 0.4,
        "support": 12.0
      },
      "Infiltration": {
        "precision": 1.0,
        "recall": 0.1951219512195122,
        "f1-score": 0.32653061224489793,
        "support": 41.0
      },
      "PortScan": {
        "precision": 0.9846814102958993,
        "recall": 0.9983968353112638,
        "f1-score": 0.9914916932874319,
        "support": 48030.0
      },
      "SSH-Patator": {
        "precision": 1.0,
        "recall": 0.9866220735785953,
        "f1-score": 0.9932659932659933,
        "support": 897.0
      },
      "Web Attack - Brute Force": {
        "precision": 0.1334841628959276,
        "recall": 0.1372093023255814,
        "f1-score": 0.1353211009174312,
        "support": 430.0
      },
      "Web Attack - Sql Injection": {
        "precision": 0.0,
        "recall": 0.0,
        "f1-score": 0.0,
        "support": 5.0
      },
      "Web Attack - XSS": {
        "precision": 0.046153846153846156,
        "recall": 0.04265402843601896,
        "f1-score": 0.04433497536945813,
        "support": 211.0
      }
    },
    "confusion_matrix": [
      [
        715667,
        35,
        0,
        9,
        7,
        5880,
        4,
        1,
        0,
        0,
        644,
        0,
        372,
        0,
        176
      ],
      [
        52,
        608,
        0,
        0,
        0,
        0,
        0,
        0,
        0,
        0,
        0,
        0,
        0,
        0,
        0
      ],
      [
        1,
        0,
        27969,
        0,
        0,
        4617,
        0,
        0,
        0,
        0,
        0,
        0,
        0,
        0,
        0
      ],
      [
        17,
        0,
        0,
        2612,
        10,
        683,
        6,
        0,
        0,
        0,
        0,
        0,
        0,
        0,
        0
      ],
      [
        12,
        0,
        0,
        12,
        47710,
        1296,
        0,
        0,
        0,
        0,
        96,
        0,
        0,
        0,
        0
      ],
      [
        113,
        0,
        0,
        5,
        0,
        3865,
        29,
        0,
        0,
        0,
        0,
        0,
        0,
        0,
        0
      ],
      [
        10,
        0,
        0,
        0,
        0,
        18,
        4272,
        0,
        0,
        0,
        0,
        0,
        0,
        0,
        0
      ],
      [
        5,
        0,
        0,
        0,
        0,
        0,
        0,
        1194,
        0,
        0,
        0,
        0,
        0,
        0,
        0
      ],
      [
        9,
        0,
        0,
        0,
        0,
        0,
        0,
        0,
        3,
        0,
        0,
        0,
        0,
        0,
        0
      ],
      [
        26,
        0,
        0,
        0,
        0,
        1,
        0,
        0,
        0,
        8,
        6,
        0,
        0,
        0,
        0
      ],
      [
        12,
        0,
        0,
        0,
        26,
        39,
        0,
        0,
        0,
        0,
        47953,
        0,
        0,
        0,
        0
      ],
      [
        12,
        0,
        0,
        0,
        0,
        0,
        0,
        0,
        0,
        0,
        0,
        885,
        0,
        0,
        0
      ],
      [
        360,
        0,
        0,
        0,
        1,
        0,
        0,
        0,
        0,
        0,
        0,
        0,
        59,
        0,
        10
      ],
      [
        5,
        0,
        0,
        0,
        0,
        0,
        0,
        0,
        0,
        0,
        0,
        0,
        0,
        0,
        0
      ],
      [
        191,
        0,
        0,
        0,
        0,
        0,
        0,
        0,
        0,
        0,
        0,
        0,
        11,
        0,
        9
      ]
    ],
    "class_order": [
      "BENIGN",
      "Bot",
      "DDoS",
      "DoS GoldenEye",
      "DoS Hulk",
      "DoS Slowhttptest",
      "DoS slowloris",
      "FTP-Patator",
      "Heartbleed",
      "Infiltration",
      "PortScan",
      "SSH-Patator",
      "Web Attack - Brute Force",
      "Web Attack - Sql Injection",
      "Web Attack - XSS"
    ]
  },
  "feature_importances": {
    "duration": 0.22174020257622507,
    "tot_bytes": 0.16199823781770542,
    "tot_pkts": 0.14548239442970864,
    "bytes_fwd": 0.13201437158585186,
    "bytes_bwd": 0.13047353401596987,
    "pkts_bwd": 0.10336917932212125,
    "pkts_fwd": 0.07709551804729549,
    "is_tcp": 0.01631438871811162,
    "is_udp": 0.01151217348701087
  },
  "wall_seconds": 18.3
}