{
  "config": {
    "tool": "nfstream",
    "regime": "common",
    "model": "rf",
    "task": "binary",
    "split": "temporal",
    "seed": 1,
    "include_port": false,
    "dataset": "cicids2017",
    "n_features": 9,
    "subsample_benign": null,
    "max_train": 400000
  },
  "config_hash": "8abc8d3a709c0195",
  "git_commit": null,
  "n_train": 400000,
  "n_test": 844229,
  "n_test_unseen_class": 0,
  "features": [
    "duration",
    "pkts_fwd",
    "pkts_bwd",
    "bytes_fwd",
    "bytes_bwd",
    "tot_pkts",
    "tot_bytes",
    "is_tcp",
    "is_udp"
  ],
  "metrics": {
    "macro_f1": 0.4726979204612833,
    "weighted_f1": 0.6467340830122048,
    "balanced_accuracy": 0.5247212671469399,
    "per_class": {
      "0": {
        "precision": 0.7401733770819422,
        "recall": 0.9996026210789243,
        "f1-score": 0.8505454133935423,
        "support": 616540.0
      },
      "1": {
        "precision": 0.9788665574053308,
        "recall": 0.04983991321495549,
        "f1-score": 0.09485042752902433,
        "support": 227689.0
      }
    },
    "fpr": 0.0003973789210756804,
    "attack_recall": 0.04983991321495549,
    "attack_precision": 0.9788665574053308,
    "auc_pr": 0.8866708468053396,
    "confusion_matrix": [
      [
        616295,
        245
      ],
      [
        216341,
        11348
      ]
    ],
    "class_order": [
      "0",
      "1"
    ]
  },
  "feature_importances": {
    "duration": 0.3183828741136521,
    "is_tcp": 0.14522768242946502,
    "bytes_bwd": 0.08853298872648599,
    "bytes_fwd": 0.08792061263983218,
    "is_udp": 0.08755116046841332,
    "pkts_bwd": 0.08482129026324375,
    "tot_bytes": 0.0723709468457886,
    "tot_pkts": 0.06442507425695007,
    "pkts_fwd": 0.05076737025616896
  },
  "wall_seconds": 10.5
}