{
  "config": {
    "tool": "nfstream",
    "regime": "common",
    "model": "xgb",
    "task": "binary",
    "split": "temporal",
    "seed": 2,
    "include_port": false,
    "dataset": "cicids2017",
    "n_features": 9,
    "subsample_benign": null,
    "max_train": 400000
  },
  "config_hash": "1a4eccb891b8add7",
  "git_commit": null,
  "n_train": 400000,
  "n_test": 844229,
  "n_test_unseen_class": 0,
  "features": [
    "duration",
    "pkts_fwd",
    "pkts_bwd",
    "bytes_fwd",
    "bytes_bwd",
    "tot_pkts",
    "tot_bytes",
    "is_tcp",
    "is_udp"
  ],
  "metrics": {
    "macro_f1": 0.9800395809657022,
    "weighted_f1": 0.9843888411780785,
    "balanced_accuracy": 0.9730452553451818,
    "per_class": {
      "0": {
        "precision": 0.9811774199207101,
        "recall": 0.9979287637460668,
        "f1-score": 0.9894821993460952,
        "support": 616540.0
      },
      "1": {
        "precision": 0.9941196244295759,
        "recall": 0.9481617469442968,
        "f1-score": 0.9705969625853093,
        "support": 227689.0
      }
    },
    "fpr": 0.0020712362539332405,
    "attack_recall": 0.9481617469442968,
    "attack_precision": 0.9941196244295759,
    "auc_pr": 0.9880370895262707,
    "confusion_matrix": [
      [
        615263,
        1277
      ],
      [
        11803,
        215886
      ]
    ],
    "class_order": [
      "0",
      "1"
    ]
  },
  "feature_importances": {
    "is_tcp": 0.407894492149353,
    "is_udp": 0.20646455883979797,
    "duration": 0.16741472482681274,
    "pkts_bwd": 0.06206541135907173,
    "tot_pkts": 0.05598727986216545,
    "bytes_bwd": 0.044364944100379944,
    "tot_bytes": 0.04040597751736641,
    "bytes_fwd": 0.00810171291232109,
    "pkts_fwd": 0.007300915662199259
  },
  "wall_seconds": 5.5
}