{
  "config": {
    "tool": "tranalyzer",
    "regime": "common",
    "model": "rf",
    "task": "multiclass",
    "split": "stratified",
    "seed": 2,
    "include_port": false,
    "dataset": "cicids2017",
    "n_features": 9,
    "subsample_benign": null,
    "max_train": 400000
  },
  "config_hash": "559f53f9b5c69504",
  "git_commit": null,
  "n_train": 400000,
  "n_test": 604127,
  "n_test_unseen_class": 0,
  "features": [
    "duration",
    "pkts_fwd",
    "pkts_bwd",
    "bytes_fwd",
    "bytes_bwd",
    "tot_pkts",
    "tot_bytes",
    "is_tcp",
    "is_udp"
  ],
  "metrics": {
    "macro_f1": 0.6572390199879093,
    "weighted_f1": 0.9899448784346612,
    "balanced_accuracy": 0.6571423693036879,
    "per_class": {
      "BENIGN": {
        "precision": 0.9985075233226208,
        "recall": 0.9919240924162512,
        "f1-score": 0.9952049203910227,
        "support": 470783.0
      },
      "Bot": {
        "precision": 0.8225806451612904,
        "recall": 0.14156835530881332,
        "f1-score": 0.24156305506216696,
        "support": 1441.0
      },
      "DDoS": {
        "precision": 0.9999651616499443,
        "recall": 0.9999651616499443,
        "f1-score": 0.9999651616499443,
        "support": 28704.0
      },
      "DoS GoldenEye": {
        "precision": 0.9995523724261415,
        "recall": 0.9933274021352313,
        "f1-score": 0.9964301651048639,
        "support": 2248.0
      },
      "DoS Hulk": {
        "precision": 0.9998534583821805,
        "recall": 0.9997697395964164,
        "f1-score": 0.9998115972367595,
        "support": 47772.0
      },
      "DoS Slowhttptest": {
        "precision": 0.9143536875495638,
        "recall": 0.9129057798891528,
        "f1-score": 0.9136291600633915,
        "support": 1263.0
      },
      "DoS slowloris": {
        "precision": 0.8385682980277575,
        "recall": 0.9820359281437125,
        "f1-score": 0.904649330181245,
        "support": 1169.0
      },
      "FTP-Patator": {
        "precision": 0.9991645781119465,
        "recall": 1.0,
        "f1-score": 0.9995821145006268,
        "support": 1196.0
      },
      "Infiltration": {
        "precision": 0.0,
        "recall": 0.0,
        "f1-score": 0.0,
        "support": 12.0
      },
      "PortScan": {
        "precision": 0.9235120937481961,
        "recall": 0.9992504684572142,
        "f1-score": 0.9598895988959889,
        "support": 48030.0
      },
      "SSH-Patator": {
        "precision": 1.0,
        "recall": 0.9832214765100671,
        "f1-score": 0.9915397631133672,
        "support": 894.0
      },
      "Web Attack - Brute Force": {
        "precision": 0.17412935323383086,
        "recall": 0.17114914425427874,
        "f1-score": 0.17262638717632553,
        "support": 409.0
      },
      "Web Attack - Sql Injection": {
        "precision": 0.0,
        "recall": 0.0,
        "f1-score": 0.0,
        "support": 5.0
      },
      "Web Attack - XSS": {
        "precision": 0.02824858757062147,
        "recall": 0.024875621890547265,
        "f1-score": 0.026455026455026454,
        "support": 201.0
      }
    },
    "confusion_matrix": [
      [
        466981,
        44,
        1,
        1,
        7,
        99,
        181,
        1,
        235,
        2751,
        0,
        317,
        2,
        163
      ],
      [
        20,
        204,
        0,
        0,
        0,
        0,
        0,
        0,
        0,
        1217,
        0,
        0,
        0,
        0
      ],
      [
        1,
        0,
        28703,
        0,
        0,
        0,
        0,
        0,
        0,
        0,
        0,
        0,
        0,
        0
      ],
      [
        12,
        0,
        0,
        2233,
        0,
        3,
        0,
        0,
        0,
        0,
        0,
        0,
        0,
        0
      ],
      [
        4,
        0,
        0,
        0,
        47761,
        0,
        7,
        0,
        0,
        0,
        0,
        0,
        0,
        0
      ],
      [
        107,
        0,
        0,
        0,
        0,
        1153,
        2,
        0,
        0,
        0,
        0,
        0,
        1,
        0
      ],
      [
        15,
        0,
        0,
        0,
        0,
        6,
        1148,
        0,
        0,
        0,
        0,
        0,
        0,
        0
      ],
      [
        0,
        0,
        0,
        0,
        0,
        0,
        0,
        1196,
        0,
        0,
        0,
        0,
        0,
        0
      ],
      [
        5,
        0,
        0,
        0,
        0,
        0,
        0,
        0,
        0,
        7,
        0,
        0,
        0,
        0
      ],
      [
        3,
        0,
        0,
        0,
        0,
        0,
        31,
        0,
        0,
        47994,
        0,
        0,
        2,
        0
      ],
      [
        15,
        0,
        0,
        0,
        0,
        0,
        0,
        0,
        0,
        0,
        879,
        0,
        0,
        0
      ],
      [
        330,
        0,
        0,
        0,
        0,
        0,
        0,
        0,
        0,
        0,
        0,
        70,
        0,
        9
      ],
      [
        5,
        0,
        0,
        0,
        0,
        0,
        0,
        0,
        0,
        0,
        0,
        0,
        0,
        0
      ],
      [
        181,
        0,
        0,
        0,
        0,
        0,
        0,
        0,
        0,
        0,
        0,
        15,
        0,
        5
      ]
    ],
    "class_order": [
      "BENIGN",
      "Bot",
      "DDoS",
      "DoS GoldenEye",
      "DoS Hulk",
      "DoS Slowhttptest",
      "DoS slowloris",
      "FTP-Patator",
      "Infiltration",
      "PortScan",
      "SSH-Patator",
      "Web Attack - Brute Force",
      "Web Attack - Sql Injection",
      "Web Attack - XSS"
    ]
  },
  "feature_importances": {
    "duration": 0.287585776113847,
    "bytes_bwd": 0.14439894141390164,
    "bytes_fwd": 0.11571392655515728,
    "tot_bytes": 0.11327388181591673,
    "pkts_bwd": 0.1083750604998188,
    "tot_pkts": 0.10553433561323106,
    "pkts_fwd": 0.09286117467832787,
    "is_tcp": 0.019938784305370726,
    "is_udp": 0.012318119004428809
  },
  "wall_seconds": 14.5
}