{
  "config": {
    "tool": "tranalyzer",
    "regime": "common",
    "model": "xgb",
    "task": "multiclass",
    "split": "stratified",
    "seed": 0,
    "include_port": false,
    "dataset": "cicids2017",
    "n_features": 9,
    "subsample_benign": null,
    "max_train": 400000
  },
  "config_hash": "93c808f4d36bb0cb",
  "git_commit": null,
  "n_train": 400000,
  "n_test": 604127,
  "n_test_unseen_class": 0,
  "features": [
    "duration",
    "pkts_fwd",
    "pkts_bwd",
    "bytes_fwd",
    "bytes_bwd",
    "tot_pkts",
    "tot_bytes",
    "is_tcp",
    "is_udp"
  ],
  "metrics": {
    "macro_f1": 0.6962690343568185,
    "weighted_f1": 0.9895403681207617,
    "balanced_accuracy": 0.6750155919901658,
    "per_class": {
      "BENIGN": {
        "precision": 0.9984246313273923,
        "recall": 0.9921556215921136,
        "f1-score": 0.9952802548449303,
        "support": 470783.0
      },
      "Bot": {
        "precision": 1.0,
        "recall": 0.15267175572519084,
        "f1-score": 0.26490066225165565,
        "support": 1441.0
      },
      "DDoS": {
        "precision": 0.9999303281543928,
        "recall": 1.0,
        "f1-score": 0.9999651628636126,
        "support": 28704.0
      },
      "DoS GoldenEye": {
        "precision": 0.9942067736185384,
        "recall": 0.9924377224199288,
        "f1-score": 0.9933214603739983,
        "support": 2248.0
      },
      "DoS Hulk": {
        "precision": 0.9998741742686379,
        "recall": 0.9980532529515197,
        "f1-score": 0.9989628838115592,
        "support": 47772.0
      },
      "DoS Slowhttptest": {
        "precision": 0.8848614072494669,
        "recall": 0.9857482185273159,
        "f1-score": 0.9325842696629213,
        "support": 1263.0
      },
      "DoS slowloris": {
        "precision": 0.9888888888888889,
        "recall": 0.9897348160821214,
        "f1-score": 0.9893116716545532,
        "support": 1169.0
      },
      "FTP-Patator": {
        "precision": 1.0,
        "recall": 0.9899665551839465,
        "f1-score": 0.9949579831932773,
        "support": 1196.0
      },
      "Infiltration": {
        "precision": 1.0,
        "recall": 0.08333333333333333,
        "f1-score": 0.15384615384615385,
        "support": 12.0
      },
      "PortScan": {
        "precision": 0.9094096465460059,
        "recall": 0.9990630855715178,
        "f1-score": 0.9521305620318469,
        "support": 48030.0
      },
      "SSH-Patator": {
        "precision": 1.0,
        "recall": 0.9888143176733781,
        "f1-score": 0.9943757030371203,
        "support": 894.0
      },
      "Web Attack - Brute Force": {
        "precision": 0.9696969696969697,
        "recall": 0.07823960880195599,
        "f1-score": 0.14479638009049775,
        "support": 409.0
      },
      "Web Attack - Sql Injection": {
        "precision": 1.0,
        "recall": 0.2,
        "f1-score": 0.3333333333333333,
        "support": 5.0
      },
      "Web Attack - XSS": {
        "precision": 0.0,
        "recall": 0.0,
        "f1-score": 0.0,
        "support": 201.0
      }
    },
    "confusion_matrix": [
      [
        467090,
        0,
        1,
        11,
        6,
        159,
        5,
        0,
        0,
        3510,
        0,
        1,
        0,
        0
      ],
      [
        44,
        220,
        0,
        0,
        0,
        0,
        0,
        0,
        0,
        1177,
        0,
        0,
        0,
        0
      ],
      [
        0,
        0,
        28704,
        0,
        0,
        0,
        0,
        0,
        0,
        0,
        0,
        0,
        0,
        0
      ],
      [
        15,
        0,
        0,
        2231,
        0,
        2,
        0,
        0,
        0,
        0,
        0,
        0,
        0,
        0
      ],
      [
        10,
        0,
        0,
        0,
        47679,
        0,
        0,
        0,
        0,
        83,
        0,
        0,
        0,
        0
      ],
      [
        8,
        0,
        0,
        2,
        0,
        1245,
        8,
        0,
        0,
        0,
        0,
        0,
        0,
        0
      ],
      [
        11,
        0,
        0,
        0,
        0,
        1,
        1157,
        0,
        0,
        0,
        0,
        0,
        0,
        0
      ],
      [
        12,
        0,
        0,
        0,
        0,
        0,
        0,
        1184,
        0,
        0,
        0,
        0,
        0,
        0
      ],
      [
        1,
        0,
        0,
        0,
        0,
        0,
        0,
        0,
        1,
        10,
        0,
        0,
        0,
        0
      ],
      [
        45,
        0,
        0,
        0,
        0,
        0,
        0,
        0,
        0,
        47985,
        0,
        0,
        0,
        0
      ],
      [
        9,
        0,
        1,
        0,
        0,
        0,
        0,
        0,
        0,
        0,
        884,
        0,
        0,
        0
      ],
      [
        377,
        0,
        0,
        0,
        0,
        0,
        0,
        0,
        0,
        0,
        0,
        32,
        0,
        0
      ],
      [
        4,
        0,
        0,
        0,
        0,
        0,
        0,
        0,
        0,
        0,
        0,
        0,
        1,
        0
      ],
      [
        201,
        0,
        0,
        0,
        0,
        0,
        0,
        0,
        0,
        0,
        0,
        0,
        0,
        0
      ]
    ],
    "class_order": [
      "BENIGN",
      "Bot",
      "DDoS",
      "DoS GoldenEye",
      "DoS Hulk",
      "DoS Slowhttptest",
      "DoS slowloris",
      "FTP-Patator",
      "Infiltration",
      "PortScan",
      "SSH-Patator",
      "Web Attack - Brute Force",
      "Web Attack - Sql Injection",
      "Web Attack - XSS"
    ]
  },
  "feature_importances": {
    "tot_bytes": 0.3501648008823395,
    "bytes_fwd": 0.2827214002609253,
    "bytes_bwd": 0.10457362234592438,
    "pkts_bwd": 0.10084348917007446,
    "pkts_fwd": 0.0875074490904808,
    "tot_pkts": 0.04116448760032654,
    "is_tcp": 0.014948394149541855,
    "duration": 0.013255744241178036,
    "is_udp": 0.004820598755031824
  },
  "wall_seconds": 30.0
}