{
  "config": {
    "tool": "tranalyzer",
    "regime": "common",
    "model": "xgb",
    "task": "multiclass",
    "split": "stratified",
    "seed": 2,
    "include_port": false,
    "dataset": "cicids2017",
    "n_features": 9,
    "subsample_benign": null,
    "max_train": 400000
  },
  "config_hash": "06f7b35cf897c2f2",
  "git_commit": null,
  "n_train": 400000,
  "n_test": 604127,
  "n_test_unseen_class": 0,
  "features": [
    "duration",
    "pkts_fwd",
    "pkts_bwd",
    "bytes_fwd",
    "bytes_bwd",
    "tot_pkts",
    "tot_bytes",
    "is_tcp",
    "is_udp"
  ],
  "metrics": {
    "macro_f1": 0.6848688687649472,
    "weighted_f1": 0.989489571331613,
    "balanced_accuracy": 0.6671725298442951,
    "per_class": {
      "BENIGN": {
        "precision": 0.9983949458962122,
        "recall": 0.992274572361364,
        "f1-score": 0.9953253504921805,
        "support": 470783.0
      },
      "Bot": {
        "precision": 1.0,
        "recall": 0.12491325468424705,
        "f1-score": 0.22208513263417642,
        "support": 1441.0
      },
      "DDoS": {
        "precision": 1.0,
        "recall": 0.999860646599777,
        "f1-score": 0.9999303184447077,
        "support": 28704.0
      },
      "DoS GoldenEye": {
        "precision": 0.9964301651048639,
        "recall": 0.9933274021352313,
        "f1-score": 0.9948763644464246,
        "support": 2248.0
      },
      "DoS Hulk": {
        "precision": 0.9997483432597937,
        "recall": 0.9979067236037846,
        "f1-score": 0.9988266845457593,
        "support": 47772.0
      },
      "DoS Slowhttptest": {
        "precision": 0.9153674832962138,
        "recall": 0.9762470308788599,
        "f1-score": 0.9448275862068966,
        "support": 1263.0
      },
      "DoS slowloris": {
        "precision": 0.9982668977469671,
        "recall": 0.9854576561163387,
        "f1-score": 0.991820921222557,
        "support": 1169.0
      },
      "FTP-Patator": {
        "precision": 1.0,
        "recall": 0.9974916387959866,
        "f1-score": 0.9987442444537463,
        "support": 1196.0
      },
      "Infiltration": {
        "precision": 0.0,
        "recall": 0.0,
        "f1-score": 0.0,
        "support": 12.0
      },
      "PortScan": {
        "precision": 0.9087707339241081,
        "recall": 0.9992504684572142,
        "f1-score": 0.9518652942226453,
        "support": 48030.0
      },
      "SSH-Patator": {
        "precision": 0.9988636363636364,
        "recall": 0.9832214765100671,
        "f1-score": 0.9909808342728298,
        "support": 894.0
      },
      "Web Attack - Brute Force": {
        "precision": 0.9736842105263158,
        "recall": 0.09046454767726161,
        "f1-score": 0.16554809843400448,
        "support": 409.0
      },
      "Web Attack - Sql Injection": {
        "precision": 1.0,
        "recall": 0.2,
        "f1-score": 0.3333333333333333,
        "support": 5.0
      },
      "Web Attack - XSS": {
        "precision": 0.0,
        "recall": 0.0,
        "f1-score": 0.0,
        "support": 201.0
      }
    },
    "confusion_matrix": [
      [
        467146,
        0,
        0,
        8,
        12,
        111,
        0,
        0,
        0,
        3504,
        1,
        1,
        0,
        0
      ],
      [
        44,
        180,
        0,
        0,
        0,
        0,
        0,
        0,
        0,
        1217,
        0,
        0,
        0,
        0
      ],
      [
        4,
        0,
        28700,
        0,
        0,
        0,
        0,
        0,
        0,
        0,
        0,
        0,
        0,
        0
      ],
      [
        12,
        0,
        0,
        2233,
        0,
        3,
        0,
        0,
        0,
        0,
        0,
        0,
        0,
        0
      ],
      [
        10,
        0,
        0,
        0,
        47672,
        0,
        0,
        0,
        0,
        90,
        0,
        0,
        0,
        0
      ],
      [
        28,
        0,
        0,
        0,
        0,
        1233,
        2,
        0,
        0,
        0,
        0,
        0,
        0,
        0
      ],
      [
        17,
        0,
        0,
        0,
        0,
        0,
        1152,
        0,
        0,
        0,
        0,
        0,
        0,
        0
      ],
      [
        3,
        0,
        0,
        0,
        0,
        0,
        0,
        1193,
        0,
        0,
        0,
        0,
        0,
        0
      ],
      [
        5,
        0,
        0,
        0,
        0,
        0,
        0,
        0,
        0,
        7,
        0,
        0,
        0,
        0
      ],
      [
        36,
        0,
        0,
        0,
        0,
        0,
        0,
        0,
        0,
        47994,
        0,
        0,
        0,
        0
      ],
      [
        15,
        0,
        0,
        0,
        0,
        0,
        0,
        0,
        0,
        0,
        879,
        0,
        0,
        0
      ],
      [
        372,
        0,
        0,
        0,
        0,
        0,
        0,
        0,
        0,
        0,
        0,
        37,
        0,
        0
      ],
      [
        4,
        0,
        0,
        0,
        0,
        0,
        0,
        0,
        0,
        0,
        0,
        0,
        1,
        0
      ],
      [
        201,
        0,
        0,
        0,
        0,
        0,
        0,
        0,
        0,
        0,
        0,
        0,
        0,
        0
      ]
    ],
    "class_order": [
      "BENIGN",
      "Bot",
      "DDoS",
      "DoS GoldenEye",
      "DoS Hulk",
      "DoS Slowhttptest",
      "DoS slowloris",
      "FTP-Patator",
      "Infiltration",
      "PortScan",
      "SSH-Patator",
      "Web Attack - Brute Force",
      "Web Attack - Sql Injection",
      "Web Attack - XSS"
    ]
  },
  "feature_importances": {
    "tot_bytes": 0.3295609652996063,
    "bytes_fwd": 0.28246548771858215,
    "bytes_bwd": 0.11687490344047546,
    "pkts_fwd": 0.09157466143369675,
    "pkts_bwd": 0.09093795716762543,
    "tot_pkts": 0.05624048784375191,
    "is_tcp": 0.013797381892800331,
    "duration": 0.012515690177679062,
    "is_udp": 0.006032456643879414
  },
  "wall_seconds": 32.7
}