{
  "config": {
    "tool": "tranalyzer",
    "regime": "common",
    "model": "rf",
    "task": "multiclass",
    "split": "stratified",
    "seed": 1,
    "include_port": false,
    "dataset": "cicids2017",
    "n_features": 9,
    "subsample_benign": null,
    "max_train": 400000
  },
  "config_hash": "b240adcef6228117",
  "git_commit": null,
  "n_train": 400000,
  "n_test": 604127,
  "n_test_unseen_class": 0,
  "features": [
    "duration",
    "pkts_fwd",
    "pkts_bwd",
    "bytes_fwd",
    "bytes_bwd",
    "tot_pkts",
    "tot_bytes",
    "is_tcp",
    "is_udp"
  ],
  "metrics": {
    "macro_f1": 0.6604732292922498,
    "weighted_f1": 0.9902961595966429,
    "balanced_accuracy": 0.6596893074943707,
    "per_class": {
      "BENIGN": {
        "precision": 0.9984848938143492,
        "recall": 0.9924848603284315,
        "f1-score": 0.9954758361500612,
        "support": 470783.0
      },
      "Bot": {
        "precision": 0.8687943262411347,
        "recall": 0.17002081887578072,
        "f1-score": 0.2843876958792803,
        "support": 1441.0
      },
      "DDoS": {
        "precision": 0.9998606660164414,
        "recall": 1.0,
        "f1-score": 0.9999303281543928,
        "support": 28704.0
      },
      "DoS GoldenEye": {
        "precision": 0.9968736042876284,
        "recall": 0.9928825622775801,
        "f1-score": 0.9948740806775128,
        "support": 2248.0
      },
      "DoS Hulk": {
        "precision": 0.9998534614498943,
        "recall": 0.9997906723603784,
        "f1-score": 0.9998220659193435,
        "support": 47772.0
      },
      "DoS Slowhttptest": {
        "precision": 0.9188102893890675,
        "recall": 0.9049881235154394,
        "f1-score": 0.9118468288791384,
        "support": 1263.0
      },
      "DoS slowloris": {
        "precision": 0.8163120567375887,
        "recall": 0.9846022241231822,
        "f1-score": 0.892594028693292,
        "support": 1169.0
      },
      "FTP-Patator": {
        "precision": 1.0,
        "recall": 0.9991638795986622,
        "f1-score": 0.999581764951903,
        "support": 1196.0
      },
      "Infiltration": {
        "precision": 0.0,
        "recall": 0.0,
        "f1-score": 0.0,
        "support": 12.0
      },
      "PortScan": {
        "precision": 0.9251176062312023,
        "recall": 0.9990422652508849,
        "f1-score": 0.9606598730705319,
        "support": 48030.0
      },
      "SSH-Patator": {
        "precision": 1.0,
        "recall": 0.9843400447427293,
        "f1-score": 0.992108229988726,
        "support": 894.0
      },
      "Web Attack - Brute Force": {
        "precision": 0.19160104986876642,
        "recall": 0.1784841075794621,
        "f1-score": 0.1848101265822785,
        "support": 409.0
      },
      "Web Attack - Sql Injection": {
        "precision": 0.0,
        "recall": 0.0,
        "f1-score": 0.0,
        "support": 5.0
      },
      "Web Attack - XSS": {
        "precision": 0.03125,
        "recall": 0.029850746268656716,
        "f1-score": 0.030534351145038167,
        "support": 201.0
      }
    },
    "confusion_matrix": [
      [
        467245,
        37,
        4,
        2,
        7,
        93,
        206,
        0,
        0,
        2711,
        0,
        298,
        3,
        177
      ],
      [
        30,
        245,
        0,
        0,
        0,
        0,
        0,
        0,
        0,
        1166,
        0,
        0,
        0,
        0
      ],
      [
        0,
        0,
        28704,
        0,
        0,
        0,
        0,
        0,
        0,
        0,
        0,
        0,
        0,
        0
      ],
      [
        15,
        0,
        0,
        2232,
        0,
        1,
        0,
        0,
        0,
        0,
        0,
        0,
        0,
        0
      ],
      [
        3,
        0,
        0,
        0,
        47762,
        0,
        7,
        0,
        0,
        0,
        0,
        0,
        0,
        0
      ],
      [
        111,
        0,
        0,
        5,
        0,
        1143,
        4,
        0,
        0,
        0,
        0,
        0,
        0,
        0
      ],
      [
        11,
        0,
        0,
        0,
        0,
        7,
        1151,
        0,
        0,
        0,
        0,
        0,
        0,
        0
      ],
      [
        1,
        0,
        0,
        0,
        0,
        0,
        0,
        1195,
        0,
        0,
        0,
        0,
        0,
        0
      ],
      [
        5,
        0,
        0,
        0,
        0,
        0,
        0,
        0,
        0,
        7,
        0,
        0,
        0,
        0
      ],
      [
        3,
        0,
        0,
        0,
        0,
        0,
        42,
        0,
        0,
        47984,
        0,
        0,
        1,
        0
      ],
      [
        14,
        0,
        0,
        0,
        0,
        0,
        0,
        0,
        0,
        0,
        880,
        0,
        0,
        0
      ],
      [
        326,
        0,
        0,
        0,
        0,
        0,
        0,
        0,
        0,
        0,
        0,
        73,
        1,
        9
      ],
      [
        5,
        0,
        0,
        0,
        0,
        0,
        0,
        0,
        0,
        0,
        0,
        0,
        0,
        0
      ],
      [
        185,
        0,
        0,
        0,
        0,
        0,
        0,
        0,
        0,
        0,
        0,
        10,
        0,
        6
      ]
    ],
    "class_order": [
      "BENIGN",
      "Bot",
      "DDoS",
      "DoS GoldenEye",
      "DoS Hulk",
      "DoS Slowhttptest",
      "DoS slowloris",
      "FTP-Patator",
      "Infiltration",
      "PortScan",
      "SSH-Patator",
      "Web Attack - Brute Force",
      "Web Attack - Sql Injection",
      "Web Attack - XSS"
    ]
  },
  "feature_importances": {
    "duration": 0.28405825560002584,
    "bytes_bwd": 0.15162809301228822,
    "bytes_fwd": 0.11706025337429546,
    "tot_pkts": 0.10866963675119015,
    "tot_bytes": 0.10641701304271192,
    "pkts_bwd": 0.10548461349409852,
    "pkts_fwd": 0.09582608254223864,
    "is_tcp": 0.02023122002836871,
    "is_udp": 0.010624832154782661
  },
  "wall_seconds": 14.0
}