{
  "config": {
    "tool": "tranalyzer",
    "regime": "common",
    "model": "xgb",
    "task": "binary",
    "split": "temporal",
    "seed": 1,
    "include_port": false,
    "dataset": "cicids2017",
    "n_features": 9,
    "subsample_benign": null,
    "max_train": 400000
  },
  "config_hash": "7a20e9b3252b22f0",
  "git_commit": null,
  "n_train": 400000,
  "n_test": 875528,
  "n_test_unseen_class": 0,
  "features": [
    "duration",
    "pkts_fwd",
    "pkts_bwd",
    "bytes_fwd",
    "bytes_bwd",
    "tot_pkts",
    "tot_bytes",
    "is_tcp",
    "is_udp"
  ],
  "metrics": {
    "macro_f1": 0.7066308189310189,
    "weighted_f1": 0.7759311399026273,
    "balanced_accuracy": 0.681811445860093,
    "per_class": {
      "0": {
        "precision": 0.7857234459480256,
        "recall": 0.9997193458800954,
        "f1-score": 0.8798970574929881,
        "support": 612854.0
      },
      "1": {
        "precision": 0.9982038429406851,
        "recall": 0.36390354584009077,
        "f1-score": 0.5333645803690498,
        "support": 262674.0
      }
    },
    "fpr": 0.0002806541199045776,
    "attack_recall": 0.36390354584009077,
    "attack_precision": 0.9982038429406851,
    "auc_pr": 0.9865613727694936,
    "confusion_matrix": [
      [
        612682,
        172
      ],
      [
        167086,
        95588
      ]
    ],
    "class_order": [
      "0",
      "1"
    ]
  },
  "feature_importances": {
    "bytes_bwd": 0.3834283947944641,
    "tot_bytes": 0.24620264768600464,
    "pkts_bwd": 0.1456211656332016,
    "is_tcp": 0.1321934163570404,
    "tot_pkts": 0.04541849344968796,
    "is_udp": 0.015896951779723167,
    "pkts_fwd": 0.014392503537237644,
    "duration": 0.01283453032374382,
    "bytes_fwd": 0.004011902026832104
  },
  "wall_seconds": 5.3
}