{
  "config": {
    "tool": "tranalyzer",
    "regime": "common",
    "model": "xgb",
    "task": "multiclass",
    "split": "stratified",
    "seed": 1,
    "include_port": false,
    "dataset": "cicids2017",
    "n_features": 9,
    "subsample_benign": null,
    "max_train": 400000
  },
  "config_hash": "f85e5c59bf8d2f18",
  "git_commit": null,
  "n_train": 400000,
  "n_test": 604127,
  "n_test_unseen_class": 0,
  "features": [
    "duration",
    "pkts_fwd",
    "pkts_bwd",
    "bytes_fwd",
    "bytes_bwd",
    "tot_pkts",
    "tot_bytes",
    "is_tcp",
    "is_udp"
  ],
  "metrics": {
    "macro_f1": 0.6789614147368417,
    "weighted_f1": 0.9898260849003446,
    "balanced_accuracy": 0.6638998928497679,
    "per_class": {
      "BENIGN": {
        "precision": 0.998448459358611,
        "recall": 0.9923807784053374,
        "f1-score": 0.9954053722948104,
        "support": 470783.0
      },
      "Bot": {
        "precision": 1.0,
        "recall": 0.16446911866759195,
        "f1-score": 0.2824791418355185,
        "support": 1441.0
      },
      "DDoS": {
        "precision": 0.9998954922315892,
        "recall": 0.9999651616499443,
        "f1-score": 0.9999303257272252,
        "support": 28704.0
      },
      "DoS GoldenEye": {
        "precision": 0.9973202322465387,
        "recall": 0.9933274021352313,
        "f1-score": 0.9953198127925117,
        "support": 2248.0
      },
      "DoS Hulk": {
        "precision": 0.9997484434941198,
        "recall": 0.9983044461190655,
        "f1-score": 0.9990259230164965,
        "support": 47772.0
      },
      "DoS Slowhttptest": {
        "precision": 0.9156891495601173,
        "recall": 0.9889152810768013,
        "f1-score": 0.9508945565283593,
        "support": 1263.0
      },
      "DoS slowloris": {
        "precision": 0.995674740484429,
        "recall": 0.9846022241231822,
        "f1-score": 0.9901075268817204,
        "support": 1169.0
      },
      "FTP-Patator": {
        "precision": 1.0,
        "recall": 0.9949832775919732,
        "f1-score": 0.9974853310980721,
        "support": 1196.0
      },
      "Infiltration": {
        "precision": 1.0,
        "recall": 0.08333333333333333,
        "f1-score": 0.15384615384615385,
        "support": 12.0
      },
      "PortScan": {
        "precision": 0.9108234311529555,
        "recall": 0.9990422652508849,
        "f1-score": 0.9528953848597982,
        "support": 48030.0
      },
      "SSH-Patator": {
        "precision": 1.0,
        "recall": 0.9876957494407159,
        "f1-score": 0.9938097917839055,
        "support": 894.0
      },
      "Web Attack - Brute Force": {
        "precision": 1.0,
        "recall": 0.10757946210268948,
        "f1-score": 0.19426048565121412,
        "support": 409.0
      },
      "Web Attack - Sql Injection": {
        "precision": 0.0,
        "recall": 0.0,
        "f1-score": 0.0,
        "support": 5.0
      },
      "Web Attack - XSS": {
        "precision": 0.0,
        "recall": 0.0,
        "f1-score": 0.0,
        "support": 201.0
      }
    },
    "confusion_matrix": [
      [
        467196,
        0,
        3,
        6,
        12,
        110,
        1,
        0,
        0,
        3455,
        0,
        0,
        0,
        0
      ],
      [
        38,
        237,
        0,
        0,
        0,
        0,
        0,
        0,
        0,
        1166,
        0,
        0,
        0,
        0
      ],
      [
        1,
        0,
        28703,
        0,
        0,
        0,
        0,
        0,
        0,
        0,
        0,
        0,
        0,
        0
      ],
      [
        11,
        0,
        0,
        2233,
        0,
        4,
        0,
        0,
        0,
        0,
        0,
        0,
        0,
        0
      ],
      [
        11,
        0,
        0,
        0,
        47691,
        0,
        0,
        0,
        0,
        70,
        0,
        0,
        0,
        0
      ],
      [
        10,
        0,
        0,
        0,
        0,
        1249,
        4,
        0,
        0,
        0,
        0,
        0,
        0,
        0
      ],
      [
        17,
        0,
        0,
        0,
        0,
        1,
        1151,
        0,
        0,
        0,
        0,
        0,
        0,
        0
      ],
      [
        6,
        0,
        0,
        0,
        0,
        0,
        0,
        1190,
        0,
        0,
        0,
        0,
        0,
        0
      ],
      [
        4,
        0,
        0,
        0,
        0,
        0,
        0,
        0,
        1,
        7,
        0,
        0,
        0,
        0
      ],
      [
        46,
        0,
        0,
        0,
        0,
        0,
        0,
        0,
        0,
        47984,
        0,
        0,
        0,
        0
      ],
      [
        11,
        0,
        0,
        0,
        0,
        0,
        0,
        0,
        0,
        0,
        883,
        0,
        0,
        0
      ],
      [
        365,
        0,
        0,
        0,
        0,
        0,
        0,
        0,
        0,
        0,
        0,
        44,
        0,
        0
      ],
      [
        5,
        0,
        0,
        0,
        0,
        0,
        0,
        0,
        0,
        0,
        0,
        0,
        0,
        0
      ],
      [
        201,
        0,
        0,
        0,
        0,
        0,
        0,
        0,
        0,
        0,
        0,
        0,
        0,
        0
      ]
    ],
    "class_order": [
      "BENIGN",
      "Bot",
      "DDoS",
      "DoS GoldenEye",
      "DoS Hulk",
      "DoS Slowhttptest",
      "DoS slowloris",
      "FTP-Patator",
      "Infiltration",
      "PortScan",
      "SSH-Patator",
      "Web Attack - Brute Force",
      "Web Attack - Sql Injection",
      "Web Attack - XSS"
    ]
  },
  "feature_importances": {
    "tot_bytes": 0.3567679226398468,
    "bytes_fwd": 0.2802186906337738,
    "bytes_bwd": 0.11348102241754532,
    "pkts_bwd": 0.09471534192562103,
    "pkts_fwd": 0.08500654995441437,
    "tot_pkts": 0.036099713295698166,
    "is_tcp": 0.015122966840863228,
    "duration": 0.013542415574193,
    "is_udp": 0.005045372061431408
  },
  "wall_seconds": 31.7
}