{
  "config": {
    "tool": "yaf",
    "regime": "common",
    "model": "xgb",
    "task": "multiclass",
    "split": "stratified",
    "seed": 1,
    "include_port": false,
    "dataset": "cicids2017",
    "n_features": 9,
    "subsample_benign": null,
    "max_train": 400000
  },
  "config_hash": "bffd1ee954969f8e",
  "git_commit": null,
  "n_train": 400000,
  "n_test": 694749,
  "n_test_unseen_class": 0,
  "features": [
    "duration",
    "pkts_fwd",
    "pkts_bwd",
    "bytes_fwd",
    "bytes_bwd",
    "tot_pkts",
    "tot_bytes",
    "is_tcp",
    "is_udp"
  ],
  "metrics": {
    "macro_f1": 0.6695330813806246,
    "weighted_f1": 0.9503272162371745,
    "balanced_accuracy": 0.6299303030804361,
    "per_class": {
      "BENIGN": {
        "precision": 0.9510627597733963,
        "recall": 0.9895064471388477,
        "f1-score": 0.9699038087148192,
        "support": 519843.0
      },
      "Bot": {
        "precision": 0.9904306220095693,
        "recall": 0.4309507286606523,
        "f1-score": 0.6005802707930368,
        "support": 1441.0
      },
      "DDoS": {
        "precision": 0.9995798466440251,
        "recall": 0.999195016099678,
        "f1-score": 0.9993873943255212,
        "support": 28572.0
      },
      "DoS GoldenEye": {
        "precision": 0.9889036839769196,
        "recall": 0.9806338028169014,
        "f1-score": 0.9847513812154696,
        "support": 2272.0
      },
      "DoS Hulk": {
        "precision": 0.9863665040700448,
        "recall": 0.7293072258314086,
        "f1-score": 0.8385792778649922,
        "support": 87893.0
      },
      "DoS Slowhttptest": {
        "precision": 0.907967032967033,
        "recall": 0.9807121661721068,
        "f1-score": 0.9429386590584878,
        "support": 1348.0
      },
      "DoS slowloris": {
        "precision": 0.9830076465590484,
        "recall": 0.9897348160821214,
        "f1-score": 0.9863597612958227,
        "support": 1169.0
      },
      "FTP-Patator": {
        "precision": 0.9975227085053675,
        "recall": 0.5014528850145289,
        "f1-score": 0.6674033149171271,
        "support": 2409.0
      },
      "Infiltration": {
        "precision": 0.0,
        "recall": 0.0,
        "f1-score": 0.0,
        "support": 14.0
      },
      "PortScan": {
        "precision": 0.9067380125614315,
        "recall": 0.990034599208569,
        "f1-score": 0.9465573250930988,
        "support": 48267.0
      },
      "SSH-Patator": {
        "precision": 0.9988584474885844,
        "recall": 0.9679203539823009,
        "f1-score": 0.9831460674157303,
        "support": 904.0
      },
      "Web Attack - Brute Force": {
        "precision": 0.8837209302325582,
        "recall": 0.09290953545232274,
        "f1-score": 0.168141592920354,
        "support": 409.0
      },
      "Web Attack - Sql Injection": {
        "precision": 1.0,
        "recall": 0.16666666666666666,
        "f1-score": 0.2857142857142857,
        "support": 6.0
      },
      "Web Attack - XSS": {
        "precision": 0.0,
        "recall": 0.0,
        "f1-score": 0.0,
        "support": 202.0
      }
    },
    "confusion_matrix": [
      [
        514388,
        4,
        2,
        10,
        381,
        132,
        12,
        3,
        0,
        4906,
        1,
        4,
        0,
        0
      ],
      [
        377,
        621,
        0,
        0,
        443,
        0,
        0,
        0,
        0,
        0,
        0,
        0,
        0,
        0
      ],
      [
        21,
        0,
        28549,
        0,
        2,
        0,
        0,
        0,
        0,
        0,
        0,
        0,
        0,
        0
      ],
      [
        24,
        0,
        1,
        2228,
        17,
        2,
        0,
        0,
        0,
        0,
        0,
        0,
        0,
        0
      ],
      [
        23768,
        0,
        8,
        15,
        64101,
        0,
        0,
        0,
        0,
        1,
        0,
        0,
        0,
        0
      ],
      [
        16,
        0,
        0,
        0,
        2,
        1322,
        8,
        0,
        0,
        0,
        0,
        0,
        0,
        0
      ],
      [
        4,
        0,
        0,
        0,
        0,
        0,
        1157,
        0,
        0,
        8,
        0,
        0,
        0,
        0
      ],
      [
        1166,
        0,
        0,
        0,
        35,
        0,
        0,
        1208,
        0,
        0,
        0,
        0,
        0,
        0
      ],
      [
        10,
        2,
        0,
        0,
        2,
        0,
        0,
        0,
        0,
        0,
        0,
        0,
        0,
        0
      ],
      [
        476,
        0,
        1,
        0,
        4,
        0,
        0,
        0,
        0,
        47786,
        0,
        0,
        0,
        0
      ],
      [
        29,
        0,
        0,
        0,
        0,
        0,
        0,
        0,
        0,
        0,
        875,
        0,
        0,
        0
      ],
      [
        371,
        0,
        0,
        0,
        0,
        0,
        0,
        0,
        0,
        0,
        0,
        38,
        0,
        0
      ],
      [
        5,
        0,
        0,
        0,
        0,
        0,
        0,
        0,
        0,
        0,
        0,
        0,
        1,
        0
      ],
      [
        201,
        0,
        0,
        0,
        0,
        0,
        0,
        0,
        0,
        0,
        0,
        1,
        0,
        0
      ]
    ],
    "class_order": [
      "BENIGN",
      "Bot",
      "DDoS",
      "DoS GoldenEye",
      "DoS Hulk",
      "DoS Slowhttptest",
      "DoS slowloris",
      "FTP-Patator",
      "Infiltration",
      "PortScan",
      "SSH-Patator",
      "Web Attack - Brute Force",
      "Web Attack - Sql Injection",
      "Web Attack - XSS"
    ]
  },
  "feature_importances": {
    "is_tcp": 0.5202051401138306,
    "tot_bytes": 0.0962640568614006,
    "tot_pkts": 0.09589977562427521,
    "bytes_fwd": 0.0926235243678093,
    "is_udp": 0.07026486098766327,
    "pkts_bwd": 0.05776737257838249,
    "bytes_bwd": 0.049218129366636276,
    "duration": 0.011603842489421368,
    "pkts_fwd": 0.006153313908725977
  },
  "wall_seconds": 41.6
}