{
  "config": {
    "tool": "yaf",
    "regime": "common",
    "model": "rf",
    "task": "binary",
    "split": "temporal",
    "seed": 0,
    "include_port": false,
    "dataset": "cicids2017",
    "n_features": 9,
    "subsample_benign": null,
    "max_train": 400000
  },
  "config_hash": "845924f75d94bbb2",
  "git_commit": null,
  "n_train": 400000,
  "n_test": 951341,
  "n_test_unseen_class": 0,
  "features": [
    "duration",
    "pkts_fwd",
    "pkts_bwd",
    "bytes_fwd",
    "bytes_bwd",
    "tot_pkts",
    "tot_bytes",
    "is_tcp",
    "is_udp"
  ],
  "metrics": {
    "macro_f1": 0.6487540687965913,
    "weighted_f1": 0.736708327440468,
    "balanced_accuracy": 0.6355680345755714,
    "per_class": {
      "0": {
        "precision": 0.7883372071109994,
        "recall": 0.9116277110114136,
        "f1-score": 0.8455116172838342,
        "support": 688304.0
      },
      "1": {
        "precision": 0.6085551930291974,
        "recall": 0.35950835813972937,
        "f1-score": 0.45199652030934834,
        "support": 263037.0
      }
    },
    "fpr": 0.08837228898858644,
    "attack_recall": 0.35950835813972937,
    "attack_precision": 0.6085551930291974,
    "auc_pr": 0.6816070687631595,
    "confusion_matrix": [
      [
        627477,
        60827
      ],
      [
        168473,
        94564
      ]
    ],
    "class_order": [
      "0",
      "1"
    ]
  },
  "feature_importances": {
    "tot_bytes": 0.18615452385585332,
    "bytes_bwd": 0.17728957545227975,
    "is_tcp": 0.1612112473658244,
    "is_udp": 0.10817343123526164,
    "bytes_fwd": 0.09520996790472992,
    "pkts_bwd": 0.08660284764303816,
    "tot_pkts": 0.07475940936351658,
    "pkts_fwd": 0.05551317788492467,
    "duration": 0.055085819294571486
  },
  "wall_seconds": 11.5
}