{
  "config": {
    "tool": "yaf",
    "regime": "common",
    "model": "rf",
    "task": "multiclass",
    "split": "stratified",
    "seed": 0,
    "include_port": false,
    "dataset": "cicids2017",
    "n_features": 9,
    "subsample_benign": null,
    "max_train": 400000
  },
  "config_hash": "438d8dc5ed4e94f5",
  "git_commit": null,
  "n_train": 400000,
  "n_test": 694749,
  "n_test_unseen_class": 0,
  "features": [
    "duration",
    "pkts_fwd",
    "pkts_bwd",
    "bytes_fwd",
    "bytes_bwd",
    "tot_pkts",
    "tot_bytes",
    "is_tcp",
    "is_udp"
  ],
  "metrics": {
    "macro_f1": 0.6116217855213228,
    "weighted_f1": 0.928194567625073,
    "balanced_accuracy": 0.7449094004180546,
    "per_class": {
      "BENIGN": {
        "precision": 0.9987059849257851,
        "recall": 0.9056407415315778,
        "f1-score": 0.9498993184321923,
        "support": 519843.0
      },
      "Bot": {
        "precision": 0.21642378889326508,
        "recall": 0.7626648160999306,
        "f1-score": 0.3371682773431508,
        "support": 1441.0
      },
      "DDoS": {
        "precision": 0.9999299351900508,
        "recall": 0.998985020299594,
        "f1-score": 0.9994572544076195,
        "support": 28572.0
      },
      "DoS GoldenEye": {
        "precision": 0.9135399673735726,
        "recall": 0.9859154929577465,
        "f1-score": 0.9483488569009314,
        "support": 2272.0
      },
      "DoS Hulk": {
        "precision": 0.685623973727422,
        "recall": 0.9501211700590491,
        "f1-score": 0.7964881994153358,
        "support": 87893.0
      },
      "DoS Slowhttptest": {
        "precision": 0.9114546732255797,
        "recall": 0.962166172106825,
        "f1-score": 0.9361241429086973,
        "support": 1348.0
      },
      "DoS slowloris": {
        "precision": 0.8518791451731761,
        "recall": 0.9888793840889649,
        "f1-score": 0.9152810768012668,
        "support": 1169.0
      },
      "FTP-Patator": {
        "precision": 0.26197499648827083,
        "recall": 0.7741801577418016,
        "f1-score": 0.39147774979009237,
        "support": 2409.0
      },
      "Infiltration": {
        "precision": 0.012121212121212121,
        "recall": 0.7142857142857143,
        "f1-score": 0.023837902264600714,
        "support": 14.0
      },
      "PortScan": {
        "precision": 0.9028551992592733,
        "recall": 0.9899102906747882,
        "f1-score": 0.9443807566114559,
        "support": 48267.0
      },
      "SSH-Patator": {
        "precision": 1.0,
        "recall": 0.9612831858407079,
        "f1-score": 0.9802594472645234,
        "support": 904.0
      },
      "Web Attack - Brute Force": {
        "precision": 0.20323741007194246,
        "recall": 0.2762836185819071,
        "f1-score": 0.23419689119170983,
        "support": 409.0
      },
      "Web Attack - Sql Injection": {
        "precision": 0.0,
        "recall": 0.0,
        "f1-score": 0.0,
        "support": 6.0
      },
      "Web Attack - XSS": {
        "precision": 0.0794044665012407,
        "recall": 0.15841584158415842,
        "f1-score": 0.10578512396694215,
        "support": 202.0
      }
    },
    "confusion_matrix": [
      [
        470791,
        439,
        1,
        198,
        37463,
        123,
        17,
        4117,
        815,
        5140,
        0,
        412,
        0,
        327
      ],
      [
        26,
        1099,
        0,
        0,
        5,
        0,
        0,
        310,
        0,
        1,
        0,
        0,
        0,
        0
      ],
      [
        9,
        0,
        28543,
        0,
        20,
        0,
        0,
        0,
        0,
        0,
        0,
        0,
        0,
        0
      ],
      [
        16,
        0,
        0,
        2240,
        15,
        1,
        0,
        0,
        0,
        0,
        0,
        0,
        0,
        0
      ],
      [
        52,
        3499,
        1,
        14,
        83509,
        0,
        0,
        817,
        0,
        0,
        0,
        1,
        0,
        0
      ],
      [
        43,
        0,
        0,
        0,
        0,
        1297,
        8,
        0,
        0,
        0,
        0,
        0,
        0,
        0
      ],
      [
        11,
        0,
        0,
        0,
        0,
        2,
        1156,
        0,
        0,
        0,
        0,
        0,
        0,
        0
      ],
      [
        19,
        41,
        0,
        0,
        484,
        0,
        0,
        1865,
        0,
        0,
        0,
        0,
        0,
        0
      ],
      [
        0,
        0,
        0,
        0,
        0,
        0,
        0,
        4,
        10,
        0,
        0,
        0,
        0,
        0
      ],
      [
        8,
        0,
        0,
        0,
        303,
        0,
        176,
        0,
        0,
        47780,
        0,
        0,
        0,
        0
      ],
      [
        28,
        0,
        0,
        0,
        1,
        0,
        0,
        6,
        0,
        0,
        869,
        0,
        0,
        0
      ],
      [
        252,
        0,
        0,
        0,
        0,
        0,
        0,
        0,
        0,
        0,
        0,
        113,
        0,
        44
      ],
      [
        6,
        0,
        0,
        0,
        0,
        0,
        0,
        0,
        0,
        0,
        0,
        0,
        0,
        0
      ],
      [
        140,
        0,
        0,
        0,
        0,
        0,
        0,
        0,
        0,
        0,
        0,
        30,
        0,
        32
      ]
    ],
    "class_order": [
      "BENIGN",
      "Bot",
      "DDoS",
      "DoS GoldenEye",
      "DoS Hulk",
      "DoS Slowhttptest",
      "DoS slowloris",
      "FTP-Patator",
      "Infiltration",
      "PortScan",
      "SSH-Patator",
      "Web Attack - Brute Force",
      "Web Attack - Sql Injection",
      "Web Attack - XSS"
    ]
  },
  "feature_importances": {
    "duration": 0.23926308456144588,
    "bytes_fwd": 0.1958280076423743,
    "tot_bytes": 0.1809014118011231,
    "bytes_bwd": 0.13012519830222735,
    "tot_pkts": 0.08464946025793661,
    "pkts_fwd": 0.0740252731485903,
    "pkts_bwd": 0.07366861723347568,
    "is_tcp": 0.01261327084192694,
    "is_udp": 0.008925676210899958
  },
  "wall_seconds": 19.5
}