{
  "config": {
    "tool": "zeek",
    "regime": "common",
    "model": "xgb",
    "task": "multiclass",
    "split": "stratified",
    "seed": 0,
    "include_port": false,
    "dataset": "cicids2017",
    "n_features": 9,
    "subsample_benign": null,
    "max_train": 400000
  },
  "config_hash": "430cc623c783500d",
  "git_commit": null,
  "n_train": 400000,
  "n_test": 635748,
  "n_test_unseen_class": 0,
  "features": [
    "duration",
    "pkts_fwd",
    "pkts_bwd",
    "bytes_fwd",
    "bytes_bwd",
    "tot_pkts",
    "tot_bytes",
    "is_tcp",
    "is_udp"
  ],
  "metrics": {
    "macro_f1": 0.7047221384617384,
    "weighted_f1": 0.9881700152464375,
    "balanced_accuracy": 0.6962419383387086,
    "per_class": {
      "BENIGN": {
        "precision": 0.9955893499330742,
        "recall": 0.9933086757935766,
        "f1-score": 0.9944477052360707,
        "support": 497211.0
      },
      "Bot": {
        "precision": 0.9971428571428571,
        "recall": 0.9375419744795165,
        "f1-score": 0.9664243682935272,
        "support": 1489.0
      },
      "DDoS": {
        "precision": 1.0,
        "recall": 0.9998606514544505,
        "f1-score": 0.9999303208723826,
        "support": 28705.0
      },
      "DoS GoldenEye": {
        "precision": 0.9882710686359687,
        "recall": 0.9801809564842741,
        "f1-score": 0.9842093878433917,
        "support": 2321.0
      },
      "DoS Hulk": {
        "precision": 0.9991614607353989,
        "recall": 0.9719995921280717,
        "f1-score": 0.9853933861914262,
        "support": 49035.0
      },
      "DoS Slowhttptest": {
        "precision": 0.6231559536354057,
        "recall": 0.9819427148194272,
        "f1-score": 0.7624496373892022,
        "support": 4818.0
      },
      "DoS slowloris": {
        "precision": 0.9924585218702866,
        "recall": 0.5619128949615713,
        "f1-score": 0.7175572519083969,
        "support": 1171.0
      },
      "FTP-Patator": {
        "precision": 1.0,
        "recall": 1.0,
        "f1-score": 1.0,
        "support": 1196.0
      },
      "Infiltration": {
        "precision": 0.5,
        "recall": 0.2857142857142857,
        "f1-score": 0.36363636363636365,
        "support": 14.0
      },
      "PortScan": {
        "precision": 0.9515784766125261,
        "recall": 0.9695934050001036,
        "f1-score": 0.9605014773473408,
        "support": 48279.0
      },
      "SSH-Patator": {
        "precision": 0.9988726042841037,
        "recall": 0.9921612541993281,
        "f1-score": 0.9955056179775281,
        "support": 893.0
      },
      "Web Attack - Brute Force": {
        "precision": 0.967741935483871,
        "recall": 0.07317073170731707,
        "f1-score": 0.1360544217687075,
        "support": 410.0
      },
      "Web Attack - Sql Injection": {
        "precision": 0.0,
        "recall": 0.0,
        "f1-score": 0.0,
        "support": 5.0
      },
      "Web Attack - XSS": {
        "precision": 0.0,
        "recall": 0.0,
        "f1-score": 0.0,
        "support": 201.0
      }
    },
    "confusion_matrix": [
      [
        493884,
        1,
        0,
        8,
        17,
        943,
        5,
        0,
        0,
        2350,
        1,
        1,
        1,
        0
      ],
      [
        93,
        1396,
        0,
        0,
        0,
        0,
        0,
        0,
        0,
        0,
        0,
        0,
        0,
        0
      ],
      [
        3,
        0,
        28701,
        0,
        1,
        0,
        0,
        0,
        0,
        0,
        0,
        0,
        0,
        0
      ],
      [
        6,
        0,
        0,
        2275,
        22,
        18,
        0,
        0,
        0,
        0,
        0,
        0,
        0,
        0
      ],
      [
        7,
        0,
        0,
        19,
        47662,
        1319,
        0,
        0,
        0,
        28,
        0,
        0,
        0,
        0
      ],
      [
        87,
        0,
        0,
        0,
        0,
        4731,
        0,
        0,
        0,
        0,
        0,
        0,
        0,
        0
      ],
      [
        70,
        0,
        0,
        0,
        0,
        443,
        658,
        0,
        0,
        0,
        0,
        0,
        0,
        0
      ],
      [
        0,
        0,
        0,
        0,
        0,
        0,
        0,
        1196,
        0,
        0,
        0,
        0,
        0,
        0
      ],
      [
        3,
        3,
        0,
        0,
        0,
        0,
        0,
        0,
        4,
        4,
        0,
        0,
        0,
        0
      ],
      [
        1326,
        0,
        0,
        0,
        0,
        138,
        0,
        0,
        4,
        46811,
        0,
        0,
        0,
        0
      ],
      [
        7,
        0,
        0,
        0,
        0,
        0,
        0,
        0,
        0,
        0,
        886,
        0,
        0,
        0
      ],
      [
        380,
        0,
        0,
        0,
        0,
        0,
        0,
        0,
        0,
        0,
        0,
        30,
        0,
        0
      ],
      [
        5,
        0,
        0,
        0,
        0,
        0,
        0,
        0,
        0,
        0,
        0,
        0,
        0,
        0
      ],
      [
        201,
        0,
        0,
        0,
        0,
        0,
        0,
        0,
        0,
        0,
        0,
        0,
        0,
        0
      ]
    ],
    "class_order": [
      "BENIGN",
      "Bot",
      "DDoS",
      "DoS GoldenEye",
      "DoS Hulk",
      "DoS Slowhttptest",
      "DoS slowloris",
      "FTP-Patator",
      "Infiltration",
      "PortScan",
      "SSH-Patator",
      "Web Attack - Brute Force",
      "Web Attack - Sql Injection",
      "Web Attack - XSS"
    ]
  },
  "feature_importances": {
    "bytes_fwd": 0.2390853613615036,
    "tot_bytes": 0.19682186841964722,
    "bytes_bwd": 0.19060981273651123,
    "tot_pkts": 0.17938601970672607,
    "pkts_bwd": 0.12009590119123459,
    "is_tcp": 0.028705503791570663,
    "is_udp": 0.0245449747890234,
    "duration": 0.01256148423999548,
    "pkts_fwd": 0.008189121261239052
  },
  "wall_seconds": 32.0
}