{
  "config": {
    "tool": "etbert",
    "regime": "embedding",
    "model": "mlp",
    "task": "multiclass",
    "split": "stratified",
    "seed": 1,
    "dataset": "dapt20",
    "n_features": 768,
    "extractor_family": "nfm",
    "cfg_name": "sample",
    "max_train": null
  },
  "config_hash": "27ef07745e654069",
  "git_commit": null,
  "n_train": 35987,
  "n_test": 15423,
  "metrics": {
    "macro_f1": 0.653629458584073,
    "weighted_f1": 0.941136273533809,
    "balanced_accuracy": 0.6395967527932171,
    "per_class": {
      "BENIGN": {
        "precision": 0.9595361042918819,
        "recall": 0.9757252302659895,
        "f1-score": 0.9675629534784465,
        "support": 11617.0
      },
      "Data Exfiltration": {
        "precision": 0.0,
        "recall": 0.0,
        "f1-score": 0.0,
        "support": 1.0
      },
      "Establish Foothold": {
        "precision": 0.9650557620817843,
        "recall": 0.9825889477668432,
        "f1-score": 0.9737434358589647,
        "support": 1321.0
      },
      "Lateral Movement": {
        "precision": 0.6526717557251909,
        "recall": 0.2943201376936317,
        "f1-score": 0.40569395017793597,
        "support": 581.0
      },
      "Reconnaissance": {
        "precision": 0.8981527708437343,
        "recall": 0.9453494482396216,
        "f1-score": 0.921146953405018,
        "support": 1903.0
      }
    },
    "confusion_matrix": [
      [
        11335,
        0,
        17,
        78,
        187
      ],
      [
        1,
        0,
        0,
        0,
        0
      ],
      [
        8,
        0,
        1298,
        4,
        11
      ],
      [
        392,
        0,
        12,
        171,
        6
      ],
      [
        77,
        0,
        18,
        9,
        1799
      ]
    ],
    "class_order": [
      "BENIGN",
      "Data Exfiltration",
      "Establish Foothold",
      "Lateral Movement",
      "Reconnaissance"
    ]
  },
  "wall_seconds": 14.2
}