{
  "config": {
    "tool": "etbert",
    "regime": "embedding",
    "model": "logreg",
    "task": "binary",
    "split": "stratified",
    "seed": 0,
    "dataset": "dapt20",
    "n_features": 768,
    "extractor_family": "nfm",
    "cfg_name": "sample",
    "max_train": null
  },
  "config_hash": "425c0d9817470661",
  "git_commit": null,
  "n_train": 35987,
  "n_test": 15423,
  "metrics": {
    "macro_f1": 0.9111522979199385,
    "weighted_f1": 0.9317558848200598,
    "balanced_accuracy": 0.9386359757528231,
    "per_class": {
      "0": {
        "precision": 0.9846337872653662,
        "recall": 0.9211500387363347,
        "f1-score": 0.951834556370914,
        "support": 11617.0
      },
      "1": {
        "precision": 0.7989023051591657,
        "recall": 0.9561219127693116,
        "f1-score": 0.8704700394689631,
        "support": 3806.0
      }
    },
    "fpr": 0.07884996126366532,
    "attack_recall": 0.9561219127693116,
    "attack_precision": 0.7989023051591657,
    "auc_pr": 0.9478275843965299,
    "confusion_matrix": [
      [
        10701,
        916
      ],
      [
        167,
        3639
      ]
    ],
    "class_order": [
      "0",
      "1"
    ]
  },
  "wall_seconds": 14.6
}