{
  "config": {
    "tool": "etbert",
    "regime": "embedding",
    "model": "mlp",
    "task": "binary",
    "split": "temporal",
    "seed": 1,
    "dataset": "dapt20",
    "n_features": 768,
    "extractor_family": "nfm",
    "cfg_name": "sample",
    "max_train": null
  },
  "config_hash": "e252c06a3d90148f",
  "git_commit": null,
  "n_train": 36075,
  "n_test": 15335,
  "metrics": {
    "macro_f1": 0.5222716872507775,
    "weighted_f1": 0.8255644714589392,
    "balanced_accuracy": 0.5259319170502044,
    "per_class": {
      "0": {
        "precision": 0.8794255177020708,
        "recall": 0.982756046581069,
        "f1-score": 0.9282239300571107,
        "support": 13396.0
      },
      "1": {
        "precision": 0.36712328767123287,
        "recall": 0.06910778751933987,
        "f1-score": 0.11631944444444445,
        "support": 1939.0
      }
    },
    "fpr": 0.017243953418931025,
    "attack_recall": 0.06910778751933987,
    "attack_precision": 0.36712328767123287,
    "auc_pr": 0.28508443106793985,
    "confusion_matrix": [
      [
        13165,
        231
      ],
      [
        1805,
        134
      ]
    ],
    "class_order": [
      "0",
      "1"
    ]
  },
  "wall_seconds": 12.4
}