{
  "config": {
    "tool": "etbert",
    "regime": "embedding",
    "model": "rf",
    "task": "multiclass",
    "split": "stratified",
    "seed": 4,
    "dataset": "dapt20",
    "n_features": 768,
    "extractor_family": "nfm",
    "cfg_name": "sample",
    "max_train": null
  },
  "config_hash": "b225230f0b9eb244",
  "git_commit": null,
  "n_train": 35987,
  "n_test": 15423,
  "metrics": {
    "macro_f1": 0.5010882926717224,
    "weighted_f1": 0.8442421456368447,
    "balanced_accuracy": 0.46664187021090753,
    "per_class": {
      "BENIGN": {
        "precision": 0.8724159697017516,
        "recall": 0.9517947835069295,
        "f1-score": 0.9103783294224198,
        "support": 11617.0
      },
      "Data Exfiltration": {
        "precision": 0.0,
        "recall": 0.0,
        "f1-score": 0.0,
        "support": 1.0
      },
      "Establish Foothold": {
        "precision": 0.9254783484390735,
        "recall": 0.6956850870552612,
        "f1-score": 0.7942955920484011,
        "support": 1321.0
      },
      "Lateral Movement": {
        "precision": 0.1211340206185567,
        "recall": 0.08089500860585198,
        "f1-score": 0.09700722394220847,
        "support": 581.0
      },
      "Reconnaissance": {
        "precision": 0.841374269005848,
        "recall": 0.604834471886495,
        "f1-score": 0.7037603179455824,
        "support": 1903.0
      }
    },
    "confusion_matrix": [
      [
        11057,
        0,
        35,
        341,
        184
      ],
      [
        1,
        0,
        0,
        0,
        0
      ],
      [
        371,
        0,
        919,
        0,
        31
      ],
      [
        527,
        0,
        5,
        47,
        2
      ],
      [
        718,
        0,
        34,
        0,
        1151
      ]
    ],
    "class_order": [
      "BENIGN",
      "Data Exfiltration",
      "Establish Foothold",
      "Lateral Movement",
      "Reconnaissance"
    ]
  },
  "wall_seconds": 17.9
}