{
  "config": {
    "tool": "etbert",
    "regime": "embedding",
    "model": "xgb",
    "task": "binary",
    "split": "stratified",
    "seed": 2,
    "dataset": "dapt20",
    "n_features": 768,
    "extractor_family": "nfm",
    "cfg_name": "sample",
    "max_train": null
  },
  "config_hash": "fc1375b19a9f05fc",
  "git_commit": null,
  "n_train": 35987,
  "n_test": 15423,
  "metrics": {
    "macro_f1": 0.87858358033738,
    "weighted_f1": 0.9087811257901546,
    "balanced_accuracy": 0.8865475926771387,
    "per_class": {
      "0": {
        "precision": 0.9479789103690686,
        "recall": 0.9286390634415082,
        "f1-score": 0.9382093316519546,
        "support": 11617.0
      },
      "1": {
        "precision": 0.7949542418995795,
        "recall": 0.8444561219127693,
        "f1-score": 0.8189578290228055,
        "support": 3806.0
      }
    },
    "fpr": 0.07136093655849186,
    "attack_recall": 0.8444561219127693,
    "attack_precision": 0.7949542418995795,
    "auc_pr": 0.8969730570964993,
    "confusion_matrix": [
      [
        10788,
        829
      ],
      [
        592,
        3214
      ]
    ],
    "class_order": [
      "0",
      "1"
    ]
  },
  "wall_seconds": 26.1
}