{
  "config": {
    "tool": "etbert",
    "regime": "embedding",
    "model": "logreg",
    "task": "multiclass",
    "split": "stratified",
    "seed": 0,
    "dataset": "dapt20",
    "n_features": 768,
    "extractor_family": "nfm",
    "cfg_name": "sample",
    "max_train": null
  },
  "config_hash": "3d6b741a414910db",
  "git_commit": null,
  "n_train": 35987,
  "n_test": 15423,
  "metrics": {
    "macro_f1": 0.6913013956295648,
    "weighted_f1": 0.936803371775353,
    "balanced_accuracy": 0.756879813223611,
    "per_class": {
      "BENIGN": {
        "precision": 0.9925816023738873,
        "recall": 0.9214082809675476,
        "f1-score": 0.9556716218025981,
        "support": 11617.0
      },
      "Data Exfiltration": {
        "precision": 0.0,
        "recall": 0.0,
        "f1-score": 0.0,
        "support": 1.0
      },
      "Establish Foothold": {
        "precision": 0.9431072210065645,
        "recall": 0.9788039364118092,
        "f1-score": 0.9606240713224369,
        "support": 1321.0
      },
      "Lateral Movement": {
        "precision": 0.49675625579240035,
        "recall": 0.9225473321858864,
        "f1-score": 0.6457831325301204,
        "support": 581.0
      },
      "Reconnaissance": {
        "precision": 0.8359981726815897,
        "recall": 0.9616395165528113,
        "f1-score": 0.8944281524926686,
        "support": 1903.0
      }
    },
    "confusion_matrix": [
      [
        10704,
        0,
        47,
        523,
        343
      ],
      [
        0,
        0,
        0,
        1,
        0
      ],
      [
        10,
        0,
        1293,
        9,
        9
      ],
      [
        22,
        0,
        16,
        536,
        7
      ],
      [
        48,
        0,
        15,
        10,
        1830
      ]
    ],
    "class_order": [
      "BENIGN",
      "Data Exfiltration",
      "Establish Foothold",
      "Lateral Movement",
      "Reconnaissance"
    ]
  },
  "wall_seconds": 36.3
}