{
  "config": {
    "tool": "etbert",
    "regime": "embedding",
    "model": "xgb",
    "task": "multiclass",
    "split": "stratified",
    "seed": 4,
    "dataset": "dapt20",
    "n_features": 768,
    "extractor_family": "nfm",
    "cfg_name": "sample",
    "max_train": null
  },
  "config_hash": "7d13c85a63ef6a70",
  "git_commit": null,
  "n_train": 35987,
  "n_test": 15423,
  "metrics": {
    "macro_f1": 0.581509985371204,
    "weighted_f1": 0.9003287102413347,
    "balanced_accuracy": 0.5745975093260773,
    "per_class": {
      "BENIGN": {
        "precision": 0.9311744313858121,
        "recall": 0.948007230782474,
        "f1-score": 0.9395154410510151,
        "support": 11617.0
      },
      "Data Exfiltration": {
        "precision": 0.0,
        "recall": 0.0,
        "f1-score": 0.0,
        "support": 1.0
      },
      "Establish Foothold": {
        "precision": 0.9472856018882769,
        "recall": 0.9114307342922029,
        "f1-score": 0.9290123456790124,
        "support": 1321.0
      },
      "Lateral Movement": {
        "precision": 0.20454545454545456,
        "recall": 0.1549053356282272,
        "f1-score": 0.1762977473065622,
        "support": 581.0
      },
      "Reconnaissance": {
        "precision": 0.86684350132626,
        "recall": 0.8586442459274829,
        "f1-score": 0.8627243928194298,
        "support": 1903.0
      }
    },
    "confusion_matrix": [
      [
        11013,
        0,
        39,
        346,
        219
      ],
      [
        1,
        0,
        0,
        0,
        0
      ],
      [
        91,
        0,
        1204,
        2,
        24
      ],
      [
        474,
        0,
        9,
        90,
        8
      ],
      [
        248,
        0,
        19,
        2,
        1634
      ]
    ],
    "class_order": [
      "BENIGN",
      "Data Exfiltration",
      "Establish Foothold",
      "Lateral Movement",
      "Reconnaissance"
    ]
  },
  "wall_seconds": 78.4
}