{
  "config": {
    "tool": "etbert",
    "regime": "embedding",
    "model": "mlp",
    "task": "binary",
    "split": "stratified",
    "seed": 4,
    "dataset": "dapt20",
    "n_features": 768,
    "extractor_family": "nfm",
    "cfg_name": "sample",
    "max_train": null
  },
  "config_hash": "5674a5ddbe8bf7c4",
  "git_commit": null,
  "n_train": 35987,
  "n_test": 15423,
  "metrics": {
    "macro_f1": 0.9330605977789933,
    "weighted_f1": 0.9492145575772869,
    "balanced_accuracy": 0.9508141505886489,
    "per_class": {
      "0": {
        "precision": 0.9849394890183774,
        "recall": 0.9457691314452957,
        "f1-score": 0.9649569646934832,
        "support": 11617.0
      },
      "1": {
        "precision": 0.852389878163074,
        "recall": 0.9558591697320021,
        "f1-score": 0.9011642308645034,
        "support": 3806.0
      }
    },
    "fpr": 0.05423086855470431,
    "attack_recall": 0.9558591697320021,
    "attack_precision": 0.852389878163074,
    "auc_pr": 0.9723887221570231,
    "confusion_matrix": [
      [
        10987,
        630
      ],
      [
        168,
        3638
      ]
    ],
    "class_order": [
      "0",
      "1"
    ]
  },
  "wall_seconds": 17.3
}