{
  "config": {
    "tool": "etbert",
    "regime": "embedding",
    "model": "rf",
    "task": "multiclass",
    "split": "stratified",
    "seed": 2,
    "dataset": "dapt20",
    "n_features": 768,
    "extractor_family": "nfm",
    "cfg_name": "sample",
    "max_train": null
  },
  "config_hash": "e3344a1f15a99594",
  "git_commit": null,
  "n_train": 35987,
  "n_test": 15423,
  "metrics": {
    "macro_f1": 0.5095770562851291,
    "weighted_f1": 0.8501628529085915,
    "balanced_accuracy": 0.47831248462544274,
    "per_class": {
      "BENIGN": {
        "precision": 0.8780390910535516,
        "recall": 0.9512782990445038,
        "f1-score": 0.9131925794323018,
        "support": 11617.0
      },
      "Data Exfiltration": {
        "precision": 0.0,
        "recall": 0.0,
        "f1-score": 0.0,
        "support": 1.0
      },
      "Establish Foothold": {
        "precision": 0.9281609195402298,
        "recall": 0.7335352006056018,
        "f1-score": 0.8194503171247357,
        "support": 1321.0
      },
      "Lateral Movement": {
        "precision": 0.12634408602150538,
        "recall": 0.08089500860585198,
        "f1-score": 0.09863588667366212,
        "support": 581.0
      },
      "Reconnaissance": {
        "precision": 0.8381421534130894,
        "recall": 0.6258539148712559,
        "f1-score": 0.7166064981949458,
        "support": 1903.0
      }
    },
    "confusion_matrix": [
      [
        11051,
        0,
        42,
        325,
        199
      ],
      [
        1,
        0,
        0,
        0,
        0
      ],
      [
        324,
        0,
        969,
        0,
        28
      ],
      [
        526,
        0,
        5,
        47,
        3
      ],
      [
        684,
        0,
        28,
        0,
        1191
      ]
    ],
    "class_order": [
      "BENIGN",
      "Data Exfiltration",
      "Establish Foothold",
      "Lateral Movement",
      "Reconnaissance"
    ]
  },
  "wall_seconds": 17.9
}