{
  "config": {
    "tool": "etbert",
    "regime": "embedding",
    "model": "rf",
    "task": "binary",
    "split": "stratified",
    "seed": 2,
    "dataset": "dapt20",
    "n_features": 768,
    "extractor_family": "nfm",
    "cfg_name": "sample",
    "max_train": null
  },
  "config_hash": "bf410b88258054ff",
  "git_commit": null,
  "n_train": 35987,
  "n_test": 15423,
  "metrics": {
    "macro_f1": 0.8413693925665574,
    "weighted_f1": 0.8817653317815047,
    "balanced_accuracy": 0.8430608041714647,
    "per_class": {
      "0": {
        "precision": 0.9233630308796816,
        "recall": 0.9189119393991564,
        "f1-score": 0.92113210803348,
        "support": 11617.0
      },
      "1": {
        "precision": 0.7560849300880372,
        "recall": 0.767209668943773,
        "f1-score": 0.7616066770996348,
        "support": 3806.0
      }
    },
    "fpr": 0.08108806060084359,
    "attack_recall": 0.767209668943773,
    "attack_precision": 0.7560849300880372,
    "auc_pr": 0.7894773144662075,
    "confusion_matrix": [
      [
        10675,
        942
      ],
      [
        886,
        2920
      ]
    ],
    "class_order": [
      "0",
      "1"
    ]
  },
  "wall_seconds": 15.6
}