{
  "config": {
    "tool": "etbert",
    "regime": "embedding",
    "model": "xgb",
    "task": "binary",
    "split": "stratified",
    "seed": 0,
    "dataset": "dapt20",
    "n_features": 768,
    "extractor_family": "nfm",
    "cfg_name": "sample",
    "max_train": null
  },
  "config_hash": "fdd9c1055f6a2f9f",
  "git_commit": null,
  "n_train": 35987,
  "n_test": 15423,
  "metrics": {
    "macro_f1": 0.8745477902522254,
    "weighted_f1": 0.9057902745668437,
    "balanced_accuracy": 0.8820944634611669,
    "per_class": {
      "0": {
        "precision": 0.9455662862159789,
        "recall": 0.9270896100542309,
        "f1-score": 0.9362367974964141,
        "support": 11617.0
      },
      "1": {
        "precision": 0.7899826431936524,
        "recall": 0.837099316868103,
        "f1-score": 0.8128587830080367,
        "support": 3806.0
      }
    },
    "fpr": 0.07291038994576914,
    "attack_recall": 0.837099316868103,
    "attack_precision": 0.7899826431936524,
    "auc_pr": 0.8944362092791762,
    "confusion_matrix": [
      [
        10770,
        847
      ],
      [
        620,
        3186
      ]
    ],
    "class_order": [
      "0",
      "1"
    ]
  },
  "wall_seconds": 25.9
}