{
  "config": {
    "tool": "etbert",
    "regime": "embedding",
    "model": "xgb",
    "task": "multiclass",
    "split": "stratified",
    "seed": 0,
    "dataset": "dapt20",
    "n_features": 768,
    "extractor_family": "nfm",
    "cfg_name": "sample",
    "max_train": null
  },
  "config_hash": "f1cb0f5dc166dec2",
  "git_commit": null,
  "n_train": 35987,
  "n_test": 15423,
  "metrics": {
    "macro_f1": 0.5876275888105209,
    "weighted_f1": 0.9033739117067574,
    "balanced_accuracy": 0.5820634191049958,
    "per_class": {
      "BENIGN": {
        "precision": 0.9357634463420852,
        "recall": 0.948007230782474,
        "f1-score": 0.9418455486188317,
        "support": 11617.0
      },
      "Data Exfiltration": {
        "precision": 0.0,
        "recall": 0.0,
        "f1-score": 0.0,
        "support": 1.0
      },
      "Establish Foothold": {
        "precision": 0.9396078431372549,
        "recall": 0.906888720666162,
        "f1-score": 0.9229583975346687,
        "support": 1321.0
      },
      "Lateral Movement": {
        "precision": 0.23010752688172043,
        "recall": 0.18416523235800344,
        "f1-score": 0.2045889101338432,
        "support": 581.0
      },
      "Reconnaissance": {
        "precision": 0.8662486938349008,
        "recall": 0.8712559117183395,
        "f1-score": 0.8687450877652607,
        "support": 1903.0
      }
    },
    "confusion_matrix": [
      [
        11013,
        0,
        39,
        355,
        210
      ],
      [
        1,
        0,
        0,
        0,
        0
      ],
      [
        84,
        0,
        1198,
        2,
        37
      ],
      [
        454,
        0,
        11,
        107,
        9
      ],
      [
        217,
        0,
        27,
        1,
        1658
      ]
    ],
    "class_order": [
      "BENIGN",
      "Data Exfiltration",
      "Establish Foothold",
      "Lateral Movement",
      "Reconnaissance"
    ]
  },
  "wall_seconds": 78.3
}