{
  "config": {
    "tool": "etbert",
    "regime": "embedding",
    "model": "mlp",
    "task": "binary",
    "split": "temporal",
    "seed": 0,
    "dataset": "dapt20",
    "n_features": 768,
    "extractor_family": "nfm",
    "cfg_name": "sample",
    "max_train": null
  },
  "config_hash": "25e1da0629c9f3e1",
  "git_commit": null,
  "n_train": 36075,
  "n_test": 15335,
  "metrics": {
    "macro_f1": 0.5149021213513849,
    "weighted_f1": 0.8243152409636257,
    "balanced_accuracy": 0.5220097375753248,
    "per_class": {
      "0": {
        "precision": 0.8785177300246158,
        "recall": 0.985742012541057,
        "f1-score": 0.929046329194076,
        "support": 13396.0
      },
      "1": {
        "precision": 0.3717105263157895,
        "recall": 0.05827746260959257,
        "f1-score": 0.10075791350869372,
        "support": 1939.0
      }
    },
    "fpr": 0.014257987458942968,
    "attack_recall": 0.05827746260959257,
    "attack_precision": 0.3717105263157895,
    "auc_pr": 0.23155993235477193,
    "confusion_matrix": [
      [
        13205,
        191
      ],
      [
        1826,
        113
      ]
    ],
    "class_order": [
      "0",
      "1"
    ]
  },
  "wall_seconds": 16.4
}