{
  "config": {
    "tool": "netfound",
    "regime": "embedding",
    "model": "logreg",
    "task": "binary",
    "split": "stratified",
    "seed": 1,
    "dataset": "dapt20",
    "n_features": 1024,
    "extractor_family": "nfm",
    "cfg_name": "sample",
    "max_train": null
  },
  "config_hash": "83b44f253553582c",
  "git_commit": null,
  "n_train": 35987,
  "n_test": 15423,
  "metrics": {
    "macro_f1": 0.9134313160361622,
    "weighted_f1": 0.9328213149830266,
    "balanced_accuracy": 0.9500647324478853,
    "per_class": {
      "0": {
        "precision": 0.996047802766538,
        "recall": 0.9111646724627701,
        "f1-score": 0.9517173170293113,
        "support": 11617.0
      },
      "1": {
        "precision": 0.7848206839032527,
        "recall": 0.9889647924330005,
        "f1-score": 0.8751453150430133,
        "support": 3806.0
      }
    },
    "fpr": 0.08883532753722992,
    "attack_recall": 0.9889647924330005,
    "attack_precision": 0.7848206839032527,
    "auc_pr": 0.9529515538241844,
    "confusion_matrix": [
      [
        10585,
        1032
      ],
      [
        42,
        3764
      ]
    ],
    "class_order": [
      "0",
      "1"
    ]
  },
  "wall_seconds": 22.3
}