{
  "config": {
    "tool": "netfound",
    "regime": "embedding",
    "model": "rf",
    "task": "binary",
    "split": "stratified",
    "seed": 3,
    "dataset": "dapt20",
    "n_features": 1024,
    "extractor_family": "nfm",
    "cfg_name": "sample",
    "max_train": null
  },
  "config_hash": "5553099265181e4b",
  "git_commit": null,
  "n_train": 35987,
  "n_test": 15423,
  "metrics": {
    "macro_f1": 0.9078642498329808,
    "weighted_f1": 0.9311545455923788,
    "balanced_accuracy": 0.911941966199082,
    "per_class": {
      "0": {
        "precision": 0.9585361613351877,
        "recall": 0.9492123611948007,
        "f1-score": 0.9538514770122399,
        "support": 11617.0
      },
      "1": {
        "precision": 0.8494513906608829,
        "recall": 0.8746715712033631,
        "f1-score": 0.8618770226537217,
        "support": 3806.0
      }
    },
    "fpr": 0.05078763880519928,
    "attack_recall": 0.8746715712033631,
    "attack_precision": 0.8494513906608829,
    "auc_pr": 0.9569618070803589,
    "confusion_matrix": [
      [
        11027,
        590
      ],
      [
        477,
        3329
      ]
    ],
    "class_order": [
      "0",
      "1"
    ]
  },
  "wall_seconds": 12.2
}