{
  "config": {
    "tool": "netfound",
    "regime": "embedding",
    "model": "xgb",
    "task": "binary",
    "split": "temporal",
    "seed": 0,
    "dataset": "dapt20",
    "n_features": 1024,
    "extractor_family": "nfm",
    "cfg_name": "sample",
    "max_train": null
  },
  "config_hash": "80cfee7dc255366e",
  "git_commit": null,
  "n_train": 36075,
  "n_test": 15335,
  "metrics": {
    "macro_f1": 0.5023992632807637,
    "weighted_f1": 0.8241508817387915,
    "balanced_accuracy": 0.517215772306467,
    "per_class": {
      "0": {
        "precision": 0.8773913615146933,
        "recall": 0.9962675425500149,
        "f1-score": 0.9330583423637572,
        "support": 13396.0
      },
      "1": {
        "precision": 0.5967741935483871,
        "recall": 0.038164002062919034,
        "f1-score": 0.07174018419777024,
        "support": 1939.0
      }
    },
    "fpr": 0.0037324574499850703,
    "attack_recall": 0.038164002062919034,
    "attack_precision": 0.5967741935483871,
    "auc_pr": 0.22859043175173344,
    "confusion_matrix": [
      [
        13346,
        50
      ],
      [
        1865,
        74
      ]
    ],
    "class_order": [
      "0",
      "1"
    ]
  },
  "wall_seconds": 18.6
}