{
  "config": {
    "tool": "netfound",
    "regime": "embedding",
    "model": "mlp",
    "task": "binary",
    "split": "stratified",
    "seed": 0,
    "dataset": "dapt20",
    "n_features": 1024,
    "extractor_family": "nfm",
    "cfg_name": "sample",
    "max_train": null
  },
  "config_hash": "ee43a78b0ad2b15f",
  "git_commit": null,
  "n_train": 35987,
  "n_test": 15423,
  "metrics": {
    "macro_f1": 0.9118331344083541,
    "weighted_f1": 0.9346094500262785,
    "balanced_accuracy": 0.9097975469566386,
    "per_class": {
      "0": {
        "precision": 0.9545104086353122,
        "recall": 0.9591116467246277,
        "f1-score": 0.9568054959209962,
        "support": 11617.0
      },
      "1": {
        "precision": 0.8733333333333333,
        "recall": 0.8604834471886496,
        "f1-score": 0.8668607728957121,
        "support": 3806.0
      }
    },
    "fpr": 0.0408883532753723,
    "attack_recall": 0.8604834471886496,
    "attack_precision": 0.8733333333333333,
    "auc_pr": 0.9572451679307149,
    "confusion_matrix": [
      [
        11142,
        475
      ],
      [
        531,
        3275
      ]
    ],
    "class_order": [
      "0",
      "1"
    ]
  },
  "wall_seconds": 12.5
}