{
  "config": {
    "tool": "netfound",
    "regime": "embedding",
    "model": "logreg",
    "task": "multiclass",
    "split": "stratified",
    "seed": 1,
    "dataset": "dapt20",
    "n_features": 1024,
    "extractor_family": "nfm",
    "cfg_name": "sample",
    "max_train": null
  },
  "config_hash": "0100b55d5122973f",
  "git_commit": null,
  "n_train": 35987,
  "n_test": 15423,
  "metrics": {
    "macro_f1": 0.8214352967140481,
    "weighted_f1": 0.9326932916145744,
    "balanced_accuracy": 0.9674847765829995,
    "per_class": {
      "BENIGN": {
        "precision": 0.9980107985223075,
        "recall": 0.9069467160196264,
        "f1-score": 0.9503021556778208,
        "support": 11617.0
      },
      "Data Exfiltration": {
        "precision": 0.5,
        "recall": 1.0,
        "f1-score": 0.6666666666666666,
        "support": 1.0
      },
      "Establish Foothold": {
        "precision": 0.9586715867158672,
        "recall": 0.9833459500378501,
        "f1-score": 0.9708520179372198,
        "support": 1321.0
      },
      "Lateral Movement": {
        "precision": 0.4661087866108787,
        "recall": 0.9586919104991394,
        "f1-score": 0.6272522522522522,
        "support": 581.0
      },
      "Reconnaissance": {
        "precision": 0.8128781331028522,
        "recall": 0.9884393063583815,
        "f1-score": 0.8921033910362817,
        "support": 1903.0
      }
    },
    "confusion_matrix": [
      [
        10536,
        1,
        33,
        617,
        430
      ],
      [
        0,
        1,
        0,
        0,
        0
      ],
      [
        1,
        0,
        1299,
        18,
        3
      ],
      [
        11,
        0,
        13,
        557,
        0
      ],
      [
        9,
        0,
        10,
        3,
        1881
      ]
    ],
    "class_order": [
      "BENIGN",
      "Data Exfiltration",
      "Establish Foothold",
      "Lateral Movement",
      "Reconnaissance"
    ]
  },
  "wall_seconds": 55.0
}