{
  "config": {
    "tool": "netfound",
    "regime": "embedding",
    "model": "xgb",
    "task": "binary",
    "split": "stratified",
    "seed": 3,
    "dataset": "dapt20",
    "n_features": 1024,
    "extractor_family": "nfm",
    "cfg_name": "sample",
    "max_train": null
  },
  "config_hash": "79e161c06b4621d0",
  "git_commit": null,
  "n_train": 35987,
  "n_test": 15423,
  "metrics": {
    "macro_f1": 0.9135301654446311,
    "weighted_f1": 0.9352689607614543,
    "balanced_accuracy": 0.9192036888878173,
    "per_class": {
      "0": {
        "precision": 0.9629209562031059,
        "recall": 0.950073168632177,
        "f1-score": 0.9564539191472767,
        "support": 11617.0
      },
      "1": {
        "precision": 0.8535723302196415,
        "recall": 0.8883342091434577,
        "f1-score": 0.8706064117419853,
        "support": 3806.0
      }
    },
    "fpr": 0.04992683136782302,
    "attack_recall": 0.8883342091434577,
    "attack_precision": 0.8535723302196415,
    "auc_pr": 0.9598308482425719,
    "confusion_matrix": [
      [
        11037,
        580
      ],
      [
        425,
        3381
      ]
    ],
    "class_order": [
      "0",
      "1"
    ]
  },
  "wall_seconds": 18.1
}