{
  "config": {
    "tool": "netfound",
    "regime": "embedding",
    "model": "rf",
    "task": "binary",
    "split": "temporal",
    "seed": 1,
    "dataset": "dapt20",
    "n_features": 1024,
    "extractor_family": "nfm",
    "cfg_name": "sample",
    "max_train": null
  },
  "config_hash": "68dc07948d653867",
  "git_commit": null,
  "n_train": 36075,
  "n_test": 15335,
  "metrics": {
    "macro_f1": 0.4978790359456682,
    "weighted_f1": 0.8230427227311884,
    "balanced_accuracy": 0.5150103692634305,
    "per_class": {
      "0": {
        "precision": 0.8768958046090211,
        "recall": 0.997014034040012,
        "f1-score": 0.9331051105599609,
        "support": 13396.0
      },
      "1": {
        "precision": 0.6153846153846154,
        "recall": 0.03300670448684889,
        "f1-score": 0.06265296133137543,
        "support": 1939.0
      }
    },
    "fpr": 0.002985965959988056,
    "attack_recall": 0.03300670448684889,
    "attack_precision": 0.6153846153846154,
    "auc_pr": 0.27191038424565417,
    "confusion_matrix": [
      [
        13356,
        40
      ],
      [
        1875,
        64
      ]
    ],
    "class_order": [
      "0",
      "1"
    ]
  },
  "wall_seconds": 10.1
}