{
  "config": {
    "tool": "netfound",
    "regime": "embedding",
    "model": "xgb",
    "task": "binary",
    "split": "stratified",
    "seed": 1,
    "dataset": "dapt20",
    "n_features": 1024,
    "extractor_family": "nfm",
    "cfg_name": "sample",
    "max_train": null
  },
  "config_hash": "87e4fdd6a160d0a3",
  "git_commit": null,
  "n_train": 35987,
  "n_test": 15423,
  "metrics": {
    "macro_f1": 0.9123100872615209,
    "weighted_f1": 0.934228915738454,
    "balanced_accuracy": 0.919577267102396,
    "per_class": {
      "0": {
        "precision": 0.9639166228761604,
        "recall": 0.9474046655763105,
        "f1-score": 0.9555893205990883,
        "support": 11617.0
      },
      "1": {
        "precision": 0.8474406991260924,
        "recall": 0.8917498686284814,
        "f1-score": 0.8690308539239534,
        "support": 3806.0
      }
    },
    "fpr": 0.05259533442368942,
    "attack_recall": 0.8917498686284814,
    "attack_precision": 0.8474406991260924,
    "auc_pr": 0.9580748823243227,
    "confusion_matrix": [
      [
        11006,
        611
      ],
      [
        412,
        3394
      ]
    ],
    "class_order": [
      "0",
      "1"
    ]
  },
  "wall_seconds": 18.1
}