{
  "config": {
    "tool": "netfound",
    "regime": "embedding",
    "model": "rf",
    "task": "binary",
    "split": "temporal",
    "seed": 2,
    "dataset": "dapt20",
    "n_features": 1024,
    "extractor_family": "nfm",
    "cfg_name": "sample",
    "max_train": null
  },
  "config_hash": "651a84387cc3147c",
  "git_commit": null,
  "n_train": 36075,
  "n_test": 15335,
  "metrics": {
    "macro_f1": 0.49840344426321836,
    "weighted_f1": 0.8232275345090148,
    "balanced_accuracy": 0.5153055587167338,
    "per_class": {
      "0": {
        "precision": 0.8769614601798963,
        "recall": 0.9970886831890117,
        "f1-score": 0.9331749746742586,
        "support": 13396.0
      },
      "1": {
        "precision": 0.625,
        "recall": 0.033522434244455904,
        "f1-score": 0.06363191385217817,
        "support": 1939.0
      }
    },
    "fpr": 0.0029113168109883548,
    "attack_recall": 0.033522434244455904,
    "attack_precision": 0.625,
    "auc_pr": 0.23849328289854577,
    "confusion_matrix": [
      [
        13357,
        39
      ],
      [
        1874,
        65
      ]
    ],
    "class_order": [
      "0",
      "1"
    ]
  },
  "wall_seconds": 9.8
}