{
  "config": {
    "tool": "netfound",
    "regime": "embedding",
    "model": "logreg",
    "task": "binary",
    "split": "stratified",
    "seed": 4,
    "dataset": "dapt20",
    "n_features": 1024,
    "extractor_family": "nfm",
    "cfg_name": "sample",
    "max_train": null
  },
  "config_hash": "c092063ba251890c",
  "git_commit": null,
  "n_train": 35987,
  "n_test": 15423,
  "metrics": {
    "macro_f1": 0.9149827373950223,
    "weighted_f1": 0.9340531602697782,
    "balanced_accuracy": 0.9513671956191913,
    "per_class": {
      "0": {
        "precision": 0.9965215756322271,
        "recall": 0.9124558836188345,
        "f1-score": 0.9526377280488901,
        "support": 11617.0
      },
      "1": {
        "precision": 0.7875052235687422,
        "recall": 0.990278507619548,
        "f1-score": 0.8773277467411545,
        "support": 3806.0
      }
    },
    "fpr": 0.08754411638116553,
    "attack_recall": 0.990278507619548,
    "attack_precision": 0.7875052235687422,
    "auc_pr": 0.9528220613056579,
    "confusion_matrix": [
      [
        10600,
        1017
      ],
      [
        37,
        3769
      ]
    ],
    "class_order": [
      "0",
      "1"
    ]
  },
  "wall_seconds": 22.9
}