{
  "config": {
    "tool": "netfound",
    "regime": "embedding",
    "model": "xgb",
    "task": "multiclass",
    "split": "stratified",
    "seed": 1,
    "dataset": "dapt20",
    "n_features": 1024,
    "extractor_family": "nfm",
    "cfg_name": "sample",
    "max_train": null
  },
  "config_hash": "226a58a1ba8fe42c",
  "git_commit": null,
  "n_train": 35987,
  "n_test": 15423,
  "metrics": {
    "macro_f1": 0.6512621694936949,
    "weighted_f1": 0.9279803160784094,
    "balanced_accuracy": 0.6547889300182973,
    "per_class": {
      "BENIGN": {
        "precision": 0.9585145242650895,
        "recall": 0.948695876732375,
        "f1-score": 0.9535799264546831,
        "support": 11617.0
      },
      "Data Exfiltration": {
        "precision": 0.0,
        "recall": 0.0,
        "f1-score": 0.0,
        "support": 1.0
      },
      "Establish Foothold": {
        "precision": 0.977116704805492,
        "recall": 0.9697199091597275,
        "f1-score": 0.973404255319149,
        "support": 1321.0
      },
      "Lateral Movement": {
        "precision": 0.45108695652173914,
        "recall": 0.42857142857142855,
        "f1-score": 0.43954104148278905,
        "support": 581.0
      },
      "Reconnaissance": {
        "precision": 0.8554801163918526,
        "recall": 0.9269574356279559,
        "f1-score": 0.8897856242118537,
        "support": 1903.0
      }
    },
    "confusion_matrix": [
      [
        11021,
        0,
        9,
        294,
        293
      ],
      [
        1,
        0,
        0,
        0,
        0
      ],
      [
        27,
        0,
        1281,
        9,
        4
      ],
      [
        316,
        0,
        15,
        249,
        1
      ],
      [
        133,
        0,
        6,
        0,
        1764
      ]
    ],
    "class_order": [
      "BENIGN",
      "Data Exfiltration",
      "Establish Foothold",
      "Lateral Movement",
      "Reconnaissance"
    ]
  },
  "wall_seconds": 50.7
}