{
  "config": {
    "tool": "nfstream-common",
    "regime": "embedding",
    "model": "xgb",
    "task": "multiclass",
    "split": "stratified",
    "seed": 1,
    "dataset": "dapt20",
    "n_features": 9,
    "extractor_family": "nfm",
    "cfg_name": "sample",
    "max_train": null
  },
  "config_hash": "46e8ce17b04578f0",
  "git_commit": null,
  "n_train": 35987,
  "n_test": 15423,
  "metrics": {
    "macro_f1": 0.5996275289741824,
    "weighted_f1": 0.9190183351755273,
    "balanced_accuracy": 0.5916369913351941,
    "per_class": {
      "BENIGN": {
        "precision": 0.9420617005267118,
        "recall": 0.9699578204355686,
        "f1-score": 0.9558062600729493,
        "support": 11617.0
      },
      "Data Exfiltration": {
        "precision": 0.0,
        "recall": 0.0,
        "f1-score": 0.0,
        "support": 1.0
      },
      "Establish Foothold": {
        "precision": 0.9693721286370597,
        "recall": 0.9583648750946253,
        "f1-score": 0.9638370765131329,
        "support": 1321.0
      },
      "Lateral Movement": {
        "precision": 0.43636363636363634,
        "recall": 0.12392426850258176,
        "f1-score": 0.19302949061662197,
        "support": 581.0
      },
      "Reconnaissance": {
        "precision": 0.8658965344048217,
        "recall": 0.905937992643195,
        "f1-score": 0.8854648176682075,
        "support": 1903.0
      }
    },
    "confusion_matrix": [
      [
        11268,
        0,
        13,
        85,
        251
      ],
      [
        1,
        0,
        0,
        0,
        0
      ],
      [
        42,
        0,
        1266,
        1,
        12
      ],
      [
        498,
        0,
        7,
        72,
        4
      ],
      [
        152,
        0,
        20,
        7,
        1724
      ]
    ],
    "class_order": [
      "BENIGN",
      "Data Exfiltration",
      "Establish Foothold",
      "Lateral Movement",
      "Reconnaissance"
    ]
  },
  "wall_seconds": 1.8
}