{
  "config": {
    "tool": "nfstream-common",
    "regime": "embedding",
    "model": "mlp",
    "task": "binary",
    "split": "temporal",
    "seed": 3,
    "dataset": "dapt20",
    "n_features": 9,
    "extractor_family": "nfm",
    "cfg_name": "sample",
    "max_train": null
  },
  "config_hash": "40fb1c609726f0ca",
  "git_commit": null,
  "n_train": 36075,
  "n_test": 15335,
  "metrics": {
    "macro_f1": 0.6288303762240521,
    "weighted_f1": 0.8520134842467628,
    "balanced_accuracy": 0.606483488409016,
    "per_class": {
      "0": {
        "precision": 0.8988166094811287,
        "recall": 0.9581964765601673,
        "f1-score": 0.9275571774397514,
        "support": 13396.0
      },
      "1": {
        "precision": 0.4686907020872865,
        "recall": 0.25477050025786485,
        "f1-score": 0.3301035750083528,
        "support": 1939.0
      }
    },
    "fpr": 0.04180352343983278,
    "attack_recall": 0.25477050025786485,
    "attack_precision": 0.4686907020872865,
    "auc_pr": 0.3172492137352447,
    "confusion_matrix": [
      [
        12836,
        560
      ],
      [
        1445,
        494
      ]
    ],
    "class_order": [
      "0",
      "1"
    ]
  },
  "wall_seconds": 4.0
}