{
  "config": {
    "tool": "nfstream-native",
    "regime": "embedding",
    "model": "rf",
    "task": "binary",
    "split": "stratified",
    "seed": 0,
    "dataset": "dapt20",
    "n_features": 53,
    "extractor_family": "nfm",
    "cfg_name": "sample",
    "max_train": null
  },
  "config_hash": "6f5271e409acbc6f",
  "git_commit": null,
  "n_train": 35987,
  "n_test": 15423,
  "metrics": {
    "macro_f1": 0.8613736727586501,
    "weighted_f1": 0.8910899761448418,
    "balanced_accuracy": 0.9036179967287508,
    "per_class": {
      "0": {
        "precision": 0.977162763692665,
        "recall": 0.8692433502625463,
        "f1-score": 0.9200492004920049,
        "support": 11617.0
      },
      "1": {
        "precision": 0.7015130674002751,
        "recall": 0.9379926431949553,
        "f1-score": 0.8026981450252951,
        "support": 3806.0
      }
    },
    "fpr": 0.13075664973745374,
    "attack_recall": 0.9379926431949553,
    "attack_precision": 0.7015130674002751,
    "auc_pr": 0.9381232295550974,
    "confusion_matrix": [
      [
        10098,
        1519
      ],
      [
        236,
        3570
      ]
    ],
    "class_order": [
      "0",
      "1"
    ]
  },
  "wall_seconds": 1.3
}