{
  "config": {
    "tool": "nfstream-common",
    "regime": "embedding",
    "model": "mlp",
    "task": "multiclass",
    "split": "stratified",
    "seed": 2,
    "dataset": "dapt20",
    "n_features": 9,
    "extractor_family": "nfm",
    "cfg_name": "sample",
    "max_train": null
  },
  "config_hash": "79eec8fb7d5406fa",
  "git_commit": null,
  "n_train": 35987,
  "n_test": 15423,
  "metrics": {
    "macro_f1": 0.5553500536792141,
    "weighted_f1": 0.9036428318914252,
    "balanced_accuracy": 0.565640770192195,
    "per_class": {
      "BENIGN": {
        "precision": 0.9340173506840174,
        "recall": 0.9638460876301971,
        "f1-score": 0.948697309891972,
        "support": 11617.0
      },
      "Data Exfiltration": {
        "precision": 0.0,
        "recall": 0.0,
        "f1-score": 0.0,
        "support": 1.0
      },
      "Establish Foothold": {
        "precision": 0.9983883964544722,
        "recall": 0.9379258137774413,
        "f1-score": 0.9672131147540983,
        "support": 1321.0
      },
      "Lateral Movement": {
        "precision": 0.0,
        "recall": 0.0,
        "f1-score": 0.0,
        "support": 581.0
      },
      "Reconnaissance": {
        "precision": 0.803921568627451,
        "recall": 0.9264319495533369,
        "f1-score": 0.86083984375,
        "support": 1903.0
      }
    },
    "confusion_matrix": [
      [
        11197,
        0,
        0,
        1,
        419
      ],
      [
        1,
        0,
        0,
        0,
        0
      ],
      [
        75,
        0,
        1239,
        0,
        7
      ],
      [
        577,
        0,
        0,
        0,
        4
      ],
      [
        138,
        0,
        2,
        0,
        1763
      ]
    ],
    "class_order": [
      "BENIGN",
      "Data Exfiltration",
      "Establish Foothold",
      "Lateral Movement",
      "Reconnaissance"
    ]
  },
  "wall_seconds": 5.0
}