{
  "config": {
    "tool": "nfstream-common",
    "regime": "embedding",
    "model": "xgb",
    "task": "binary",
    "split": "temporal",
    "seed": 2,
    "dataset": "dapt20",
    "n_features": 9,
    "extractor_family": "nfm",
    "cfg_name": "sample",
    "max_train": null
  },
  "config_hash": "092fb5b296e85800",
  "git_commit": null,
  "n_train": 36075,
  "n_test": 15335,
  "metrics": {
    "macro_f1": 0.49392347810486137,
    "weighted_f1": 0.8206378177235367,
    "balanced_accuracy": 0.5120041144424198,
    "per_class": {
      "0": {
        "precision": 0.8762343647136274,
        "recall": 0.9935801731860257,
        "f1-score": 0.9312250752116421,
        "support": 13396.0
      },
      "1": {
        "precision": 0.4068965517241379,
        "recall": 0.030428055698813822,
        "f1-score": 0.05662188099808062,
        "support": 1939.0
      }
    },
    "fpr": 0.006419826813974321,
    "attack_recall": 0.030428055698813822,
    "attack_precision": 0.4068965517241379,
    "auc_pr": 0.2658518223746895,
    "confusion_matrix": [
      [
        13310,
        86
      ],
      [
        1880,
        59
      ]
    ],
    "class_order": [
      "0",
      "1"
    ]
  },
  "wall_seconds": 0.5
}