{
  "config": {
    "tool": "nfstream-common",
    "regime": "embedding",
    "model": "mlp",
    "task": "multiclass",
    "split": "stratified",
    "seed": 0,
    "dataset": "dapt20",
    "n_features": 9,
    "extractor_family": "nfm",
    "cfg_name": "sample",
    "max_train": null
  },
  "config_hash": "52de4cca19cef04a",
  "git_commit": null,
  "n_train": 35987,
  "n_test": 15423,
  "metrics": {
    "macro_f1": 0.5522653070180327,
    "weighted_f1": 0.9006220454082371,
    "balanced_accuracy": 0.5651771704642152,
    "per_class": {
      "BENIGN": {
        "precision": 0.9353538745697255,
        "recall": 0.9590255659808901,
        "f1-score": 0.9470418225093505,
        "support": 11617.0
      },
      "Data Exfiltration": {
        "precision": 0.0,
        "recall": 0.0,
        "f1-score": 0.0,
        "support": 1.0
      },
      "Establish Foothold": {
        "precision": 0.9991961414790996,
        "recall": 0.9409538228614686,
        "f1-score": 0.9692007797270955,
        "support": 1321.0
      },
      "Lateral Movement": {
        "precision": 0.0,
        "recall": 0.0,
        "f1-score": 0.0,
        "support": 581.0
      },
      "Reconnaissance": {
        "precision": 0.7772386413762682,
        "recall": 0.9259064634787179,
        "f1-score": 0.8450839328537171,
        "support": 1903.0
      }
    },
    "confusion_matrix": [
      [
        11141,
        0,
        0,
        0,
        476
      ],
      [
        1,
        0,
        0,
        0,
        0
      ],
      [
        57,
        0,
        1243,
        0,
        21
      ],
      [
        572,
        0,
        1,
        0,
        8
      ],
      [
        140,
        0,
        0,
        1,
        1762
      ]
    ],
    "class_order": [
      "BENIGN",
      "Data Exfiltration",
      "Establish Foothold",
      "Lateral Movement",
      "Reconnaissance"
    ]
  },
  "wall_seconds": 4.8
}