{
  "config": {
    "tool": "nfstream-native",
    "regime": "embedding",
    "model": "rf",
    "task": "multiclass",
    "split": "stratified",
    "seed": 4,
    "dataset": "dapt20",
    "n_features": 53,
    "extractor_family": "nfm",
    "cfg_name": "sample",
    "max_train": null
  },
  "config_hash": "a323b213da96bd9c",
  "git_commit": null,
  "n_train": 35987,
  "n_test": 15423,
  "metrics": {
    "macro_f1": 0.8398608646669766,
    "weighted_f1": 0.8998501230558607,
    "balanced_accuracy": 0.9198434136064584,
    "per_class": {
      "BENIGN": {
        "precision": 0.9736664415935179,
        "recall": 0.8688990272875957,
        "f1-score": 0.9183042212518195,
        "support": 11617.0
      },
      "Data Exfiltration": {
        "precision": 1.0,
        "recall": 1.0,
        "f1-score": 1.0,
        "support": 1.0
      },
      "Establish Foothold": {
        "precision": 0.9711902956785443,
        "recall": 0.9697199091597275,
        "f1-score": 0.9704545454545455,
        "support": 1321.0
      },
      "Lateral Movement": {
        "precision": 0.2854691075514874,
        "recall": 0.8588640275387264,
        "f1-score": 0.42851009016745384,
        "support": 581.0
      },
      "Reconnaissance": {
        "precision": 0.8631790744466801,
        "recall": 0.9017341040462428,
        "f1-score": 0.882035466461064,
        "support": 1903.0
      }
    },
    "confusion_matrix": [
      [
        10094,
        0,
        26,
        1241,
        256
      ],
      [
        0,
        1,
        0,
        0,
        0
      ],
      [
        24,
        0,
        1281,
        7,
        9
      ],
      [
        67,
        0,
        8,
        499,
        7
      ],
      [
        182,
        0,
        4,
        1,
        1716
      ]
    ],
    "class_order": [
      "BENIGN",
      "Data Exfiltration",
      "Establish Foothold",
      "Lateral Movement",
      "Reconnaissance"
    ]
  },
  "wall_seconds": 1.4
}