{
  "config": {
    "tool": "nfstream-common",
    "regime": "embedding",
    "model": "rf",
    "task": "multiclass",
    "split": "stratified",
    "seed": 2,
    "dataset": "dapt20",
    "n_features": 9,
    "extractor_family": "nfm",
    "cfg_name": "sample",
    "max_train": null
  },
  "config_hash": "fdef45fd23f85d40",
  "git_commit": null,
  "n_train": 35987,
  "n_test": 15423,
  "metrics": {
    "macro_f1": 0.83886635272533,
    "weighted_f1": 0.8965246355720066,
    "balanced_accuracy": 0.9279731652648617,
    "per_class": {
      "BENIGN": {
        "precision": 0.9753170731707317,
        "recall": 0.860549195145046,
        "f1-score": 0.9143458178991174,
        "support": 11617.0
      },
      "Data Exfiltration": {
        "precision": 1.0,
        "recall": 1.0,
        "f1-score": 1.0,
        "support": 1.0
      },
      "Establish Foothold": {
        "precision": 0.970499243570348,
        "recall": 0.9712339137017411,
        "f1-score": 0.9708664396519107,
        "support": 1321.0
      },
      "Lateral Movement": {
        "precision": 0.28156365557316426,
        "recall": 0.9173838209982789,
        "f1-score": 0.4308811641067098,
        "support": 581.0
      },
      "Reconnaissance": {
        "precision": 0.8661216147164027,
        "recall": 0.8906988964792433,
        "f1-score": 0.8782383419689119,
        "support": 1903.0
      }
    },
    "confusion_matrix": [
      [
        9997,
        0,
        23,
        1347,
        250
      ],
      [
        0,
        1,
        0,
        0,
        0
      ],
      [
        21,
        0,
        1283,
        9,
        8
      ],
      [
        40,
        0,
        4,
        533,
        4
      ],
      [
        192,
        0,
        12,
        4,
        1695
      ]
    ],
    "class_order": [
      "BENIGN",
      "Data Exfiltration",
      "Establish Foothold",
      "Lateral Movement",
      "Reconnaissance"
    ]
  },
  "wall_seconds": 1.1
}