{
  "config": {
    "tool": "nfstream-native",
    "regime": "embedding",
    "model": "xgb",
    "task": "binary",
    "split": "temporal",
    "seed": 4,
    "dataset": "dapt20",
    "n_features": 53,
    "extractor_family": "nfm",
    "cfg_name": "sample",
    "max_train": null
  },
  "config_hash": "47b8c44b5f974b46",
  "git_commit": null,
  "n_train": 36075,
  "n_test": 15335,
  "metrics": {
    "macro_f1": 0.5003187900563556,
    "weighted_f1": 0.822344508039362,
    "balanced_accuracy": 0.5152783015751702,
    "per_class": {
      "0": {
        "precision": 0.8769697369288587,
        "recall": 0.9929083308450284,
        "f1-score": 0.9313447467002766,
        "support": 13396.0
      },
      "1": {
        "precision": 0.43452380952380953,
        "recall": 0.037648272305312015,
        "f1-score": 0.06929283341243474,
        "support": 1939.0
      }
    },
    "fpr": 0.007091669154971634,
    "attack_recall": 0.037648272305312015,
    "attack_precision": 0.43452380952380953,
    "auc_pr": 0.30963527241716243,
    "confusion_matrix": [
      [
        13301,
        95
      ],
      [
        1866,
        73
      ]
    ],
    "class_order": [
      "0",
      "1"
    ]
  },
  "wall_seconds": 1.3
}