{
  "config": {
    "tool": "nfstream-native",
    "regime": "embedding",
    "model": "mlp",
    "task": "binary",
    "split": "stratified",
    "seed": 0,
    "dataset": "dapt20",
    "n_features": 53,
    "extractor_family": "nfm",
    "cfg_name": "sample",
    "max_train": null
  },
  "config_hash": "3cb42c8fb76a840a",
  "git_commit": null,
  "n_train": 35987,
  "n_test": 15423,
  "metrics": {
    "macro_f1": 0.9129813097570301,
    "weighted_f1": 0.9361239477425989,
    "balanced_accuracy": 0.90251613606837,
    "per_class": {
      "0": {
        "precision": 0.9470810583788324,
        "recall": 0.970560385641732,
        "f1-score": 0.9586769832497236,
        "support": 11617.0
      },
      "1": {
        "precision": 0.9027856736782263,
        "recall": 0.8344718864950079,
        "f1-score": 0.8672856362643364,
        "support": 3806.0
      }
    },
    "fpr": 0.029439614358268057,
    "attack_recall": 0.8344718864950079,
    "attack_precision": 0.9027856736782263,
    "auc_pr": 0.9444179047051864,
    "confusion_matrix": [
      [
        11275,
        342
      ],
      [
        630,
        3176
      ]
    ],
    "class_order": [
      "0",
      "1"
    ]
  },
  "wall_seconds": 3.7
}