{
  "config": {
    "tool": "nfstream-native",
    "regime": "embedding",
    "model": "rf",
    "task": "binary",
    "split": "temporal",
    "seed": 0,
    "dataset": "dapt20",
    "n_features": 53,
    "extractor_family": "nfm",
    "cfg_name": "sample",
    "max_train": null
  },
  "config_hash": "225e20814f5f1b34",
  "git_commit": null,
  "n_train": 36075,
  "n_test": 15335,
  "metrics": {
    "macro_f1": 0.4973964069518745,
    "weighted_f1": 0.8214034372688781,
    "balanced_accuracy": 0.5136564631533495,
    "per_class": {
      "0": {
        "precision": 0.8766066838046273,
        "recall": 0.992759032547029,
        "f1-score": 0.9310743165190605,
        "support": 13396.0
      },
      "1": {
        "precision": 0.40853658536585363,
        "recall": 0.03455389375966993,
        "f1-score": 0.06371849738468854,
        "support": 1939.0
      }
    },
    "fpr": 0.007240967452971036,
    "attack_recall": 0.03455389375966993,
    "attack_precision": 0.40853658536585363,
    "auc_pr": 0.18333581851246142,
    "confusion_matrix": [
      [
        13299,
        97
      ],
      [
        1872,
        67
      ]
    ],
    "class_order": [
      "0",
      "1"
    ]
  },
  "wall_seconds": 1.4
}