{
  "config": {
    "tool": "nfstream-native",
    "regime": "embedding",
    "model": "logreg",
    "task": "multiclass",
    "split": "stratified",
    "seed": 4,
    "dataset": "dapt20",
    "n_features": 53,
    "extractor_family": "nfm",
    "cfg_name": "sample",
    "max_train": null
  },
  "config_hash": "55d6896ebc573ebf",
  "git_commit": null,
  "n_train": 35987,
  "n_test": 15423,
  "metrics": {
    "macro_f1": 0.652783887292206,
    "weighted_f1": 0.8391719361360961,
    "balanced_accuracy": 0.9058501113583622,
    "per_class": {
      "BENIGN": {
        "precision": 0.9963596249310535,
        "recall": 0.777481277438237,
        "f1-score": 0.8734164974373851,
        "support": 11617.0
      },
      "Data Exfiltration": {
        "precision": 0.25,
        "recall": 1.0,
        "f1-score": 0.4,
        "support": 1.0
      },
      "Establish Foothold": {
        "precision": 0.7891453524641298,
        "recall": 0.9576078728236185,
        "f1-score": 0.8652530779753762,
        "support": 1321.0
      },
      "Lateral Movement": {
        "precision": 0.22936540854417253,
        "recall": 0.9518072289156626,
        "f1-score": 0.3696524064171123,
        "support": 581.0
      },
      "Reconnaissance": {
        "precision": 0.685042735042735,
        "recall": 0.8423541776142932,
        "f1-score": 0.7555974546311572,
        "support": 1903.0
      }
    },
    "confusion_matrix": [
      [
        9032,
        2,
        82,
        1803,
        698
      ],
      [
        0,
        1,
        0,
        0,
        0
      ],
      [
        10,
        1,
        1265,
        18,
        27
      ],
      [
        7,
        0,
        9,
        553,
        12
      ],
      [
        16,
        0,
        247,
        37,
        1603
      ]
    ],
    "class_order": [
      "BENIGN",
      "Data Exfiltration",
      "Establish Foothold",
      "Lateral Movement",
      "Reconnaissance"
    ]
  },
  "wall_seconds": 2.5
}