{
  "config": {
    "tool": "nfstream-common",
    "regime": "embedding",
    "model": "logreg",
    "task": "multiclass",
    "split": "stratified",
    "seed": 3,
    "dataset": "dapt20",
    "n_features": 9,
    "extractor_family": "nfm",
    "cfg_name": "sample",
    "max_train": null
  },
  "config_hash": "93245971d96791fa",
  "git_commit": null,
  "n_train": 35987,
  "n_test": 15423,
  "metrics": {
    "macro_f1": 0.46253955730555507,
    "weighted_f1": 0.7629565425737325,
    "balanced_accuracy": 0.7832799676190723,
    "per_class": {
      "BENIGN": {
        "precision": 0.9982375749030666,
        "recall": 0.7313419987948696,
        "f1-score": 0.8441971383147854,
        "support": 11617.0
      },
      "Data Exfiltration": {
        "precision": 0.0033333333333333335,
        "recall": 1.0,
        "f1-score": 0.006644518272425249,
        "support": 1.0
      },
      "Establish Foothold": {
        "precision": 0.7877447883765003,
        "recall": 0.9439818319454958,
        "f1-score": 0.8588154269972452,
        "support": 1321.0
      },
      "Lateral Movement": {
        "precision": 0.13935035953384578,
        "recall": 0.9672977624784854,
        "f1-score": 0.2436064152579107,
        "support": 581.0
      },
      "Reconnaissance": {
        "precision": 0.5230923694779116,
        "recall": 0.27377824487651076,
        "f1-score": 0.35943428768540875,
        "support": 1903.0
      }
    },
    "confusion_matrix": [
      [
        8496,
        263,
        59,
        2341,
        458
      ],
      [
        0,
        1,
        0,
        0,
        0
      ],
      [
        2,
        11,
        1247,
        51,
        10
      ],
      [
        4,
        7,
        1,
        562,
        7
      ],
      [
        9,
        18,
        276,
        1079,
        521
      ]
    ],
    "class_order": [
      "BENIGN",
      "Data Exfiltration",
      "Establish Foothold",
      "Lateral Movement",
      "Reconnaissance"
    ]
  },
  "wall_seconds": 2.4
}