{
  "config": {
    "tool": "nfstream-common",
    "regime": "embedding",
    "model": "xgb",
    "task": "binary",
    "split": "temporal",
    "seed": 3,
    "dataset": "dapt20",
    "n_features": 9,
    "extractor_family": "nfm",
    "cfg_name": "sample",
    "max_train": null
  },
  "config_hash": "91d5092b9e06f207",
  "git_commit": null,
  "n_train": 36075,
  "n_test": 15335,
  "metrics": {
    "macro_f1": 0.49289382088839107,
    "weighted_f1": 0.8202728895805531,
    "balanced_accuracy": 0.511413735535813,
    "per_class": {
      "0": {
        "precision": 0.8761026991441738,
        "recall": 0.9934308748880263,
        "f1-score": 0.9310851465752467,
        "support": 13396.0
      },
      "1": {
        "precision": 0.3931034482758621,
        "recall": 0.029396596183599792,
        "f1-score": 0.05470249520153551,
        "support": 1939.0
      }
    },
    "fpr": 0.006569125111973723,
    "attack_recall": 0.029396596183599792,
    "attack_precision": 0.3931034482758621,
    "auc_pr": 0.26499780664266265,
    "confusion_matrix": [
      [
        13308,
        88
      ],
      [
        1882,
        57
      ]
    ],
    "class_order": [
      "0",
      "1"
    ]
  },
  "wall_seconds": 0.5
}