{
  "config": {
    "tool": "nfstream-native",
    "regime": "embedding",
    "model": "rf",
    "task": "binary",
    "split": "stratified",
    "seed": 1,
    "dataset": "dapt20",
    "n_features": 53,
    "extractor_family": "nfm",
    "cfg_name": "sample",
    "max_train": null
  },
  "config_hash": "2569357608fe090b",
  "git_commit": null,
  "n_train": 35987,
  "n_test": 15423,
  "metrics": {
    "macro_f1": 0.8605362516025772,
    "weighted_f1": 0.8905328186140525,
    "balanced_accuracy": 0.9019487065520111,
    "per_class": {
      "0": {
        "precision": 0.9757628427964465,
        "recall": 0.8698459154687096,
        "f1-score": 0.9197651663405088,
        "support": 11617.0
      },
      "1": {
        "precision": 0.7015985790408525,
        "recall": 0.9340514976353127,
        "f1-score": 0.8013073368646455,
        "support": 3806.0
      }
    },
    "fpr": 0.13015408453129035,
    "attack_recall": 0.9340514976353127,
    "attack_precision": 0.7015985790408525,
    "auc_pr": 0.9348817416155188,
    "confusion_matrix": [
      [
        10105,
        1512
      ],
      [
        251,
        3555
      ]
    ],
    "class_order": [
      "0",
      "1"
    ]
  },
  "wall_seconds": 1.4
}