{
  "config": {
    "tool": "nfstream-common",
    "regime": "embedding",
    "model": "xgb",
    "task": "binary",
    "split": "stratified",
    "seed": 0,
    "dataset": "dapt20",
    "n_features": 9,
    "extractor_family": "nfm",
    "cfg_name": "sample",
    "max_train": null
  },
  "config_hash": "cbd5dc62b4652417",
  "git_commit": null,
  "n_train": 35987,
  "n_test": 15423,
  "metrics": {
    "macro_f1": 0.9086112289080108,
    "weighted_f1": 0.9330661393009321,
    "balanced_accuracy": 0.8964707958072029,
    "per_class": {
      "0": {
        "precision": 0.943370974487662,
        "recall": 0.9708186278729448,
        "f1-score": 0.9568980145935856,
        "support": 11617.0
      },
      "1": {
        "precision": 0.9022491349480969,
        "recall": 0.8221229637414609,
        "f1-score": 0.8603244432224361,
        "support": 3806.0
      }
    },
    "fpr": 0.02918137212705518,
    "attack_recall": 0.8221229637414609,
    "attack_precision": 0.9022491349480969,
    "auc_pr": 0.9460488937345732,
    "confusion_matrix": [
      [
        11278,
        339
      ],
      [
        677,
        3129
      ]
    ],
    "class_order": [
      "0",
      "1"
    ]
  },
  "wall_seconds": 0.7
}