{
  "config": {
    "tool": "nfstream-common",
    "regime": "embedding",
    "model": "xgb",
    "task": "multiclass",
    "split": "stratified",
    "seed": 0,
    "dataset": "dapt20",
    "n_features": 9,
    "extractor_family": "nfm",
    "cfg_name": "sample",
    "max_train": null
  },
  "config_hash": "8e13ad0095a816d3",
  "git_commit": null,
  "n_train": 35987,
  "n_test": 15423,
  "metrics": {
    "macro_f1": 0.5952472781305399,
    "weighted_f1": 0.9185255889124861,
    "balanced_accuracy": 0.5890910376707538,
    "per_class": {
      "BENIGN": {
        "precision": 0.942548921224285,
        "recall": 0.9702160626667814,
        "f1-score": 0.9561823966065748,
        "support": 11617.0
      },
      "Data Exfiltration": {
        "precision": 0.0,
        "recall": 0.0,
        "f1-score": 0.0,
        "support": 1.0
      },
      "Establish Foothold": {
        "precision": 0.9724349157733537,
        "recall": 0.9613928841786525,
        "f1-score": 0.9668823753330795,
        "support": 1321.0
      },
      "Lateral Movement": {
        "precision": 0.3795180722891566,
        "recall": 0.10843373493975904,
        "f1-score": 0.1686746987951807,
        "support": 581.0
      },
      "Reconnaissance": {
        "precision": 0.8645258404415455,
        "recall": 0.905412506568576,
        "f1-score": 0.8844969199178645,
        "support": 1903.0
      }
    },
    "confusion_matrix": [
      [
        11271,
        0,
        11,
        95,
        240
      ],
      [
        1,
        0,
        0,
        0,
        0
      ],
      [
        26,
        0,
        1270,
        2,
        23
      ],
      [
        505,
        0,
        6,
        63,
        7
      ],
      [
        155,
        0,
        19,
        6,
        1723
      ]
    ],
    "class_order": [
      "BENIGN",
      "Data Exfiltration",
      "Establish Foothold",
      "Lateral Movement",
      "Reconnaissance"
    ]
  },
  "wall_seconds": 2.2
}