{
  "config": {
    "tool": "nfstream-native",
    "regime": "embedding",
    "model": "xgb",
    "task": "multiclass",
    "split": "stratified",
    "seed": 2,
    "dataset": "dapt20",
    "n_features": 53,
    "extractor_family": "nfm",
    "cfg_name": "sample",
    "max_train": null
  },
  "config_hash": "8a1a2c58a947e7d4",
  "git_commit": null,
  "n_train": 35987,
  "n_test": 15423,
  "metrics": {
    "macro_f1": 0.6093307202658257,
    "weighted_f1": 0.9237385114394309,
    "balanced_accuracy": 0.6005163957530787,
    "per_class": {
      "BENIGN": {
        "precision": 0.9445561139028475,
        "recall": 0.9708186278729448,
        "f1-score": 0.9575073226641763,
        "support": 11617.0
      },
      "Data Exfiltration": {
        "precision": 0.0,
        "recall": 0.0,
        "f1-score": 0.0,
        "support": 1.0
      },
      "Establish Foothold": {
        "precision": 0.9861857252494244,
        "recall": 0.9727479182437547,
        "f1-score": 0.979420731707317,
        "support": 1321.0
      },
      "Lateral Movement": {
        "precision": 0.4550561797752809,
        "recall": 0.13941480206540446,
        "f1-score": 0.2134387351778656,
        "support": 581.0
      },
      "Reconnaissance": {
        "precision": 0.8741258741258742,
        "recall": 0.9196006305832896,
        "f1-score": 0.8962868117797695,
        "support": 1903.0
      }
    },
    "confusion_matrix": [
      [
        11278,
        0,
        9,
        91,
        239
      ],
      [
        1,
        0,
        0,
        0,
        0
      ],
      [
        27,
        0,
        1285,
        4,
        5
      ],
      [
        489,
        0,
        3,
        81,
        8
      ],
      [
        145,
        0,
        6,
        2,
        1750
      ]
    ],
    "class_order": [
      "BENIGN",
      "Data Exfiltration",
      "Establish Foothold",
      "Lateral Movement",
      "Reconnaissance"
    ]
  },
  "wall_seconds": 3.6
}