{
  "config": {
    "tool": "nfstream-native",
    "regime": "embedding",
    "model": "rf",
    "task": "binary",
    "split": "temporal",
    "seed": 2,
    "dataset": "dapt20",
    "n_features": 53,
    "extractor_family": "nfm",
    "cfg_name": "sample",
    "max_train": null
  },
  "config_hash": "7c5966c50282c64d",
  "git_commit": null,
  "n_train": 36075,
  "n_test": 15335,
  "metrics": {
    "macro_f1": 0.4979410136257264,
    "weighted_f1": 0.8216214194161379,
    "balanced_accuracy": 0.5139889771811527,
    "per_class": {
      "0": {
        "precision": 0.8766807276562089,
        "recall": 0.9929083308450284,
        "f1-score": 0.931181741809017,
        "support": 13396.0
      },
      "1": {
        "precision": 0.4171779141104294,
        "recall": 0.035069623517276945,
        "f1-score": 0.06470028544243578,
        "support": 1939.0
      }
    },
    "fpr": 0.007091669154971634,
    "attack_recall": 0.035069623517276945,
    "attack_precision": 0.4171779141104294,
    "auc_pr": 0.18607714404964698,
    "confusion_matrix": [
      [
        13301,
        95
      ],
      [
        1871,
        68
      ]
    ],
    "class_order": [
      "0",
      "1"
    ]
  },
  "wall_seconds": 1.4
}