{
  "config": {
    "tool": "nfstream-common",
    "regime": "embedding",
    "model": "xgb",
    "task": "multiclass",
    "split": "stratified",
    "seed": 2,
    "dataset": "dapt20",
    "n_features": 9,
    "extractor_family": "nfm",
    "cfg_name": "sample",
    "max_train": null
  },
  "config_hash": "740e96d3367fe69e",
  "git_commit": null,
  "n_train": 35987,
  "n_test": 15423,
  "metrics": {
    "macro_f1": 0.6014434509139356,
    "weighted_f1": 0.9179196268095221,
    "balanced_accuracy": 0.5934864189040727,
    "per_class": {
      "BENIGN": {
        "precision": 0.9416645712848881,
        "recall": 0.9671171558922269,
        "f1-score": 0.9542211652794292,
        "support": 11617.0
      },
      "Data Exfiltration": {
        "precision": 0.0,
        "recall": 0.0,
        "f1-score": 0.0,
        "support": 1.0
      },
      "Establish Foothold": {
        "precision": 0.9673500379650721,
        "recall": 0.9644208932626798,
        "f1-score": 0.9658832448824868,
        "support": 1321.0
      },
      "Lateral Movement": {
        "precision": 0.39705882352941174,
        "recall": 0.13941480206540446,
        "f1-score": 0.20636942675159237,
        "support": 581.0
      },
      "Reconnaissance": {
        "precision": 0.8655504819888381,
        "recall": 0.8964792433000526,
        "f1-score": 0.8807434176561694,
        "support": 1903.0
      }
    },
    "confusion_matrix": [
      [
        11235,
        0,
        16,
        118,
        248
      ],
      [
        1,
        0,
        0,
        0,
        0
      ],
      [
        32,
        0,
        1274,
        2,
        13
      ],
      [
        488,
        0,
        8,
        81,
        4
      ],
      [
        175,
        0,
        19,
        3,
        1706
      ]
    ],
    "class_order": [
      "BENIGN",
      "Data Exfiltration",
      "Establish Foothold",
      "Lateral Movement",
      "Reconnaissance"
    ]
  },
  "wall_seconds": 1.9
}