{
  "config": {
    "tool": "nfstream-common",
    "regime": "embedding",
    "model": "xgb",
    "task": "binary",
    "split": "temporal",
    "seed": 1,
    "dataset": "dapt20",
    "n_features": 9,
    "extractor_family": "nfm",
    "cfg_name": "sample",
    "max_train": null
  },
  "config_hash": "97edabdd9af8a340",
  "git_commit": null,
  "n_train": 36075,
  "n_test": 15335,
  "metrics": {
    "macro_f1": 0.49328054175510616,
    "weighted_f1": 0.8203112014804568,
    "balanced_accuracy": 0.511559626691117,
    "per_class": {
      "0": {
        "precision": 0.8761359146582378,
        "recall": 0.9932069274410271,
        "f1-score": 0.9310055279546567,
        "support": 13396.0
      },
      "1": {
        "precision": 0.38926174496644295,
        "recall": 0.029912325941206807,
        "f1-score": 0.05555555555555555,
        "support": 1939.0
      }
    },
    "fpr": 0.006793072558972828,
    "attack_recall": 0.029912325941206807,
    "attack_precision": 0.38926174496644295,
    "auc_pr": 0.2698568898529135,
    "confusion_matrix": [
      [
        13305,
        91
      ],
      [
        1881,
        58
      ]
    ],
    "class_order": [
      "0",
      "1"
    ]
  },
  "wall_seconds": 0.5
}