{
  "config": {
    "tool": "nfstream-native",
    "regime": "embedding",
    "model": "rf",
    "task": "multiclass",
    "split": "stratified",
    "seed": 3,
    "dataset": "dapt20",
    "n_features": 53,
    "extractor_family": "nfm",
    "cfg_name": "sample",
    "max_train": null
  },
  "config_hash": "1743296ae77af013",
  "git_commit": null,
  "n_train": 35987,
  "n_test": 15423,
  "metrics": {
    "macro_f1": 0.6455731556301124,
    "weighted_f1": 0.9042271604691062,
    "balanced_accuracy": 0.726464907759596,
    "per_class": {
      "BENIGN": {
        "precision": 0.9748052697374747,
        "recall": 0.8726004992683136,
        "f1-score": 0.920875726744186,
        "support": 11617.0
      },
      "Data Exfiltration": {
        "precision": 0.0,
        "recall": 0.0,
        "f1-score": 0.0,
        "support": 1.0
      },
      "Establish Foothold": {
        "precision": 0.9730337078651685,
        "recall": 0.9833459500378501,
        "f1-score": 0.9781626506024096,
        "support": 1321.0
      },
      "Lateral Movement": {
        "precision": 0.2876480541455161,
        "recall": 0.8777969018932874,
        "f1-score": 0.4333050127442651,
        "support": 581.0
      },
      "Reconnaissance": {
        "precision": 0.8924843423799582,
        "recall": 0.8985811875985287,
        "f1-score": 0.8955223880597015,
        "support": 1903.0
      }
    },
    "confusion_matrix": [
      [
        10137,
        0,
        27,
        1252,
        201
      ],
      [
        1,
        0,
        0,
        0,
        0
      ],
      [
        19,
        0,
        1299,
        2,
        1
      ],
      [
        64,
        0,
        3,
        510,
        4
      ],
      [
        178,
        0,
        6,
        9,
        1710
      ]
    ],
    "class_order": [
      "BENIGN",
      "Data Exfiltration",
      "Establish Foothold",
      "Lateral Movement",
      "Reconnaissance"
    ]
  },
  "wall_seconds": 1.4
}