{
  "config": {
    "tool": "nfstream-native",
    "regime": "embedding",
    "model": "mlp",
    "task": "binary",
    "split": "stratified",
    "seed": 3,
    "dataset": "dapt20",
    "n_features": 53,
    "extractor_family": "nfm",
    "cfg_name": "sample",
    "max_train": null
  },
  "config_hash": "b17156ccd769419b",
  "git_commit": null,
  "n_train": 35987,
  "n_test": 15423,
  "metrics": {
    "macro_f1": 0.9098820399910029,
    "weighted_f1": 0.9341478126853772,
    "balanced_accuracy": 0.8958752645241352,
    "per_class": {
      "0": {
        "precision": 0.9422788605697151,
        "recall": 0.9738314539037617,
        "f1-score": 0.9577953689201202,
        "support": 11617.0
      },
      "1": {
        "precision": 0.9110330699443957,
        "recall": 0.8179190751445087,
        "f1-score": 0.8619687110618857,
        "support": 3806.0
      }
    },
    "fpr": 0.02616854609623827,
    "attack_recall": 0.8179190751445087,
    "attack_precision": 0.9110330699443957,
    "auc_pr": 0.9527875990512463,
    "confusion_matrix": [
      [
        11313,
        304
      ],
      [
        693,
        3113
      ]
    ],
    "class_order": [
      "0",
      "1"
    ]
  },
  "wall_seconds": 2.4
}