{
  "config": {
    "tool": "nfstream-native",
    "regime": "embedding",
    "model": "rf",
    "task": "multiclass",
    "split": "stratified",
    "seed": 2,
    "dataset": "dapt20",
    "n_features": 53,
    "extractor_family": "nfm",
    "cfg_name": "sample",
    "max_train": null
  },
  "config_hash": "e298b01258dc6705",
  "git_commit": null,
  "n_train": 35987,
  "n_test": 15423,
  "metrics": {
    "macro_f1": 0.6422879373901942,
    "weighted_f1": 0.9019566823921457,
    "balanced_accuracy": 0.7246579566139569,
    "per_class": {
      "BENIGN": {
        "precision": 0.9769969911676211,
        "recall": 0.8664887664629423,
        "f1-score": 0.9184306569343066,
        "support": 11617.0
      },
      "Data Exfiltration": {
        "precision": 0.0,
        "recall": 0.0,
        "f1-score": 0.0,
        "support": 1.0
      },
      "Establish Foothold": {
        "precision": 0.9758308157099698,
        "recall": 0.9780469341408025,
        "f1-score": 0.9769376181474481,
        "support": 1321.0
      },
      "Lateral Movement": {
        "precision": 0.2764900662251656,
        "recall": 0.8623063683304647,
        "f1-score": 0.4187212703719181,
        "support": 581.0
      },
      "Reconnaissance": {
        "precision": 0.8790322580645161,
        "recall": 0.9164477141355754,
        "f1-score": 0.8973501414972986,
        "support": 1903.0
      }
    },
    "confusion_matrix": [
      [
        10066,
        0,
        21,
        1299,
        231
      ],
      [
        1,
        0,
        0,
        0,
        0
      ],
      [
        16,
        0,
        1292,
        9,
        4
      ],
      [
        69,
        0,
        6,
        501,
        5
      ],
      [
        151,
        0,
        5,
        3,
        1744
      ]
    ],
    "class_order": [
      "BENIGN",
      "Data Exfiltration",
      "Establish Foothold",
      "Lateral Movement",
      "Reconnaissance"
    ]
  },
  "wall_seconds": 1.4
}