{
  "config": {
    "tool": "nfstream-native",
    "regime": "embedding",
    "model": "mlp",
    "task": "binary",
    "split": "temporal",
    "seed": 3,
    "dataset": "dapt20",
    "n_features": 53,
    "extractor_family": "nfm",
    "cfg_name": "sample",
    "max_train": null
  },
  "config_hash": "b82f2cd94d3969f4",
  "git_commit": null,
  "n_train": 36075,
  "n_test": 15335,
  "metrics": {
    "macro_f1": 0.4956329493421585,
    "weighted_f1": 0.821366546294954,
    "balanced_accuracy": 0.5130763056748291,
    "per_class": {
      "0": {
        "precision": 0.8764725238565317,
        "recall": 0.9941773663780233,
        "f1-score": 0.9316218390402574,
        "support": 13396.0
      },
      "1": {
        "precision": 0.44285714285714284,
        "recall": 0.03197524497163486,
        "f1-score": 0.059644059644059645,
        "support": 1939.0
      }
    },
    "fpr": 0.0058226336219767095,
    "attack_recall": 0.03197524497163486,
    "attack_precision": 0.44285714285714284,
    "auc_pr": 0.33041388270791816,
    "confusion_matrix": [
      [
        13318,
        78
      ],
      [
        1877,
        62
      ]
    ],
    "class_order": [
      "0",
      "1"
    ]
  },
  "wall_seconds": 2.4
}