{
  "config": {
    "tool": "raw-cnn",
    "regime": "embedding",
    "model": "xgb",
    "task": "binary",
    "split": "temporal",
    "seed": 0,
    "dataset": "dapt20",
    "n_features": 128,
    "extractor_family": "nfm",
    "cfg_name": "sample",
    "max_train": null
  },
  "config_hash": "43a50d43c634b2ac",
  "git_commit": null,
  "n_train": 36075,
  "n_test": 15335,
  "metrics": {
    "macro_f1": 0.5522829904643967,
    "weighted_f1": 0.8348867181294132,
    "balanced_accuracy": 0.5446814040538608,
    "per_class": {
      "0": {
        "precision": 0.8837193689157435,
        "recall": 0.9826067482830696,
        "f1-score": 0.9305432823159309,
        "support": 13396.0
      },
      "1": {
        "precision": 0.47045454545454546,
        "recall": 0.10675605982465189,
        "f1-score": 0.17402269861286254,
        "support": 1939.0
      }
    },
    "fpr": 0.017393251716930427,
    "attack_recall": 0.10675605982465189,
    "attack_precision": 0.47045454545454546,
    "auc_pr": 0.2809650608002768,
    "confusion_matrix": [
      [
        13163,
        233
      ],
      [
        1732,
        207
      ]
    ],
    "class_order": [
      "0",
      "1"
    ]
  },
  "wall_seconds": 3.4
}