{
  "config": {
    "tool": "raw-cnn",
    "regime": "embedding",
    "model": "logreg",
    "task": "multiclass",
    "split": "stratified",
    "seed": 3,
    "dataset": "dapt20",
    "n_features": 128,
    "extractor_family": "nfm",
    "cfg_name": "sample",
    "max_train": null
  },
  "config_hash": "8ae4b5ad8609e101",
  "git_commit": null,
  "n_train": 35987,
  "n_test": 15423,
  "metrics": {
    "macro_f1": 0.7259053073802442,
    "weighted_f1": 0.8820992112722909,
    "balanced_accuracy": 0.9368751433704086,
    "per_class": {
      "BENIGN": {
        "precision": 0.9923562984101101,
        "recall": 0.8381682017732633,
        "f1-score": 0.9087684912968407,
        "support": 11617.0
      },
      "Data Exfiltration": {
        "precision": 0.3333333333333333,
        "recall": 1.0,
        "f1-score": 0.5,
        "support": 1.0
      },
      "Establish Foothold": {
        "precision": 0.8985095812633073,
        "recall": 0.9583648750946253,
        "f1-score": 0.9274725274725275,
        "support": 1321.0
      },
      "Lateral Movement": {
        "precision": 0.32397660818713453,
        "recall": 0.9535283993115319,
        "f1-score": 0.4836316019205587,
        "support": 581.0
      },
      "Reconnaissance": {
        "precision": 0.7143431096826035,
        "recall": 0.9343142406726221,
        "f1-score": 0.8096539162112932,
        "support": 1903.0
      }
    },
    "confusion_matrix": [
      [
        9737,
        2,
        91,
        1111,
        676
      ],
      [
        0,
        1,
        0,
        0,
        0
      ],
      [
        21,
        0,
        1266,
        8,
        26
      ],
      [
        16,
        0,
        2,
        554,
        9
      ],
      [
        38,
        0,
        50,
        37,
        1778
      ]
    ],
    "class_order": [
      "BENIGN",
      "Data Exfiltration",
      "Establish Foothold",
      "Lateral Movement",
      "Reconnaissance"
    ]
  },
  "wall_seconds": 8.2
}