{
  "config": {
    "tool": "raw-cnn",
    "regime": "embedding",
    "model": "logreg",
    "task": "binary",
    "split": "temporal",
    "seed": 1,
    "dataset": "dapt20",
    "n_features": 128,
    "extractor_family": "nfm",
    "cfg_name": "sample",
    "max_train": null
  },
  "config_hash": "1a98e654b1cf06d0",
  "git_commit": null,
  "n_train": 36075,
  "n_test": 15335,
  "metrics": {
    "macro_f1": 0.6171559940991934,
    "weighted_f1": 0.843945556358131,
    "balanced_accuracy": 0.6008338490887568,
    "per_class": {
      "0": {
        "precision": 0.897786920130515,
        "recall": 0.9448342788892207,
        "f1-score": 0.9207099730850368,
        "support": 13396.0
      },
      "1": {
        "precision": 0.40258690379951495,
        "recall": 0.25683341928829295,
        "f1-score": 0.3136020151133501,
        "support": 1939.0
      }
    },
    "fpr": 0.05516572111077934,
    "attack_recall": 0.25683341928829295,
    "attack_precision": 0.40258690379951495,
    "auc_pr": 0.3162628344977064,
    "confusion_matrix": [
      [
        12657,
        739
      ],
      [
        1441,
        498
      ]
    ],
    "class_order": [
      "0",
      "1"
    ]
  },
  "wall_seconds": 3.5
}