{
  "config": {
    "tool": "raw-cnn",
    "regime": "embedding",
    "model": "mlp",
    "task": "binary",
    "split": "stratified",
    "seed": 4,
    "dataset": "dapt20",
    "n_features": 128,
    "extractor_family": "nfm",
    "cfg_name": "sample",
    "max_train": null
  },
  "config_hash": "76530a52e7561b6c",
  "git_commit": null,
  "n_train": 35987,
  "n_test": 15423,
  "metrics": {
    "macro_f1": 0.907067275089388,
    "weighted_f1": 0.9310869709735555,
    "balanced_accuracy": 0.9049117636189303,
    "per_class": {
      "0": {
        "precision": 0.9520424766635266,
        "recall": 0.9569596281311871,
        "f1-score": 0.9544947196703014,
        "support": 11617.0
      },
      "1": {
        "precision": 0.8665242925787506,
        "recall": 0.8528638991066737,
        "f1-score": 0.8596398305084746,
        "support": 3806.0
      }
    },
    "fpr": 0.043040371868812946,
    "attack_recall": 0.8528638991066737,
    "attack_precision": 0.8665242925787506,
    "auc_pr": 0.9531179269630385,
    "confusion_matrix": [
      [
        11117,
        500
      ],
      [
        560,
        3246
      ]
    ],
    "class_order": [
      "0",
      "1"
    ]
  },
  "wall_seconds": 8.7
}