{
  "config": {
    "tool": "raw-cnn",
    "regime": "embedding",
    "model": "mlp",
    "task": "binary",
    "split": "temporal",
    "seed": 3,
    "dataset": "dapt20",
    "n_features": 128,
    "extractor_family": "nfm",
    "cfg_name": "sample",
    "max_train": null
  },
  "config_hash": "607b13b02ed09aa7",
  "git_commit": null,
  "n_train": 36075,
  "n_test": 15335,
  "metrics": {
    "macro_f1": 0.5517417114712695,
    "weighted_f1": 0.8342939991468682,
    "balanced_accuracy": 0.5443047511661667,
    "per_class": {
      "0": {
        "precision": 0.8836458963500706,
        "recall": 0.9813377127500746,
        "f1-score": 0.9299331517702402,
        "support": 13396.0
      },
      "1": {
        "precision": 0.45414847161572053,
        "recall": 0.1072717895822589,
        "f1-score": 0.1735502711722987,
        "support": 1939.0
      }
    },
    "fpr": 0.01866228724992535,
    "attack_recall": 0.1072717895822589,
    "attack_precision": 0.45414847161572053,
    "auc_pr": 0.3057642769726795,
    "confusion_matrix": [
      [
        13146,
        250
      ],
      [
        1731,
        208
      ]
    ],
    "class_order": [
      "0",
      "1"
    ]
  },
  "wall_seconds": 9.3
}