{
  "config": {
    "tool": "raw-cnn",
    "regime": "embedding",
    "model": "rf",
    "task": "multiclass",
    "split": "stratified",
    "seed": 1,
    "dataset": "dapt20",
    "n_features": 128,
    "extractor_family": "nfm",
    "cfg_name": "sample",
    "max_train": null
  },
  "config_hash": "33790aaffdf3b8ac",
  "git_commit": null,
  "n_train": 35987,
  "n_test": 15423,
  "metrics": {
    "macro_f1": 0.5723568770931792,
    "weighted_f1": 0.8992739262182521,
    "balanced_accuracy": 0.5726086443489,
    "per_class": {
      "BENIGN": {
        "precision": 0.9357477631018322,
        "recall": 0.9452526469828699,
        "f1-score": 0.9404761904761905,
        "support": 11617.0
      },
      "Data Exfiltration": {
        "precision": 0.0,
        "recall": 0.0,
        "f1-score": 0.0,
        "support": 1.0
      },
      "Establish Foothold": {
        "precision": 0.9323420074349442,
        "recall": 0.9492808478425435,
        "f1-score": 0.940735183795949,
        "support": 1321.0
      },
      "Lateral Movement": {
        "precision": 0.1497584541062802,
        "recall": 0.10671256454388985,
        "f1-score": 0.12462311557788945,
        "support": 581.0
      },
      "Reconnaissance": {
        "precision": 0.8501814411612234,
        "recall": 0.8617971623751971,
        "f1-score": 0.8559498956158664,
        "support": 1903.0
      }
    },
    "confusion_matrix": [
      [
        10981,
        0,
        9,
        352,
        275
      ],
      [
        1,
        0,
        0,
        0,
        0
      ],
      [
        55,
        0,
        1254,
        0,
        12
      ],
      [
        516,
        0,
        1,
        62,
        2
      ],
      [
        182,
        0,
        81,
        0,
        1640
      ]
    ],
    "class_order": [
      "BENIGN",
      "Data Exfiltration",
      "Establish Foothold",
      "Lateral Movement",
      "Reconnaissance"
    ]
  },
  "wall_seconds": 3.6
}