{
  "config": {
    "tool": "raw-cnn",
    "regime": "embedding",
    "model": "xgb",
    "task": "binary",
    "split": "stratified",
    "seed": 4,
    "dataset": "dapt20",
    "n_features": 128,
    "extractor_family": "nfm",
    "cfg_name": "sample",
    "max_train": null
  },
  "config_hash": "b21c1582e76a5284",
  "git_commit": null,
  "n_train": 35987,
  "n_test": 15423,
  "metrics": {
    "macro_f1": 0.8900749707096365,
    "weighted_f1": 0.9178295962022264,
    "balanced_accuracy": 0.8942878256904293,
    "per_class": {
      "0": {
        "precision": 0.9498912570682906,
        "recall": 0.9399156408711371,
        "f1-score": 0.944877120110765,
        "support": 11617.0
      },
      "1": {
        "precision": 0.8223014256619144,
        "recall": 0.8486600105097215,
        "f1-score": 0.8352728213085079,
        "support": 3806.0
      }
    },
    "fpr": 0.060084359128862876,
    "attack_recall": 0.8486600105097215,
    "attack_precision": 0.8223014256619144,
    "auc_pr": 0.9415400032882711,
    "confusion_matrix": [
      [
        10919,
        698
      ],
      [
        576,
        3230
      ]
    ],
    "class_order": [
      "0",
      "1"
    ]
  },
  "wall_seconds": 3.5
}