{
  "config": {
    "tool": "raw-cnn",
    "regime": "embedding",
    "model": "logreg",
    "task": "binary",
    "split": "stratified",
    "seed": 3,
    "dataset": "dapt20",
    "n_features": 128,
    "extractor_family": "nfm",
    "cfg_name": "sample",
    "max_train": null
  },
  "config_hash": "a63dc16bd31e0151",
  "git_commit": null,
  "n_train": 35987,
  "n_test": 15423,
  "metrics": {
    "macro_f1": 0.8824559254632012,
    "weighted_f1": 0.9088688324265736,
    "balanced_accuracy": 0.9157804187432383,
    "per_class": {
      "0": {
        "precision": 0.9770870504272702,
        "recall": 0.8956701385899974,
        "f1-score": 0.9346088206233719,
        "support": 11617.0
      },
      "1": {
        "precision": 0.7461248428990365,
        "recall": 0.9358906988964792,
        "f1-score": 0.8303030303030303,
        "support": 3806.0
      }
    },
    "fpr": 0.10432986141000258,
    "attack_recall": 0.9358906988964792,
    "attack_precision": 0.7461248428990365,
    "auc_pr": 0.9047072895796577,
    "confusion_matrix": [
      [
        10405,
        1212
      ],
      [
        244,
        3562
      ]
    ],
    "class_order": [
      "0",
      "1"
    ]
  },
  "wall_seconds": 3.4
}