{
  "config": {
    "tool": "yatc",
    "regime": "embedding",
    "model": "rf",
    "task": "binary",
    "split": "temporal",
    "seed": 3,
    "dataset": "dapt20",
    "n_features": 192,
    "extractor_family": "nfm",
    "cfg_name": "sample",
    "max_train": null
  },
  "config_hash": "c3479844cb3303ad",
  "git_commit": null,
  "n_train": 36075,
  "n_test": 15335,
  "metrics": {
    "macro_f1": 0.4894885028648647,
    "weighted_f1": 0.8200857342859654,
    "balanced_accuracy": 0.5102873380105767,
    "per_class": {
      "0": {
        "precision": 0.8758453154750181,
        "recall": 0.9958196476560167,
        "f1-score": 0.9319872847311979,
        "support": 13396.0
      },
      "1": {
        "precision": 0.46153846153846156,
        "recall": 0.02475502836513667,
        "f1-score": 0.04698972099853157,
        "support": 1939.0
      }
    },
    "fpr": 0.0041803523439832785,
    "attack_recall": 0.02475502836513667,
    "attack_precision": 0.46153846153846156,
    "auc_pr": 0.17747202668120873,
    "confusion_matrix": [
      [
        13340,
        56
      ],
      [
        1891,
        48
      ]
    ],
    "class_order": [
      "0",
      "1"
    ]
  },
  "wall_seconds": 5.2
}