{
  "config": {
    "tool": "yatc",
    "regime": "embedding",
    "model": "rf",
    "task": "binary",
    "split": "temporal",
    "seed": 4,
    "dataset": "dapt20",
    "n_features": 192,
    "extractor_family": "nfm",
    "cfg_name": "sample",
    "max_train": null
  },
  "config_hash": "5bb0a8bfe2e6a318",
  "git_commit": null,
  "n_train": 36075,
  "n_test": 15335,
  "metrics": {
    "macro_f1": 0.4933318093880654,
    "weighted_f1": 0.8211686597331728,
    "balanced_accuracy": 0.5122382833175052,
    "per_class": {
      "0": {
        "precision": 0.876281208935611,
        "recall": 0.9955957002090177,
        "f1-score": 0.9321358680458485,
        "support": 13396.0
      },
      "1": {
        "precision": 0.48695652173913045,
        "recall": 0.02888086642599278,
        "f1-score": 0.054527750730282376,
        "support": 1939.0
      }
    },
    "fpr": 0.004404299790982382,
    "attack_recall": 0.02888086642599278,
    "attack_precision": 0.48695652173913045,
    "auc_pr": 0.18377269171037539,
    "confusion_matrix": [
      [
        13337,
        59
      ],
      [
        1883,
        56
      ]
    ],
    "class_order": [
      "0",
      "1"
    ]
  },
  "wall_seconds": 5.2
}