{
  "config": {
    "tool": "yatc",
    "regime": "embedding",
    "model": "mlp",
    "task": "binary",
    "split": "stratified",
    "seed": 0,
    "dataset": "dapt20",
    "n_features": 192,
    "extractor_family": "nfm",
    "cfg_name": "sample",
    "max_train": null
  },
  "config_hash": "d53bdd9f0b6f93e4",
  "git_commit": null,
  "n_train": 35987,
  "n_test": 15423,
  "metrics": {
    "macro_f1": 0.9339932621550083,
    "weighted_f1": 0.9499524942562684,
    "balanced_accuracy": 0.9512423039042888,
    "per_class": {
      "0": {
        "precision": 0.9848688333781,
        "recall": 0.9468881811138848,
        "f1-score": 0.9655051347318528,
        "support": 11617.0
      },
      "1": {
        "precision": 0.8549600376116596,
        "recall": 0.9555964266946926,
        "f1-score": 0.9024813895781638,
        "support": 3806.0
      }
    },
    "fpr": 0.05311181888611518,
    "attack_recall": 0.9555964266946926,
    "attack_precision": 0.8549600376116596,
    "auc_pr": 0.9775626118992392,
    "confusion_matrix": [
      [
        11000,
        617
      ],
      [
        169,
        3637
      ]
    ],
    "class_order": [
      "0",
      "1"
    ]
  },
  "wall_seconds": 14.3
}