{
  "config": {
    "tool": "yatc",
    "regime": "embedding",
    "model": "xgb",
    "task": "binary",
    "split": "stratified",
    "seed": 4,
    "dataset": "dapt20",
    "n_features": 192,
    "extractor_family": "nfm",
    "cfg_name": "sample",
    "max_train": null
  },
  "config_hash": "a3570c68abe7c9f9",
  "git_commit": null,
  "n_train": 35987,
  "n_test": 15423,
  "metrics": {
    "macro_f1": 0.8945663065099059,
    "weighted_f1": 0.9212180882551962,
    "balanced_accuracy": 0.898512250628767,
    "per_class": {
      "0": {
        "precision": 0.9518428372739917,
        "recall": 0.9425841439270035,
        "f1-score": 0.9471908654469963,
        "support": 11617.0
      },
      "1": {
        "precision": 0.8298035213064557,
        "recall": 0.8544403573305307,
        "f1-score": 0.8419417475728155,
        "support": 3806.0
      }
    },
    "fpr": 0.05741585607299647,
    "attack_recall": 0.8544403573305307,
    "attack_precision": 0.8298035213064557,
    "auc_pr": 0.9459857739286704,
    "confusion_matrix": [
      [
        10950,
        667
      ],
      [
        554,
        3252
      ]
    ],
    "class_order": [
      "0",
      "1"
    ]
  },
  "wall_seconds": 5.1
}