{
  "config": {
    "tool": "yatc",
    "regime": "embedding",
    "model": "mlp",
    "task": "binary",
    "split": "stratified",
    "seed": 3,
    "dataset": "dapt20",
    "n_features": 192,
    "extractor_family": "nfm",
    "cfg_name": "sample",
    "max_train": null
  },
  "config_hash": "921f352b284b9077",
  "git_commit": null,
  "n_train": 35987,
  "n_test": 15423,
  "metrics": {
    "macro_f1": 0.9305042791784699,
    "weighted_f1": 0.94769959833957,
    "balanced_accuracy": 0.9410296469228441,
    "per_class": {
      "0": {
        "precision": 0.9761925756106163,
        "recall": 0.9529999139192563,
        "f1-score": 0.9644568342190086,
        "support": 11617.0
      },
      "1": {
        "precision": 0.8662420382165605,
        "recall": 0.929059379926432,
        "f1-score": 0.896551724137931,
        "support": 3806.0
      }
    },
    "fpr": 0.047000086080743735,
    "attack_recall": 0.929059379926432,
    "attack_precision": 0.8662420382165605,
    "auc_pr": 0.9758890514296213,
    "confusion_matrix": [
      [
        11071,
        546
      ],
      [
        270,
        3536
      ]
    ],
    "class_order": [
      "0",
      "1"
    ]
  },
  "wall_seconds": 8.8
}