{
  "config": {
    "tool": "yatc",
    "regime": "embedding",
    "model": "mlp",
    "task": "binary",
    "split": "temporal",
    "seed": 4,
    "dataset": "dapt20",
    "n_features": 192,
    "extractor_family": "nfm",
    "cfg_name": "sample",
    "max_train": null
  },
  "config_hash": "5871dc8eaa296952",
  "git_commit": null,
  "n_train": 36075,
  "n_test": 15335,
  "metrics": {
    "macro_f1": 0.5016687199044156,
    "weighted_f1": 0.8227030665469375,
    "balanced_accuracy": 0.5159772470625811,
    "per_class": {
      "0": {
        "precision": 0.8771270280965572,
        "recall": 0.992759032547029,
        "f1-score": 0.9313677428391344,
        "support": 13396.0
      },
      "1": {
        "precision": 0.4393063583815029,
        "recall": 0.039195461578133056,
        "f1-score": 0.07196969696969698,
        "support": 1939.0
      }
    },
    "fpr": 0.007240967452971036,
    "attack_recall": 0.039195461578133056,
    "attack_precision": 0.4393063583815029,
    "auc_pr": 0.22525699386492506,
    "confusion_matrix": [
      [
        13299,
        97
      ],
      [
        1863,
        76
      ]
    ],
    "class_order": [
      "0",
      "1"
    ]
  },
  "wall_seconds": 14.2
}