{
  "config": {
    "tool": "yatc",
    "regime": "embedding",
    "model": "mlp",
    "task": "multiclass",
    "split": "stratified",
    "seed": 2,
    "dataset": "dapt20",
    "n_features": 192,
    "extractor_family": "nfm",
    "cfg_name": "sample",
    "max_train": null
  },
  "config_hash": "5c91bc919346e726",
  "git_commit": null,
  "n_train": 35987,
  "n_test": 15423,
  "metrics": {
    "macro_f1": 0.6453455851167108,
    "weighted_f1": 0.942373074668717,
    "balanced_accuracy": 0.6283695586415675,
    "per_class": {
      "BENIGN": {
        "precision": 0.955070281124498,
        "recall": 0.9826116897649996,
        "f1-score": 0.9686452543595401,
        "support": 11617.0
      },
      "Data Exfiltration": {
        "precision": 0.0,
        "recall": 0.0,
        "f1-score": 0.0,
        "support": 1.0
      },
      "Establish Foothold": {
        "precision": 0.9924242424242424,
        "recall": 0.991672975018925,
        "f1-score": 0.9920484664899659,
        "support": 1321.0
      },
      "Lateral Movement": {
        "precision": 0.7639751552795031,
        "recall": 0.2117039586919105,
        "f1-score": 0.33153638814016173,
        "support": 581.0
      },
      "Reconnaissance": {
        "precision": 0.9140703517587939,
        "recall": 0.9558591697320021,
        "f1-score": 0.9344978165938864,
        "support": 1903.0
      }
    },
    "confusion_matrix": [
      [
        11415,
        0,
        6,
        35,
        161
      ],
      [
        0,
        0,
        0,
        0,
        1
      ],
      [
        6,
        0,
        1310,
        3,
        2
      ],
      [
        448,
        0,
        3,
        123,
        7
      ],
      [
        83,
        0,
        1,
        0,
        1819
      ]
    ],
    "class_order": [
      "BENIGN",
      "Data Exfiltration",
      "Establish Foothold",
      "Lateral Movement",
      "Reconnaissance"
    ]
  },
  "wall_seconds": 13.4
}