{
  "config": {
    "tool": "yatc",
    "regime": "embedding",
    "model": "logreg",
    "task": "binary",
    "split": "temporal",
    "seed": 4,
    "dataset": "dapt20",
    "n_features": 192,
    "extractor_family": "nfm",
    "cfg_name": "sample",
    "max_train": null
  },
  "config_hash": "df09b0d9b41598c0",
  "git_commit": null,
  "n_train": 36075,
  "n_test": 15335,
  "metrics": {
    "macro_f1": 0.5070019250073385,
    "weighted_f1": 0.8219344509661458,
    "balanced_accuracy": 0.5174428189058614,
    "per_class": {
      "0": {
        "precision": 0.877483223706066,
        "recall": 0.9858913108390565,
        "f1-score": 0.9285337645445917,
        "support": 13396.0
      },
      "1": {
        "precision": 0.3345070422535211,
        "recall": 0.04899432697266632,
        "f1-score": 0.08547008547008547,
        "support": 1939.0
      }
    },
    "fpr": 0.014108689160943565,
    "attack_recall": 0.04899432697266632,
    "attack_precision": 0.3345070422535211,
    "auc_pr": 0.2816709616327708,
    "confusion_matrix": [
      [
        13207,
        189
      ],
      [
        1844,
        95
      ]
    ],
    "class_order": [
      "0",
      "1"
    ]
  },
  "wall_seconds": 4.0
}