{
  "config": {
    "tool": "yatc",
    "regime": "embedding",
    "model": "logreg",
    "task": "binary",
    "split": "stratified",
    "seed": 1,
    "dataset": "dapt20",
    "n_features": 192,
    "extractor_family": "nfm",
    "cfg_name": "sample",
    "max_train": null
  },
  "config_hash": "dbe4f8c74a995a64",
  "git_commit": null,
  "n_train": 35987,
  "n_test": 15423,
  "metrics": {
    "macro_f1": 0.9099438726111723,
    "weighted_f1": 0.9305290124602217,
    "balanced_accuracy": 0.9410909619244923,
    "per_class": {
      "0": {
        "precision": 0.9881118231633695,
        "recall": 0.9158130326246019,
        "f1-score": 0.950589706933524,
        "support": 11617.0
      },
      "1": {
        "precision": 0.7899484536082474,
        "recall": 0.9663688912243825,
        "f1-score": 0.8692980382888206,
        "support": 3806.0
      }
    },
    "fpr": 0.08418696737539812,
    "attack_recall": 0.9663688912243825,
    "attack_precision": 0.7899484536082474,
    "auc_pr": 0.9556473685738235,
    "confusion_matrix": [
      [
        10639,
        978
      ],
      [
        128,
        3678
      ]
    ],
    "class_order": [
      "0",
      "1"
    ]
  },
  "wall_seconds": 4.6
}