{
  "config": {
    "tool": "argus",
    "regime": "common",
    "model": "rf",
    "task": "binary",
    "split": "temporal",
    "seed": 0,
    "include_port": false,
    "dataset": "dapt20",
    "n_features": 9,
    "subsample_benign": null,
    "max_train": 400000
  },
  "config_hash": "6f0f147b33c03ab2",
  "git_commit": null,
  "n_train": 33250,
  "n_test": 14148,
  "n_test_unseen_class": 0,
  "features": [
    "duration",
    "pkts_fwd",
    "pkts_bwd",
    "bytes_fwd",
    "bytes_bwd",
    "tot_pkts",
    "tot_bytes",
    "is_tcp",
    "is_udp"
  ],
  "metrics": {
    "macro_f1": 0.4869409512418216,
    "weighted_f1": 0.8071412556025841,
    "balanced_accuracy": 0.5095308413830001,
    "per_class": {
      "0": {
        "precision": 0.8669662600756116,
        "recall": 0.9934608468203368,
        "f1-score": 0.9259132289643088,
        "support": 12234.0
      },
      "1": {
        "precision": 0.3798449612403101,
        "recall": 0.025600835945663532,
        "f1-score": 0.047968673519334315,
        "support": 1914.0
      }
    },
    "fpr": 0.006539153179663234,
    "attack_recall": 0.025600835945663532,
    "attack_precision": 0.3798449612403101,
    "auc_pr": 0.2043875426051737,
    "confusion_matrix": [
      [
        12154,
        80
      ],
      [
        1865,
        49
      ]
    ],
    "class_order": [
      "0",
      "1"
    ]
  },
  "feature_importances": {
    "bytes_bwd": 0.2783473271902283,
    "duration": 0.2025779992990322,
    "bytes_fwd": 0.1803021353353996,
    "tot_bytes": 0.15136743020760693,
    "tot_pkts": 0.07679643051548665,
    "pkts_fwd": 0.0704664699316844,
    "pkts_bwd": 0.03451436629740094,
    "is_tcp": 0.0033282538782050874,
    "is_udp": 0.0022995873449558816
  },
  "wall_seconds": 1.2
}