{
  "config": {
    "tool": "argus",
    "regime": "common",
    "model": "rf",
    "task": "multiclass",
    "split": "stratified",
    "seed": 2,
    "include_port": false,
    "dataset": "dapt20",
    "n_features": 9,
    "subsample_benign": null,
    "max_train": 400000
  },
  "config_hash": "5e7318fda3a4c2d8",
  "git_commit": null,
  "n_train": 33178,
  "n_test": 14220,
  "n_test_unseen_class": 0,
  "features": [
    "duration",
    "pkts_fwd",
    "pkts_bwd",
    "bytes_fwd",
    "bytes_bwd",
    "tot_pkts",
    "tot_bytes",
    "is_tcp",
    "is_udp"
  ],
  "metrics": {
    "macro_f1": 0.8367143295899137,
    "weighted_f1": 0.917084217532895,
    "balanced_accuracy": 0.9182306962726161,
    "per_class": {
      "BENIGN": {
        "precision": 0.972646573080099,
        "recall": 0.9034515819750719,
        "f1-score": 0.93677303906949,
        "support": 10430.0
      },
      "Establish Foothold": {
        "precision": 0.9768160741885626,
        "recall": 0.9634146341463414,
        "f1-score": 0.9700690713737529,
        "support": 1312.0
      },
      "Lateral Movement": {
        "precision": 0.40167046317388005,
        "recall": 0.921602787456446,
        "f1-score": 0.5594923320994183,
        "support": 574.0
      },
      "Reconnaissance": {
        "precision": 0.8766267568974493,
        "recall": 0.884453781512605,
        "f1-score": 0.8805228758169935,
        "support": 1904.0
      }
    },
    "confusion_matrix": [
      [
        9423,
        13,
        774,
        220
      ],
      [
        27,
        1264,
        10,
        11
      ],
      [
        35,
        4,
        529,
        6
      ],
      [
        203,
        13,
        4,
        1684
      ]
    ],
    "class_order": [
      "BENIGN",
      "Establish Foothold",
      "Lateral Movement",
      "Reconnaissance"
    ]
  },
  "feature_importances": {
    "bytes_bwd": 0.23493569522733496,
    "tot_bytes": 0.21791604502599213,
    "bytes_fwd": 0.15176242367074114,
    "duration": 0.1194739722337526,
    "is_tcp": 0.07032358657877003,
    "pkts_fwd": 0.06199886353091996,
    "tot_pkts": 0.05526303238142008,
    "is_udp": 0.04757241056473661,
    "pkts_bwd": 0.0407539707863325
  },
  "wall_seconds": 1.2
}