{
  "config": {
    "tool": "cicflowmeter-orig",
    "regime": "common",
    "model": "rf",
    "task": "multiclass",
    "split": "stratified",
    "seed": 2,
    "include_port": false,
    "dataset": "dapt20",
    "n_features": 9,
    "subsample_benign": null,
    "max_train": 400000
  },
  "config_hash": "88f30b086edb384a",
  "git_commit": null,
  "n_train": 57220,
  "n_test": 24524,
  "n_test_unseen_class": 0,
  "features": [
    "duration",
    "pkts_fwd",
    "pkts_bwd",
    "bytes_fwd",
    "bytes_bwd",
    "tot_pkts",
    "tot_bytes",
    "is_tcp",
    "is_udp"
  ],
  "metrics": {
    "macro_f1": 0.5567705467330657,
    "weighted_f1": 0.8548427663201004,
    "balanced_accuracy": 0.6494122877204733,
    "per_class": {
      "BENIGN": {
        "precision": 0.9731667214731996,
        "recall": 0.8311053695798697,
        "f1-score": 0.896543366960526,
        "support": 17804.0
      },
      "Data Exfiltration": {
        "precision": 0.0,
        "recall": 0.0,
        "f1-score": 0.0,
        "support": 1.0
      },
      "Establish Foothold": {
        "precision": 0.7868504772004242,
        "recall": 0.8614551083591331,
        "f1-score": 0.8224644374653611,
        "support": 2584.0
      },
      "Lateral Movement": {
        "precision": 0.1695205479452055,
        "recall": 0.8193103448275862,
        "f1-score": 0.28091747458027905,
        "support": 725.0
      },
      "Reconnaissance": {
        "precision": 0.8395847287340924,
        "recall": 0.7351906158357772,
        "f1-score": 0.783927454659162,
        "support": 3410.0
      }
    },
    "confusion_matrix": [
      [
        14797,
        0,
        145,
        2408,
        454
      ],
      [
        0,
        0,
        0,
        1,
        0
      ],
      [
        34,
        0,
        2226,
        307,
        17
      ],
      [
        62,
        0,
        61,
        594,
        8
      ],
      [
        312,
        0,
        397,
        194,
        2507
      ]
    ],
    "class_order": [
      "BENIGN",
      "Data Exfiltration",
      "Establish Foothold",
      "Lateral Movement",
      "Reconnaissance"
    ]
  },
  "feature_importances": {
    "duration": 0.18465169486090643,
    "pkts_fwd": 0.15568364088917477,
    "tot_pkts": 0.15177498363079636,
    "bytes_bwd": 0.11591255797401653,
    "tot_bytes": 0.10773855697483922,
    "is_tcp": 0.10195171560876952,
    "bytes_fwd": 0.0797102359014449,
    "is_udp": 0.0593892604730494,
    "pkts_bwd": 0.04318735368700292
  },
  "wall_seconds": 1.7
}