{
  "config": {
    "tool": "cicflowmeter-orig",
    "regime": "common",
    "model": "xgb",
    "task": "multiclass",
    "split": "stratified",
    "seed": 1,
    "include_port": false,
    "dataset": "dapt20",
    "n_features": 9,
    "subsample_benign": null,
    "max_train": 400000
  },
  "config_hash": "4ec34efdfdcd3352",
  "git_commit": null,
  "n_train": 57220,
  "n_test": 24524,
  "n_test_unseen_class": 0,
  "features": [
    "duration",
    "pkts_fwd",
    "pkts_bwd",
    "bytes_fwd",
    "bytes_bwd",
    "tot_pkts",
    "tot_bytes",
    "is_tcp",
    "is_udp"
  ],
  "metrics": {
    "macro_f1": 0.6094464380875186,
    "weighted_f1": 0.9127558433687477,
    "balanced_accuracy": 0.6049312007336095,
    "per_class": {
      "BENIGN": {
        "precision": 0.9599003171726326,
        "recall": 0.9519209166479443,
        "f1-score": 0.9558939650310209,
        "support": 17804.0
      },
      "Data Exfiltration": {
        "precision": 0.0,
        "recall": 0.0,
        "f1-score": 0.0,
        "support": 1.0
      },
      "Establish Foothold": {
        "precision": 0.8377037562012757,
        "recall": 0.9148606811145511,
        "f1-score": 0.8745837957824639,
        "support": 2584.0
      },
      "Lateral Movement": {
        "precision": 0.5491183879093199,
        "recall": 0.3006896551724138,
        "f1-score": 0.38859180035650626,
        "support": 725.0
      },
      "Reconnaissance": {
        "precision": 0.8010413812003289,
        "recall": 0.8571847507331378,
        "f1-score": 0.8281626292676016,
        "support": 3410.0
      }
    },
    "confusion_matrix": [
      [
        16948,
        0,
        130,
        175,
        551
      ],
      [
        1,
        0,
        0,
        0,
        0
      ],
      [
        76,
        0,
        2364,
        2,
        142
      ],
      [
        347,
        0,
        127,
        218,
        33
      ],
      [
        284,
        0,
        201,
        2,
        2923
      ]
    ],
    "class_order": [
      "BENIGN",
      "Data Exfiltration",
      "Establish Foothold",
      "Lateral Movement",
      "Reconnaissance"
    ]
  },
  "feature_importances": {
    "is_tcp": 0.7046970129013062,
    "is_udp": 0.16336585581302643,
    "bytes_bwd": 0.03808820620179176,
    "tot_pkts": 0.0320572592318058,
    "duration": 0.01611483097076416,
    "tot_bytes": 0.013767196796834469,
    "pkts_fwd": 0.011652474291622639,
    "bytes_fwd": 0.010565399192273617,
    "pkts_bwd": 0.009691798128187656
  },
  "wall_seconds": 2.8
}