{
  "config": {
    "tool": "cicflowmeter-fixed",
    "regime": "common",
    "model": "xgb",
    "task": "binary",
    "split": "temporal",
    "seed": 1,
    "include_port": false,
    "dataset": "dapt20",
    "n_features": 9,
    "subsample_benign": null,
    "max_train": 400000
  },
  "config_hash": "38d6b60c4505aeb3",
  "git_commit": null,
  "n_train": 41664,
  "n_test": 16671,
  "n_test_unseen_class": 0,
  "features": [
    "duration",
    "pkts_fwd",
    "pkts_bwd",
    "bytes_fwd",
    "bytes_bwd",
    "tot_pkts",
    "tot_bytes",
    "is_tcp",
    "is_udp"
  ],
  "metrics": {
    "macro_f1": 0.4789141265800753,
    "weighted_f1": 0.9112577101339332,
    "balanced_accuracy": 0.766209278880654,
    "per_class": {
      "0": {
        "precision": 0.998149992884588,
        "recall": 0.8456715698095009,
        "f1-score": 0.9156060309379284,
        "support": 16588.0
      },
      "1": {
        "precision": 0.021780664883454336,
        "recall": 0.6867469879518072,
        "f1-score": 0.042222222222222223,
        "support": 83.0
      }
    },
    "fpr": 0.15432843019049916,
    "attack_recall": 0.6867469879518072,
    "attack_precision": 0.021780664883454336,
    "auc_pr": 0.25397006221149065,
    "confusion_matrix": [
      [
        14028,
        2560
      ],
      [
        26,
        57
      ]
    ],
    "class_order": [
      "0",
      "1"
    ]
  },
  "feature_importances": {
    "is_tcp": 0.42404791712760925,
    "bytes_bwd": 0.20232340693473816,
    "is_udp": 0.09965235739946365,
    "pkts_bwd": 0.0734344944357872,
    "pkts_fwd": 0.0712340772151947,
    "duration": 0.06578471511602402,
    "tot_pkts": 0.027069536969065666,
    "bytes_fwd": 0.023078395053744316,
    "tot_bytes": 0.013375043869018555
  },
  "wall_seconds": 0.6
}