{
  "config": {
    "tool": "cicflowmeter-fixed",
    "regime": "common",
    "model": "xgb",
    "task": "multiclass",
    "split": "stratified",
    "seed": 0,
    "include_port": false,
    "dataset": "dapt20",
    "n_features": 9,
    "subsample_benign": null,
    "max_train": 400000
  },
  "config_hash": "899fc7d7287bc9ac",
  "git_commit": null,
  "n_train": 40834,
  "n_test": 17501,
  "n_test_unseen_class": 0,
  "features": [
    "duration",
    "pkts_fwd",
    "pkts_bwd",
    "bytes_fwd",
    "bytes_bwd",
    "tot_pkts",
    "tot_bytes",
    "is_tcp",
    "is_udp"
  ],
  "metrics": {
    "macro_f1": 0.7319593171004874,
    "weighted_f1": 0.9672990353285127,
    "balanced_accuracy": 0.7233745760783584,
    "per_class": {
      "BENIGN": {
        "precision": 0.982076333731637,
        "recall": 0.9818002951303493,
        "f1-score": 0.9819382950312742,
        "support": 14231.0
      },
      "Establish Foothold": {
        "precision": 0.9640397857689365,
        "recall": 0.9388971684053651,
        "f1-score": 0.9513023782559457,
        "support": 1342.0
      },
      "Lateral Movement": {
        "precision": 0.2,
        "recall": 0.08,
        "f1-score": 0.11428571428571428,
        "support": 25.0
      },
      "Reconnaissance": {
        "precision": 0.8681655595298927,
        "recall": 0.8928008407777194,
        "f1-score": 0.8803108808290155,
        "support": 1903.0
      }
    },
    "confusion_matrix": [
      [
        13972,
        18,
        7,
        234
      ],
      [
        59,
        1260,
        0,
        23
      ],
      [
        10,
        12,
        2,
        1
      ],
      [
        186,
        17,
        1,
        1699
      ]
    ],
    "class_order": [
      "BENIGN",
      "Establish Foothold",
      "Lateral Movement",
      "Reconnaissance"
    ]
  },
  "feature_importances": {
    "is_tcp": 0.25064361095428467,
    "bytes_bwd": 0.24133427441120148,
    "is_udp": 0.17566539347171783,
    "pkts_fwd": 0.11919286102056503,
    "tot_pkts": 0.05008165165781975,
    "duration": 0.044714584946632385,
    "pkts_bwd": 0.043976034969091415,
    "tot_bytes": 0.04028179123997688,
    "bytes_fwd": 0.03410980850458145
  },
  "wall_seconds": 1.9
}