{
  "config": {
    "tool": "cicflowmeter-orig",
    "regime": "common",
    "model": "rf",
    "task": "binary",
    "split": "temporal",
    "seed": 0,
    "include_port": false,
    "dataset": "dapt20",
    "n_features": 9,
    "subsample_benign": null,
    "max_train": 400000
  },
  "config_hash": "ca64cd2ee665b2be",
  "git_commit": null,
  "n_train": 58651,
  "n_test": 23093,
  "n_test_unseen_class": 0,
  "features": [
    "duration",
    "pkts_fwd",
    "pkts_bwd",
    "bytes_fwd",
    "bytes_bwd",
    "tot_pkts",
    "tot_bytes",
    "is_tcp",
    "is_udp"
  ],
  "metrics": {
    "macro_f1": 0.5452214301690401,
    "weighted_f1": 0.8569903374501012,
    "balanced_accuracy": 0.5377383983500658,
    "per_class": {
      "0": {
        "precision": 0.902490088645374,
        "recall": 0.9800222512455861,
        "f1-score": 0.9396595705208478,
        "support": 20673.0
      },
      "1": {
        "precision": 0.358695652173913,
        "recall": 0.09545454545454546,
        "f1-score": 0.15078328981723238,
        "support": 2420.0
      }
    },
    "fpr": 0.01997774875441397,
    "attack_recall": 0.09545454545454546,
    "attack_precision": 0.358695652173913,
    "auc_pr": 0.45705678948835804,
    "confusion_matrix": [
      [
        20260,
        413
      ],
      [
        2189,
        231
      ]
    ],
    "class_order": [
      "0",
      "1"
    ]
  },
  "feature_importances": {
    "duration": 0.27520569734112804,
    "is_tcp": 0.17505603954004828,
    "is_udp": 0.10528582374052571,
    "tot_pkts": 0.09879214176401475,
    "pkts_fwd": 0.07383561424199185,
    "bytes_fwd": 0.07271305260418591,
    "bytes_bwd": 0.069637228925395,
    "pkts_bwd": 0.06545830221531601,
    "tot_bytes": 0.06401609962739459
  },
  "wall_seconds": 1.7
}