{
  "config": {
    "tool": "go-flows",
    "regime": "common",
    "model": "rf",
    "task": "binary",
    "split": "temporal",
    "seed": 1,
    "include_port": false,
    "dataset": "dapt20",
    "n_features": 9,
    "subsample_benign": null,
    "max_train": 400000
  },
  "config_hash": "50ac852c52b010e3",
  "git_commit": null,
  "n_train": 41853,
  "n_test": 16605,
  "n_test_unseen_class": 0,
  "features": [
    "duration",
    "pkts_fwd",
    "pkts_bwd",
    "bytes_fwd",
    "bytes_bwd",
    "tot_pkts",
    "tot_bytes",
    "is_tcp",
    "is_udp"
  ],
  "metrics": {
    "macro_f1": 0.5036271563521542,
    "weighted_f1": 0.8250445638028522,
    "balanced_accuracy": 0.5118706151989667,
    "per_class": {
      "0": {
        "precision": 0.8832112256301999,
        "recall": 0.9727826027490939,
        "f1-score": 0.9258355299554167,
        "support": 14623.0
      },
      "1": {
        "precision": 0.20240480961923848,
        "recall": 0.05095862764883956,
        "f1-score": 0.08141878274889158,
        "support": 1982.0
      }
    },
    "fpr": 0.027217397250906106,
    "attack_recall": 0.05095862764883956,
    "attack_precision": 0.20240480961923848,
    "auc_pr": 0.3126809941746118,
    "confusion_matrix": [
      [
        14225,
        398
      ],
      [
        1881,
        101
      ]
    ],
    "class_order": [
      "0",
      "1"
    ]
  },
  "feature_importances": {
    "bytes_bwd": 0.21624852302817943,
    "pkts_bwd": 0.19669596461369512,
    "duration": 0.1866911159605805,
    "tot_pkts": 0.13001278130886715,
    "bytes_fwd": 0.09324687932001971,
    "tot_bytes": 0.08892021373351805,
    "pkts_fwd": 0.08818452203514006
  },
  "wall_seconds": 1.3
}