{
  "config": {
    "tool": "go-flows",
    "regime": "common",
    "model": "xgb",
    "task": "multiclass",
    "split": "stratified",
    "seed": 2,
    "include_port": false,
    "dataset": "dapt20",
    "n_features": 9,
    "subsample_benign": null,
    "max_train": 400000
  },
  "config_hash": "000c4de4dae38db2",
  "git_commit": null,
  "n_train": 40920,
  "n_test": 17538,
  "n_test_unseen_class": 0,
  "features": [
    "duration",
    "pkts_fwd",
    "pkts_bwd",
    "bytes_fwd",
    "bytes_bwd",
    "tot_pkts",
    "tot_bytes",
    "is_tcp",
    "is_udp"
  ],
  "metrics": {
    "macro_f1": 0.5447006011511866,
    "weighted_f1": 0.8913223245502284,
    "balanced_accuracy": 0.5492116397774562,
    "per_class": {
      "BENIGN": {
        "precision": 0.9331111111111111,
        "recall": 0.9575098814229249,
        "f1-score": 0.9451530612244898,
        "support": 13156.0
      },
      "Data Exfiltration": {
        "precision": 0.0,
        "recall": 0.0,
        "f1-score": 0.0,
        "support": 1.0
      },
      "Establish Foothold": {
        "precision": 0.7549603174603174,
        "recall": 0.9518449030644153,
        "f1-score": 0.8420470262793914,
        "support": 1599.0
      },
      "Lateral Movement": {
        "precision": 0.5,
        "recall": 0.0707070707070707,
        "f1-score": 0.12389380530973451,
        "support": 594.0
      },
      "Reconnaissance": {
        "precision": 0.8648090815273478,
        "recall": 0.7659963436928702,
        "f1-score": 0.812409112942317,
        "support": 2188.0
      }
    },
    "confusion_matrix": [
      [
        12597,
        0,
        262,
        41,
        256
      ],
      [
        1,
        0,
        0,
        0,
        0
      ],
      [
        70,
        0,
        1522,
        1,
        6
      ],
      [
        533,
        0,
        19,
        42,
        0
      ],
      [
        299,
        0,
        213,
        0,
        1676
      ]
    ],
    "class_order": [
      "BENIGN",
      "Data Exfiltration",
      "Establish Foothold",
      "Lateral Movement",
      "Reconnaissance"
    ]
  },
  "feature_importances": {
    "tot_bytes": 0.44194087386131287,
    "tot_pkts": 0.3641605079174042,
    "bytes_bwd": 0.06399936228990555,
    "pkts_bwd": 0.05545864626765251,
    "bytes_fwd": 0.033265262842178345,
    "pkts_fwd": 0.024034038186073303,
    "duration": 0.017141303047537804
  },
  "wall_seconds": 2.3
}