{
  "config": {
    "tool": "nfstream",
    "regime": "common",
    "model": "xgb",
    "task": "binary",
    "split": "temporal",
    "seed": 2,
    "include_port": false,
    "dataset": "dapt20",
    "n_features": 9,
    "subsample_benign": null,
    "max_train": 400000
  },
  "config_hash": "d55ae3a8230b5ef1",
  "git_commit": null,
  "n_train": 36074,
  "n_test": 15330,
  "n_test_unseen_class": 0,
  "features": [
    "duration",
    "pkts_fwd",
    "pkts_bwd",
    "bytes_fwd",
    "bytes_bwd",
    "tot_pkts",
    "tot_bytes",
    "is_tcp",
    "is_udp"
  ],
  "metrics": {
    "macro_f1": 0.49262006797933766,
    "weighted_f1": 0.8206068535904328,
    "balanced_accuracy": 0.5112678528804999,
    "per_class": {
      "0": {
        "precision": 0.8763497498024756,
        "recall": 0.9935801731860257,
        "f1-score": 0.931290232297789,
        "support": 13396.0
      },
      "1": {
        "precision": 0.39436619718309857,
        "recall": 0.028955532574974147,
        "f1-score": 0.05394990366088632,
        "support": 1934.0
      }
    },
    "fpr": 0.006419826813974321,
    "attack_recall": 0.028955532574974147,
    "attack_precision": 0.39436619718309857,
    "auc_pr": 0.2674857767237455,
    "confusion_matrix": [
      [
        13310,
        86
      ],
      [
        1878,
        56
      ]
    ],
    "class_order": [
      "0",
      "1"
    ]
  },
  "feature_importances": {
    "bytes_bwd": 0.3051179051399231,
    "is_tcp": 0.20861132442951202,
    "tot_pkts": 0.12588730454444885,
    "tot_bytes": 0.09080681204795837,
    "duration": 0.09016008675098419,
    "pkts_bwd": 0.07340109348297119,
    "is_udp": 0.05916208028793335,
    "pkts_fwd": 0.028515394777059555,
    "bytes_fwd": 0.018338030204176903
  },
  "wall_seconds": 19.9
}