{
  "config": {
    "tool": "nfstream",
    "regime": "common",
    "model": "xgb",
    "task": "multiclass",
    "split": "stratified",
    "seed": 2,
    "include_port": false,
    "dataset": "dapt20",
    "n_features": 9,
    "subsample_benign": null,
    "max_train": 400000
  },
  "config_hash": "08017f19d1e96f8f",
  "git_commit": null,
  "n_train": 35982,
  "n_test": 15422,
  "n_test_unseen_class": 0,
  "features": [
    "duration",
    "pkts_fwd",
    "pkts_bwd",
    "bytes_fwd",
    "bytes_bwd",
    "tot_pkts",
    "tot_bytes",
    "is_tcp",
    "is_udp"
  ],
  "metrics": {
    "macro_f1": 0.5893969295952508,
    "weighted_f1": 0.9180252758816636,
    "balanced_accuracy": 0.5852352875146904,
    "per_class": {
      "BENIGN": {
        "precision": 0.9409803267755918,
        "recall": 0.9715957996212773,
        "f1-score": 0.9560430253239603,
        "support": 11618.0
      },
      "Data Exfiltration": {
        "precision": 0.0,
        "recall": 0.0,
        "f1-score": 0.0,
        "support": 1.0
      },
      "Establish Foothold": {
        "precision": 0.9732006125574273,
        "recall": 0.9628787878787879,
        "f1-score": 0.968012185833968,
        "support": 1320.0
      },
      "Lateral Movement": {
        "precision": 0.34814814814814815,
        "recall": 0.08103448275862069,
        "f1-score": 0.13146853146853146,
        "support": 580.0
      },
      "Reconnaissance": {
        "precision": 0.8730478589420655,
        "recall": 0.9106673673147662,
        "f1-score": 0.8914609053497943,
        "support": 1903.0
      }
    },
    "confusion_matrix": [
      [
        11288,
        0,
        13,
        86,
        231
      ],
      [
        1,
        0,
        0,
        0,
        0
      ],
      [
        28,
        0,
        1271,
        1,
        20
      ],
      [
        525,
        0,
        7,
        47,
        1
      ],
      [
        154,
        0,
        15,
        1,
        1733
      ]
    ],
    "class_order": [
      "BENIGN",
      "Data Exfiltration",
      "Establish Foothold",
      "Lateral Movement",
      "Reconnaissance"
    ]
  },
  "feature_importances": {
    "is_tcp": 0.45233967900276184,
    "is_udp": 0.28023314476013184,
    "bytes_bwd": 0.11195690929889679,
    "pkts_bwd": 0.050402138382196426,
    "tot_bytes": 0.027319228276610374,
    "duration": 0.024189816787838936,
    "bytes_fwd": 0.022108690813183784,
    "tot_pkts": 0.021170523017644882,
    "pkts_fwd": 0.010279866866767406
  },
  "wall_seconds": 2.4
}