{
  "config": {
    "tool": "tranalyzer",
    "regime": "common",
    "model": "xgb",
    "task": "multiclass",
    "split": "stratified",
    "seed": 0,
    "include_port": false,
    "dataset": "dapt20",
    "n_features": 9,
    "subsample_benign": null,
    "max_train": 400000
  },
  "config_hash": "31783a53940fcc87",
  "git_commit": null,
  "n_train": 35724,
  "n_test": 15311,
  "n_test_unseen_class": 0,
  "features": [
    "duration",
    "pkts_fwd",
    "pkts_bwd",
    "bytes_fwd",
    "bytes_bwd",
    "tot_pkts",
    "tot_bytes",
    "is_tcp",
    "is_udp"
  ],
  "metrics": {
    "macro_f1": 0.7360263721235093,
    "weighted_f1": 0.9152964903646326,
    "balanced_accuracy": 0.7287268368794161,
    "per_class": {
      "BENIGN": {
        "precision": 0.9382892742886008,
        "recall": 0.9694676409185804,
        "f1-score": 0.9536236844356978,
        "support": 11496.0
      },
      "Establish Foothold": {
        "precision": 0.9606358819076457,
        "recall": 0.9512743628185907,
        "f1-score": 0.9559322033898305,
        "support": 1334.0
      },
      "Lateral Movement": {
        "precision": 0.35570469798657717,
        "recall": 0.09185441941074524,
        "f1-score": 0.14600550964187328,
        "support": 577.0
      },
      "Reconnaissance": {
        "precision": 0.8751910341314315,
        "recall": 0.9023109243697479,
        "f1-score": 0.8885440910266357,
        "support": 1904.0
      }
    },
    "confusion_matrix": [
      [
        11145,
        21,
        93,
        237
      ],
      [
        62,
        1269,
        0,
        3
      ],
      [
        502,
        17,
        53,
        5
      ],
      [
        169,
        14,
        3,
        1718
      ]
    ],
    "class_order": [
      "BENIGN",
      "Establish Foothold",
      "Lateral Movement",
      "Reconnaissance"
    ]
  },
  "feature_importances": {
    "is_tcp": 0.4667969048023224,
    "is_udp": 0.33070334792137146,
    "bytes_fwd": 0.06710395961999893,
    "bytes_bwd": 0.049794286489486694,
    "tot_bytes": 0.03453878313302994,
    "pkts_bwd": 0.014840376563370228,
    "tot_pkts": 0.014531767927110195,
    "duration": 0.013543030247092247,
    "pkts_fwd": 0.008147596381604671
  },
  "wall_seconds": 1.8
}