{
  "config": {
    "tool": "tranalyzer",
    "regime": "common",
    "model": "xgb",
    "task": "binary",
    "split": "temporal",
    "seed": 1,
    "include_port": false,
    "dataset": "dapt20",
    "n_features": 9,
    "subsample_benign": null,
    "max_train": 400000
  },
  "config_hash": "5001e1db2990f3e6",
  "git_commit": null,
  "n_train": 35594,
  "n_test": 15441,
  "n_test_unseen_class": 0,
  "features": [
    "duration",
    "pkts_fwd",
    "pkts_bwd",
    "bytes_fwd",
    "bytes_bwd",
    "tot_pkts",
    "tot_bytes",
    "is_tcp",
    "is_udp"
  ],
  "metrics": {
    "macro_f1": 0.49446629646994267,
    "weighted_f1": 0.822955902001295,
    "balanced_accuracy": 0.5119582947387031,
    "per_class": {
      "0": {
        "precision": 0.8779674318226408,
        "recall": 0.9932672388280557,
        "f1-score": 0.9320651230603673,
        "support": 13516.0
      },
      "1": {
        "precision": 0.3933333333333333,
        "recall": 0.03064935064935065,
        "f1-score": 0.05686746987951807,
        "support": 1925.0
      }
    },
    "fpr": 0.006732761171944362,
    "attack_recall": 0.03064935064935065,
    "attack_precision": 0.3933333333333333,
    "auc_pr": 0.32381840551144814,
    "confusion_matrix": [
      [
        13425,
        91
      ],
      [
        1866,
        59
      ]
    ],
    "class_order": [
      "0",
      "1"
    ]
  },
  "feature_importances": {
    "is_tcp": 0.5075381994247437,
    "bytes_bwd": 0.232400044798851,
    "bytes_fwd": 0.06522257626056671,
    "duration": 0.05552806332707405,
    "is_udp": 0.0493750125169754,
    "tot_pkts": 0.03194917365908623,
    "pkts_fwd": 0.022891448810696602,
    "pkts_bwd": 0.019124096259474754,
    "tot_bytes": 0.01597142405807972
  },
  "wall_seconds": 0.5
}