{
  "config": {
    "tool": "yaf",
    "regime": "common",
    "model": "xgb",
    "task": "multiclass",
    "split": "stratified",
    "seed": 1,
    "include_port": false,
    "dataset": "dapt20",
    "n_features": 9,
    "subsample_benign": null,
    "max_train": 400000
  },
  "config_hash": "f0280db2ece9b42c",
  "git_commit": null,
  "n_train": 40406,
  "n_test": 17317,
  "n_test_unseen_class": 0,
  "features": [
    "duration",
    "pkts_fwd",
    "pkts_bwd",
    "bytes_fwd",
    "bytes_bwd",
    "tot_pkts",
    "tot_bytes",
    "is_tcp",
    "is_udp"
  ],
  "metrics": {
    "macro_f1": 0.567875438090639,
    "weighted_f1": 0.8975896609694279,
    "balanced_accuracy": 0.5667207276671118,
    "per_class": {
      "BENIGN": {
        "precision": 0.9381967088799575,
        "recall": 0.9563268145628817,
        "f1-score": 0.9471750114836932,
        "support": 12937.0
      },
      "Data Exfiltration": {
        "precision": 0.0,
        "recall": 0.0,
        "f1-score": 0.0,
        "support": 1.0
      },
      "Establish Foothold": {
        "precision": 0.765295887662989,
        "recall": 0.9543464665415885,
        "f1-score": 0.8494294461452825,
        "support": 1599.0
      },
      "Lateral Movement": {
        "precision": 0.5510204081632653,
        "recall": 0.13682432432432431,
        "f1-score": 0.21921515561569688,
        "support": 592.0
      },
      "Reconnaissance": {
        "precision": 0.864756158873806,
        "recall": 0.7861060329067642,
        "f1-score": 0.8235575772085229,
        "support": 2188.0
      }
    },
    "confusion_matrix": [
      [
        12372,
        0,
        248,
        58,
        259
      ],
      [
        1,
        0,
        0,
        0,
        0
      ],
      [
        63,
        0,
        1526,
        3,
        7
      ],
      [
        491,
        0,
        17,
        81,
        3
      ],
      [
        260,
        0,
        203,
        5,
        1720
      ]
    ],
    "class_order": [
      "BENIGN",
      "Data Exfiltration",
      "Establish Foothold",
      "Lateral Movement",
      "Reconnaissance"
    ]
  },
  "feature_importances": {
    "is_tcp": 0.43320056796073914,
    "is_udp": 0.29223987460136414,
    "bytes_bwd": 0.10240041464567184,
    "pkts_bwd": 0.057582270354032516,
    "tot_bytes": 0.03976341336965561,
    "bytes_fwd": 0.029979750514030457,
    "duration": 0.01925664208829403,
    "tot_pkts": 0.015147486701607704,
    "pkts_fwd": 0.01042957603931427
  },
  "wall_seconds": 2.3
}