{
  "config": {
    "tool": "yaf",
    "regime": "common",
    "model": "rf",
    "task": "binary",
    "split": "temporal",
    "seed": 0,
    "include_port": false,
    "dataset": "dapt20",
    "n_features": 9,
    "subsample_benign": null,
    "max_train": 400000
  },
  "config_hash": "ce3a73020023ced4",
  "git_commit": null,
  "n_train": 41212,
  "n_test": 16511,
  "n_test_unseen_class": 0,
  "features": [
    "duration",
    "pkts_fwd",
    "pkts_bwd",
    "bytes_fwd",
    "bytes_bwd",
    "tot_pkts",
    "tot_bytes",
    "is_tcp",
    "is_udp"
  ],
  "metrics": {
    "macro_f1": 0.5032718493397736,
    "weighted_f1": 0.8252342185634116,
    "balanced_accuracy": 0.5119589679941182,
    "per_class": {
      "0": {
        "precision": 0.8830351019390237,
        "recall": 0.9742725459173145,
        "f1-score": 0.9264128728414442,
        "support": 14537.0
      },
      "1": {
        "precision": 0.2076271186440678,
        "recall": 0.04964539007092199,
        "f1-score": 0.08013082583810302,
        "support": 1974.0
      }
    },
    "fpr": 0.02572745408268556,
    "attack_recall": 0.04964539007092199,
    "attack_precision": 0.2076271186440678,
    "auc_pr": 0.2907751625622705,
    "confusion_matrix": [
      [
        14163,
        374
      ],
      [
        1876,
        98
      ]
    ],
    "class_order": [
      "0",
      "1"
    ]
  },
  "feature_importances": {
    "bytes_bwd": 0.2545695855145626,
    "duration": 0.17140582943633811,
    "tot_bytes": 0.13794601490453834,
    "bytes_fwd": 0.1153760389259541,
    "is_tcp": 0.10498869488669732,
    "pkts_bwd": 0.07588275784591485,
    "is_udp": 0.06457528039292339,
    "tot_pkts": 0.04559327054168082,
    "pkts_fwd": 0.029662527551390323
  },
  "wall_seconds": 1.3
}