{
  "config": {
    "tool": "zeek",
    "regime": "common",
    "model": "xgb",
    "task": "multiclass",
    "split": "stratified",
    "seed": 2,
    "include_port": false,
    "dataset": "dapt20",
    "n_features": 9,
    "subsample_benign": null,
    "max_train": 400000
  },
  "config_hash": "d1a6abb5c5a5e4de",
  "git_commit": null,
  "n_train": 37333,
  "n_test": 16001,
  "n_test_unseen_class": 0,
  "features": [
    "duration",
    "pkts_fwd",
    "pkts_bwd",
    "bytes_fwd",
    "bytes_bwd",
    "tot_pkts",
    "tot_bytes",
    "is_tcp",
    "is_udp"
  ],
  "metrics": {
    "macro_f1": 0.8195258351566088,
    "weighted_f1": 0.9355013874806837,
    "balanced_accuracy": 0.8036178053514811,
    "per_class": {
      "BENIGN": {
        "precision": 0.9560136341503003,
        "recall": 0.9673975527634064,
        "f1-score": 0.9616719049757133,
        "support": 12177.0
      },
      "Establish Foothold": {
        "precision": 0.9743396226415094,
        "recall": 0.9619970193740686,
        "f1-score": 0.9681289838770154,
        "support": 1342.0
      },
      "Lateral Movement": {
        "precision": 0.5844504021447721,
        "recall": 0.3765112262521589,
        "f1-score": 0.4579831932773109,
        "support": 579.0
      },
      "Reconnaissance": {
        "precision": 0.872791519434629,
        "recall": 0.9085654230162901,
        "f1-score": 0.8903192584963955,
        "support": 1903.0
      }
    },
    "confusion_matrix": [
      [
        11780,
        13,
        151,
        233
      ],
      [
        36,
        1291,
        2,
        13
      ],
      [
        347,
        8,
        218,
        6
      ],
      [
        159,
        13,
        2,
        1729
      ]
    ],
    "class_order": [
      "BENIGN",
      "Establish Foothold",
      "Lateral Movement",
      "Reconnaissance"
    ]
  },
  "feature_importances": {
    "is_tcp": 0.40787258744239807,
    "is_udp": 0.2511137127876282,
    "bytes_fwd": 0.10199709981679916,
    "bytes_bwd": 0.07075674831867218,
    "tot_bytes": 0.05079143866896629,
    "pkts_fwd": 0.0425119623541832,
    "pkts_bwd": 0.027061736211180687,
    "duration": 0.026660453528165817,
    "tot_pkts": 0.021234391257166862
  },
  "wall_seconds": 1.8
}